latitude,longitude,station,year,month,day,water_level_m_asl,water_temp_C
53.3686185504856,18.4165402756427,Chelmno,2000,5,1,23.04,19.9
53.3686185504856,18.4165402756427,Chelmno,2000,5,2,23.02,18.9
53.3686185504856,18.4165402756427,Chelmno,2000,5,3,23.2,18.3
53.3686185504856,18.4165402756427,Chelmno,2000,5,4,22.94,17.9
53.3686185504856,18.4165402756427,Chelmno,2000,5,5,22.82,17.9
53.3686185504856,18.4165402756427,Chelmno,2000,5,6,22.84,17.9
53.3686185504856,18.4165402756427,Chelmno,2000,5,7,22.66,17.9
53.3686185504856,18.4165402756427,Chelmno,2000,5,8,22.44,17.9
53.3686185504856,18.4165402756427,Chelmno,2000,5,9,22.38,17.9
53.3686185504856,18.4165402756427,Chelmno,2000,5,10,22.42,18.1
53.3686185504856,18.4165402756427,Chelmno,2000,5,11,22.34,18.3
53.3686185504856,18.4165402756427,Chelmno,2000,5,12,22.2,17.5
53.3686185504856,18.4165402756427,Chelmno,2000,5,13,22.08,16.9
53.3686185504856,18.4165402756427,Chelmno,2000,5,14,22.06,17.1
53.3686185504856,18.4165402756427,Chelmno,2000,5,15,21.9,17.3
53.3686185504856,18.4165402756427,Chelmno,2000,5,16,22.14,17.5
53.3686185504856,18.4165402756427,Chelmno,2000,5,17,21.92,19.1
53.3686185504856,18.4165402756427,Chelmno,2000,5,18,21.86,19.1
53.3686185504856,18.4165402756427,Chelmno,2000,5,19,21.7,18.9
53.3686185504856,18.4165402756427,Chelmno,2000,5,20,21.74,18.3
53.3686185504856,18.4165402756427,Chelmno,2000,5,21,21.6,17.7
53.3686185504856,18.4165402756427,Chelmno,2000,5,22,21.74,16.7
53.3686185504856,18.4165402756427,Chelmno,2000,5,23,21.5,17.1
53.3686185504856,18.4165402756427,Chelmno,2000,5,24,21.62,17.5
53.3686185504856,18.4165402756427,Chelmno,2000,5,25,21.58,17.7
53.3686185504856,18.4165402756427,Chelmno,2000,5,26,21.64,18.1
53.3686185504856,18.4165402756427,Chelmno,2000,5,27,21.62,18.1
53.3686185504856,18.4165402756427,Chelmno,2000,5,28,21.84,17.9
53.3686185504856,18.4165402756427,Chelmno,2000,5,29,21.66,17.9
53.3686185504856,18.4165402756427,Chelmno,2000,5,30,21.94,17.9
53.3686185504856,18.4165402756427,Chelmno,2000,5,31,21.64,17.3
53.3686185504856,18.4165402756427,Chelmno,2000,6,1,22.04,17.3
53.3686185504856,18.4165402756427,Chelmno,2000,6,2,21.86,17.5
53.3686185504856,18.4165402756427,Chelmno,2000,6,3,21.8,17.5
53.3686185504856,18.4165402756427,Chelmno,2000,6,4,21.6,17.5
53.3686185504856,18.4165402756427,Chelmno,2000,6,5,21.14,17.7
53.3686185504856,18.4165402756427,Chelmno,2000,6,6,21.32,20.1
53.3686185504856,18.4165402756427,Chelmno,2000,6,7,21.64,19.3
53.3686185504856,18.4165402756427,Chelmno,2000,6,8,21.52,18.5
53.3686185504856,18.4165402756427,Chelmno,2000,6,9,21.72,19.7
53.3686185504856,18.4165402756427,Chelmno,2000,6,10,21.6,20.7
53.3686185504856,18.4165402756427,Chelmno,2000,6,11,21.54,21.4
53.3686185504856,18.4165402756427,Chelmno,2000,6,12,21.06,21.1
53.3686185504856,18.4165402756427,Chelmno,2000,6,13,21.02,19.7
53.3686185504856,18.4165402756427,Chelmno,2000,6,14,21.2,21.4
53.3686185504856,18.4165402756427,Chelmno,2000,6,15,21.46,20.1
53.3686185504856,18.4165402756427,Chelmno,2000,6,16,21.5,18.9
53.3686185504856,18.4165402756427,Chelmno,2000,6,17,21.52,18.9
53.3686185504856,18.4165402756427,Chelmno,2000,6,18,21.52,19.1
53.3686185504856,18.4165402756427,Chelmno,2000,6,19,21.06,19.3
53.3686185504856,18.4165402756427,Chelmno,2000,6,20,21.02,19.1
53.3686185504856,18.4165402756427,Chelmno,2000,6,21,21.16,20.3
53.3686185504856,18.4165402756427,Chelmno,2000,6,22,21.32,22.4
53.3686185504856,18.4165402756427,Chelmno,2000,6,23,21.18,23.0
53.3686185504856,18.4165402756427,Chelmno,2000,6,24,21.14,21.4
53.3686185504856,18.4165402756427,Chelmno,2000,6,25,21.5,19.9
53.3686185504856,18.4165402756427,Chelmno,2000,6,26,21.0,18.9
53.3686185504856,18.4165402756427,Chelmno,2000,6,27,20.94,16.3
53.3686185504856,18.4165402756427,Chelmno,2000,6,28,21.02,15.9
53.3686185504856,18.4165402756427,Chelmno,2000,6,29,20.94,14.7
53.3686185504856,18.4165402756427,Chelmno,2000,6,30,20.98,14.5
53.3686185504856,18.4165402756427,Chelmno,2000,7,1,21.04,15.1
53.3686185504856,18.4165402756427,Chelmno,2000,7,2,21.3,16.3
53.3686185504856,18.4165402756427,Chelmno,2000,7,3,20.96,17.1
53.3686185504856,18.4165402756427,Chelmno,2000,7,4,20.94,18.1
53.3686185504856,18.4165402756427,Chelmno,2000,7,5,20.96,18.5
53.3686185504856,18.4165402756427,Chelmno,2000,7,6,21.2,17.9
53.3686185504856,18.4165402756427,Chelmno,2000,7,7,20.98,17.7
53.3686185504856,18.4165402756427,Chelmno,2000,7,8,20.94,17.5
53.3686185504856,18.4165402756427,Chelmno,2000,7,9,21.32,17.3
53.3686185504856,18.4165402756427,Chelmno,2000,7,10,21.0,17.3
53.3686185504856,18.4165402756427,Chelmno,2000,7,11,20.94,17.1
53.3686185504856,18.4165402756427,Chelmno,2000,7,12,21.24,17.1
53.3686185504856,18.4165402756427,Chelmno,2000,7,13,21.3,16.9
53.3686185504856,18.4165402756427,Chelmno,2000,7,14,21.32,17.3
53.3686185504856,18.4165402756427,Chelmno,2000,7,15,21.4,17.5
53.3686185504856,18.4165402756427,Chelmno,2000,7,16,21.52,18.3
53.3686185504856,18.4165402756427,Chelmno,2000,7,17,21.08,18.7
53.3686185504856,18.4165402756427,Chelmno,2000,7,18,20.98,17.7
53.3686185504856,18.4165402756427,Chelmno,2000,7,19,21.34,16.7
53.3686185504856,18.4165402756427,Chelmno,2000,7,20,21.42,16.7
53.3686185504856,18.4165402756427,Chelmno,2000,7,21,21.52,16.5
53.3686185504856,18.4165402756427,Chelmno,2000,7,22,21.56,16.9
53.3686185504856,18.4165402756427,Chelmno,2000,7,23,21.72,17.3
53.3686185504856,18.4165402756427,Chelmno,2000,7,24,22.12,17.9
53.3686185504856,18.4165402756427,Chelmno,2000,7,25,21.94,18.1
53.3686185504856,18.4165402756427,Chelmno,2000,7,26,21.7,18.5
53.3686185504856,18.4165402756427,Chelmno,2000,7,27,22.1,19.3
53.3686185504856,18.4165402756427,Chelmno,2000,7,28,22.04,19.9
53.3686185504856,18.4165402756427,Chelmno,2000,7,29,21.98,19.7
53.3686185504856,18.4165402756427,Chelmno,2000,7,30,21.82,19.7
53.3686185504856,18.4165402756427,Chelmno,2000,7,31,21.48,19.5
53.3686185504856,18.4165402756427,Chelmno,2000,8,1,21.64,20.3
53.3686185504856,18.4165402756427,Chelmno,2000,8,2,22.26,20.7
53.3686185504856,18.4165402756427,Chelmno,2000,8,3,22.18,20.9
53.3686185504856,18.4165402756427,Chelmno,2000,8,4,22.4,20.7
53.3686185504856,18.4165402756427,Chelmno,2000,8,5,22.94,20.7
53.3686185504856,18.4165402756427,Chelmno,2000,8,6,23.12,20.5
53.3686185504856,18.4165402756427,Chelmno,2000,8,7,23.7,20.5
53.3686185504856,18.4165402756427,Chelmno,2000,8,8,24.14,20.3
53.3686185504856,18.4165402756427,Chelmno,2000,8,9,23.94,20.3
53.3686185504856,18.4165402756427,Chelmno,2000,8,10,23.16,19.9
53.3686185504856,18.4165402756427,Chelmno,2000,8,11,22.94,19.9
53.3686185504856,18.4165402756427,Chelmno,2000,8,12,22.6,20.1
53.3686185504856,18.4165402756427,Chelmno,2000,8,13,22.56,20.5
53.3686185504856,18.4165402756427,Chelmno,2000,8,14,22.54,20.7
53.3686185504856,18.4165402756427,Chelmno,2000,8,15,22.42,21.1
53.3686185504856,18.4165402756427,Chelmno,2000,8,16,22.34,21.4
53.3686185504856,18.4165402756427,Chelmno,2000,8,17,22.24,21.4
53.3686185504856,18.4165402756427,Chelmno,2000,8,18,22.32,21.1
53.3686185504856,18.4165402756427,Chelmno,2000,8,19,22.36,21.4
53.3686185504856,18.4165402756427,Chelmno,2000,8,20,22.24,21.6
53.3686185504856,18.4165402756427,Chelmno,2000,8,21,21.44,21.6
53.3686185504856,18.4165402756427,Chelmno,2000,8,22,21.58,21.6
53.3686185504856,18.4165402756427,Chelmno,2000,8,23,21.7,21.8
53.3686185504856,18.4165402756427,Chelmno,2000,8,24,21.7,20.7
53.3686185504856,18.4165402756427,Chelmno,2000,8,25,21.64,19.7
53.3686185504856,18.4165402756427,Chelmno,2000,8,26,21.78,19.1
53.3686185504856,18.4165402756427,Chelmno,2000,8,27,21.68,19.1
53.3686185504856,18.4165402756427,Chelmno,2000,8,28,21.18,19.1
53.3686185504856,18.4165402756427,Chelmno,2000,8,29,21.32,19.3
53.3686185504856,18.4165402756427,Chelmno,2000,8,30,21.42,19.1
53.3686185504856,18.4165402756427,Chelmno,2000,8,31,21.44,18.9
53.3686185504856,18.4165402756427,Chelmno,2000,9,1,21.6,18.9
53.3686185504856,18.4165402756427,Chelmno,2000,9,2,21.5,18.3
53.3686185504856,18.4165402756427,Chelmno,2000,9,3,21.66,17.5
53.3686185504856,18.4165402756427,Chelmno,2000,9,4,21.28,16.9
53.3686185504856,18.4165402756427,Chelmno,2000,9,5,21.12,16.5
53.3686185504856,18.4165402756427,Chelmno,2000,9,6,21.56,16.3
53.3686185504856,18.4165402756427,Chelmno,2000,9,7,21.5,16.3
53.3686185504856,18.4165402756427,Chelmno,2000,9,8,21.52,15.9
53.3686185504856,18.4165402756427,Chelmno,2000,9,9,21.4,16.1
53.3686185504856,18.4165402756427,Chelmno,2000,9,10,21.2,15.9
53.3686185504856,18.4165402756427,Chelmno,2000,9,11,21.28,15.7
53.3686185504856,18.4165402756427,Chelmno,2000,9,12,21.08,15.7
53.3686185504856,18.4165402756427,Chelmno,2000,9,13,21.16,15.5
53.3686185504856,18.4165402756427,Chelmno,2000,9,14,21.32,15.1
53.3686185504856,18.4165402756427,Chelmno,2000,9,15,21.32,14.3
53.3686185504856,18.4165402756427,Chelmno,2000,9,16,21.0,13.7
53.3686185504856,18.4165402756427,Chelmno,2000,9,17,20.98,13.3
53.3686185504856,18.4165402756427,Chelmno,2000,9,18,20.98,13.1
53.3686185504856,18.4165402756427,Chelmno,2000,9,19,20.98,13.1
53.3686185504856,18.4165402756427,Chelmno,2000,9,20,20.96,12.7
53.3686185504856,18.4165402756427,Chelmno,2000,9,21,21.22,13.1
53.3686185504856,18.4165402756427,Chelmno,2000,9,22,21.38,13.3
53.3686185504856,18.4165402756427,Chelmno,2000,9,23,21.4,12.7
53.3686185504856,18.4165402756427,Chelmno,2000,9,24,21.42,12.5
53.3686185504856,18.4165402756427,Chelmno,2000,9,25,21.32,12.3
53.3686185504856,18.4165402756427,Chelmno,2000,9,26,21.36,12.3
53.3686185504856,18.4165402756427,Chelmno,2000,9,27,21.66,12.7
53.3686185504856,18.4165402756427,Chelmno,2000,9,28,21.8,12.9
53.3686185504856,18.4165402756427,Chelmno,2000,9,29,21.3,13.3
53.3686185504856,18.4165402756427,Chelmno,2000,9,30,21.3,13.3
53.3686185504856,18.4165402756427,Chelmno,2000,10,1,21.4,13.5
53.3686185504856,18.4165402756427,Chelmno,2000,10,2,21.2,13.5
53.3686185504856,18.4165402756427,Chelmno,2000,10,3,20.72,13.5
53.3686185504856,18.4165402756427,Chelmno,2000,10,4,21.28,13.9
53.3686185504856,18.4165402756427,Chelmno,2000,10,5,21.32,14.3
53.3686185504856,18.4165402756427,Chelmno,2000,10,6,21.52,14.3
53.3686185504856,18.4165402756427,Chelmno,2000,10,7,21.56,14.1
53.3686185504856,18.4165402756427,Chelmno,2000,10,8,21.5,13.9
53.3686185504856,18.4165402756427,Chelmno,2000,10,9,21.18,13.7
53.3686185504856,18.4165402756427,Chelmno,2000,10,10,21.22,12.3
53.3686185504856,18.4165402756427,Chelmno,2000,10,11,21.12,11.9
53.3686185504856,18.4165402756427,Chelmno,2000,10,12,21.18,12.5
53.3686185504856,18.4165402756427,Chelmno,2000,10,13,21.18,12.9
53.3686185504856,18.4165402756427,Chelmno,2000,10,14,21.08,12.9
53.3686185504856,18.4165402756427,Chelmno,2000,10,15,21.28,13.1
53.3686185504856,18.4165402756427,Chelmno,2000,10,16,21.1,13.1
53.3686185504856,18.4165402756427,Chelmno,2000,10,17,20.9,13.1
53.3686185504856,18.4165402756427,Chelmno,2000,10,18,21.1,12.9
53.3686185504856,18.4165402756427,Chelmno,2000,10,19,21.08,11.9
53.3686185504856,18.4165402756427,Chelmno,2000,10,20,21.18,11.5
53.3686185504856,18.4165402756427,Chelmno,2000,10,21,21.16,11.1
53.3686185504856,18.4165402756427,Chelmno,2000,10,22,21.08,10.7
53.3686185504856,18.4165402756427,Chelmno,2000,10,23,20.84,10.1
53.3686185504856,18.4165402756427,Chelmno,2000,10,24,20.84,9.6
53.3686185504856,18.4165402756427,Chelmno,2000,10,25,20.82,9.7
53.3686185504856,18.4165402756427,Chelmno,2000,10,26,20.82,10.1
53.3686185504856,18.4165402756427,Chelmno,2000,10,27,20.77,9.7
53.3686185504856,18.4165402756427,Chelmno,2000,10,28,20.78,9.9
53.3686185504856,18.4165402756427,Chelmno,2000,10,29,21.22,9.9
53.3686185504856,18.4165402756427,Chelmno,2000,10,30,20.74,9.9
53.3686185504856,18.4165402756427,Chelmno,2000,10,31,20.72,10.1
53.3686185504856,18.4165402756427,Chelmno,2000,11,1,20.94,9.6
53.3686185504856,18.4165402756427,Chelmno,2000,11,2,21.06,9.4
53.3686185504856,18.4165402756427,Chelmno,2000,11,3,20.86,8.6
53.3686185504856,18.4165402756427,Chelmno,2000,11,4,21.22,8.4
53.3686185504856,18.4165402756427,Chelmno,2000,11,5,21.18,8.2
53.3686185504856,18.4165402756427,Chelmno,2000,11,6,20.84,7.8
53.3686185504856,18.4165402756427,Chelmno,2000,11,7,20.88,8.4
53.3686185504856,18.4165402756427,Chelmno,2000,11,8,21.5,8.8
53.3686185504856,18.4165402756427,Chelmno,2000,11,9,21.1,8.4
53.3686185504856,18.4165402756427,Chelmno,2000,11,10,21.28,8.2
53.3686185504856,18.4165402756427,Chelmno,2000,11,11,21.32,8.2
53.3686185504856,18.4165402756427,Chelmno,2000,11,12,20.96,8.0
53.3686185504856,18.4165402756427,Chelmno,2000,11,13,21.02,7.8
53.3686185504856,18.4165402756427,Chelmno,2000,11,14,21.22,7.6
53.3686185504856,18.4165402756427,Chelmno,2000,11,15,21.62,7.6
53.3686185504856,18.4165402756427,Chelmno,2000,11,16,21.34,7.2
53.3686185504856,18.4165402756427,Chelmno,2000,11,17,21.44,6.8
53.3686185504856,18.4165402756427,Chelmno,2000,11,18,21.54,7.0
53.3686185504856,18.4165402756427,Chelmno,2000,11,19,21.5,6.8
53.3686185504856,18.4165402756427,Chelmno,2000,11,20,21.16,6.8
53.3686185504856,18.4165402756427,Chelmno,2000,11,21,21.32,6.8
53.3686185504856,18.4165402756427,Chelmno,2000,11,22,21.62,6.8
53.3686185504856,18.4165402756427,Chelmno,2000,11,23,21.46,6.8
53.3686185504856,18.4165402756427,Chelmno,2000,11,24,21.02,6.6
53.3686185504856,18.4165402756427,Chelmno,2000,11,25,21.42,6.4
53.3686185504856,18.4165402756427,Chelmno,2000,11,26,21.74,6.4
53.3686185504856,18.4165402756427,Chelmno,2000,11,27,21.04,6.4
53.3686185504856,18.4165402756427,Chelmno,2000,11,28,21.22,6.2
53.3686185504856,18.4165402756427,Chelmno,2000,11,29,21.4,6.2
53.3686185504856,18.4165402756427,Chelmno,2000,11,30,21.36,6.0
53.3686185504856,18.4165402756427,Chelmno,2001,5,1,24.42,10.9
53.3686185504856,18.4165402756427,Chelmno,2001,5,2,24.72,11.7
53.3686185504856,18.4165402756427,Chelmno,2001,5,3,25.0,12.3
53.3686185504856,18.4165402756427,Chelmno,2001,5,4,25.0,13.1
53.3686185504856,18.4165402756427,Chelmno,2001,5,5,24.52,13.7
53.3686185504856,18.4165402756427,Chelmno,2001,5,6,23.9,14.1
53.3686185504856,18.4165402756427,Chelmno,2001,5,7,23.5,14.5
53.3686185504856,18.4165402756427,Chelmno,2001,5,8,23.32,14.9
53.3686185504856,18.4165402756427,Chelmno,2001,5,9,23.08,15.9
53.3686185504856,18.4165402756427,Chelmno,2001,5,10,23.14,16.7
53.3686185504856,18.4165402756427,Chelmno,2001,5,11,22.78,16.7
53.3686185504856,18.4165402756427,Chelmno,2001,5,12,22.58,16.9
53.3686185504856,18.4165402756427,Chelmno,2001,5,13,22.54,16.9
53.3686185504856,18.4165402756427,Chelmno,2001,5,14,22.52,16.9
53.3686185504856,18.4165402756427,Chelmno,2001,5,15,22.14,17.3
53.3686185504856,18.4165402756427,Chelmno,2001,5,16,22.42,17.9
53.3686185504856,18.4165402756427,Chelmno,2001,5,17,22.36,17.9
53.3686185504856,18.4165402756427,Chelmno,2001,5,18,22.22,17.3
53.3686185504856,18.4165402756427,Chelmno,2001,5,19,22.26,16.4
53.3686185504856,18.4165402756427,Chelmno,2001,5,20,22.24,15.9
53.3686185504856,18.4165402756427,Chelmno,2001,5,21,21.68,14.9
53.3686185504856,18.4165402756427,Chelmno,2001,5,22,21.94,13.9
53.3686185504856,18.4165402756427,Chelmno,2001,5,23,22.06,14.9
53.3686185504856,18.4165402756427,Chelmno,2001,5,24,21.94,15.9
53.3686185504856,18.4165402756427,Chelmno,2001,5,25,21.85,16.7
53.3686185504856,18.4165402756427,Chelmno,2001,5,26,21.86,16.5
53.3686185504856,18.4165402756427,Chelmno,2001,5,27,21.76,16.1
53.3686185504856,18.4165402756427,Chelmno,2001,5,28,21.48,15.9
53.3686185504856,18.4165402756427,Chelmno,2001,5,29,21.48,15.5
53.3686185504856,18.4165402756427,Chelmno,2001,5,30,21.72,15.3
53.3686185504856,18.4165402756427,Chelmno,2001,5,31,21.74,14.9
53.3686185504856,18.4165402756427,Chelmno,2001,6,1,21.88,14.9
53.3686185504856,18.4165402756427,Chelmno,2001,6,2,21.68,14.9
53.3686185504856,18.4165402756427,Chelmno,2001,6,3,21.58,14.5
53.3686185504856,18.4165402756427,Chelmno,2001,6,4,21.28,14.7
53.3686185504856,18.4165402756427,Chelmno,2001,6,5,21.22,14.9
53.3686185504856,18.4165402756427,Chelmno,2001,6,6,21.56,15.1
53.3686185504856,18.4165402756427,Chelmno,2001,6,7,21.64,15.3
53.3686185504856,18.4165402756427,Chelmno,2001,6,8,21.56,15.5
53.3686185504856,18.4165402756427,Chelmno,2001,6,9,21.86,15.7
53.3686185504856,18.4165402756427,Chelmno,2001,6,10,21.64,15.9
53.3686185504856,18.4165402756427,Chelmno,2001,6,11,21.22,15.5
53.3686185504856,18.4165402756427,Chelmno,2001,6,12,21.24,15.5
53.3686185504856,18.4165402756427,Chelmno,2001,6,13,21.54,15.7
53.3686185504856,18.4165402756427,Chelmno,2001,6,14,21.56,15.9
53.3686185504856,18.4165402756427,Chelmno,2001,6,15,21.76,16.3
53.3686185504856,18.4165402756427,Chelmno,2001,6,16,21.5,16.7
53.3686185504856,18.4165402756427,Chelmno,2001,6,17,21.74,16.7
53.3686185504856,18.4165402756427,Chelmno,2001,6,18,21.32,16.9
53.3686185504856,18.4165402756427,Chelmno,2001,6,19,21.22,16.9
53.3686185504856,18.4165402756427,Chelmno,2001,6,20,21.38,16.9
53.3686185504856,18.4165402756427,Chelmno,2001,6,21,21.38,16.9
53.3686185504856,18.4165402756427,Chelmno,2001,6,22,21.46,17.1
53.3686185504856,18.4165402756427,Chelmno,2001,6,23,21.64,16.9
53.3686185504856,18.4165402756427,Chelmno,2001,6,24,21.82,16.9
53.3686185504856,18.4165402756427,Chelmno,2001,6,25,21.16,16.9
53.3686185504856,18.4165402756427,Chelmno,2001,6,26,22.28,17.9
53.3686185504856,18.4165402756427,Chelmno,2001,6,27,23.06,17.5
53.3686185504856,18.4165402756427,Chelmno,2001,6,28,23.16,18.9
53.3686185504856,18.4165402756427,Chelmno,2001,6,29,23.16,19.1
53.3686185504856,18.4165402756427,Chelmno,2001,6,30,22.8,19.3
53.3686185504856,18.4165402756427,Chelmno,2001,7,1,23.5,19.7
53.3686185504856,18.4165402756427,Chelmno,2001,7,2,23.66,19.9
53.3686185504856,18.4165402756427,Chelmno,2001,7,3,23.42,20.3
53.3686185504856,18.4165402756427,Chelmno,2001,7,4,22.96,20.7
53.3686185504856,18.4165402756427,Chelmno,2001,7,5,22.34,21.1
53.3686185504856,18.4165402756427,Chelmno,2001,7,6,22.0,21.5
53.3686185504856,18.4165402756427,Chelmno,2001,7,7,22.2,21.9
53.3686185504856,18.4165402756427,Chelmno,2001,7,8,22.16,22.1
53.3686185504856,18.4165402756427,Chelmno,2001,7,9,22.38,21.9
53.3686185504856,18.4165402756427,Chelmno,2001,7,10,22.46,21.6
53.3686185504856,18.4165402756427,Chelmno,2001,7,11,22.8,21.2
53.3686185504856,18.4165402756427,Chelmno,2001,7,12,22.76,20.9
53.3686185504856,18.4165402756427,Chelmno,2001,7,13,22.22,20.9
53.3686185504856,18.4165402756427,Chelmno,2001,7,14,22.12,20.9
53.3686185504856,18.4165402756427,Chelmno,2001,7,15,22.24,21.8
53.3686185504856,18.4165402756427,Chelmno,2001,7,16,21.91,22.0
53.3686185504856,18.4165402756427,Chelmno,2001,7,17,21.71,22.0
53.3686185504856,18.4165402756427,Chelmno,2001,7,18,22.06,20.9
53.3686185504856,18.4165402756427,Chelmno,2001,7,19,22.12,19.7
53.3686185504856,18.4165402756427,Chelmno,2001,7,20,22.06,20.3
53.3686185504856,18.4165402756427,Chelmno,2001,7,21,22.1,20.5
53.3686185504856,18.4165402756427,Chelmno,2001,7,22,21.98,20.7
53.3686185504856,18.4165402756427,Chelmno,2001,7,23,21.92,20.9
53.3686185504856,18.4165402756427,Chelmno,2001,7,24,21.74,21.4
53.3686185504856,18.4165402756427,Chelmno,2001,7,25,22.04,20.9
53.3686185504856,18.4165402756427,Chelmno,2001,7,26,22.86,21.1
53.3686185504856,18.4165402756427,Chelmno,2001,7,27,22.66,21.1
53.3686185504856,18.4165402756427,Chelmno,2001,7,28,22.66,21.1
53.3686185504856,18.4165402756427,Chelmno,2001,7,29,23.12,21.6
53.3686185504856,18.4165402756427,Chelmno,2001,7,30,23.36,21.8
53.3686185504856,18.4165402756427,Chelmno,2001,7,31,23.76,22.0
53.3686185504856,18.4165402756427,Chelmno,2001,8,1,24.56,22.0
53.3686185504856,18.4165402756427,Chelmno,2001,8,2,25.46,21.1
53.3686185504856,18.4165402756427,Chelmno,2001,8,3,26.12,21.1
53.3686185504856,18.4165402756427,Chelmno,2001,8,4,26.1,21.1
53.3686185504856,18.4165402756427,Chelmno,2001,8,5,25.68,21.4
53.3686185504856,18.4165402756427,Chelmno,2001,8,6,25.44,21.1
53.3686185504856,18.4165402756427,Chelmno,2001,8,7,24.94,20.7
53.3686185504856,18.4165402756427,Chelmno,2001,8,8,24.18,20.7
53.3686185504856,18.4165402756427,Chelmno,2001,8,9,23.64,20.7
53.3686185504856,18.4165402756427,Chelmno,2001,8,10,23.36,20.5
53.3686185504856,18.4165402756427,Chelmno,2001,8,11,23.42,20.5
53.3686185504856,18.4165402756427,Chelmno,2001,8,12,23.54,20.5
53.3686185504856,18.4165402756427,Chelmno,2001,8,13,23.5,20.5
53.3686185504856,18.4165402756427,Chelmno,2001,8,14,23.16,20.9
53.3686185504856,18.4165402756427,Chelmno,2001,8,15,22.94,21.4
53.3686185504856,18.4165402756427,Chelmno,2001,8,16,22.9,22.0
53.3686185504856,18.4165402756427,Chelmno,2001,8,17,22.66,22.0
53.3686185504856,18.4165402756427,Chelmno,2001,8,18,22.68,22.0
53.3686185504856,18.4165402756427,Chelmno,2001,8,19,22.62,22.0
53.3686185504856,18.4165402756427,Chelmno,2001,8,20,22.58,22.4
53.3686185504856,18.4165402756427,Chelmno,2001,8,21,22.3,22.4
53.3686185504856,18.4165402756427,Chelmno,2001,8,22,22.16,22.8
53.3686185504856,18.4165402756427,Chelmno,2001,8,23,22.24,22.0
53.3686185504856,18.4165402756427,Chelmno,2001,8,24,22.14,21.1
53.3686185504856,18.4165402756427,Chelmno,2001,8,25,22.06,21.6
53.3686185504856,18.4165402756427,Chelmno,2001,8,26,21.9,21.8
53.3686185504856,18.4165402756427,Chelmno,2001,8,27,21.86,22.2
53.3686185504856,18.4165402756427,Chelmno,2001,8,28,21.84,20.9
53.3686185504856,18.4165402756427,Chelmno,2001,8,29,21.9,18.9
53.3686185504856,18.4165402756427,Chelmno,2001,8,30,21.86,18.9
53.3686185504856,18.4165402756427,Chelmno,2001,8,31,21.88,18.7
53.3686185504856,18.4165402756427,Chelmno,2001,9,1,21.94,18.5
53.3686185504856,18.4165402756427,Chelmno,2001,9,2,21.88,18.3
53.3686185504856,18.4165402756427,Chelmno,2001,9,3,21.34,17.9
53.3686185504856,18.4165402756427,Chelmno,2001,9,4,21.74,17.5
53.3686185504856,18.4165402756427,Chelmno,2001,9,5,21.8,17.5
53.3686185504856,18.4165402756427,Chelmno,2001,9,6,21.66,17.1
53.3686185504856,18.4165402756427,Chelmno,2001,9,7,21.68,17.1
53.3686185504856,18.4165402756427,Chelmno,2001,9,8,21.74,16.3
53.3686185504856,18.4165402756427,Chelmno,2001,9,9,21.74,15.3
53.3686185504856,18.4165402756427,Chelmno,2001,9,10,21.48,14.7
53.3686185504856,18.4165402756427,Chelmno,2001,9,11,21.54,14.5
53.3686185504856,18.4165402756427,Chelmno,2001,9,12,21.8,14.3
53.3686185504856,18.4165402756427,Chelmno,2001,9,13,21.76,14.5
53.3686185504856,18.4165402756427,Chelmno,2001,9,14,21.8,14.5
53.3686185504856,18.4165402756427,Chelmno,2001,9,15,21.94,14.3
53.3686185504856,18.4165402756427,Chelmno,2001,9,16,21.94,14.1
53.3686185504856,18.4165402756427,Chelmno,2001,9,17,22.06,13.9
53.3686185504856,18.4165402756427,Chelmno,2001,9,18,22.16,13.7
53.3686185504856,18.4165402756427,Chelmno,2001,9,19,22.2,13.7
53.3686185504856,18.4165402756427,Chelmno,2001,9,20,22.16,13.1
53.3686185504856,18.4165402756427,Chelmno,2001,9,21,22.22,13.9
53.3686185504856,18.4165402756427,Chelmno,2001,9,22,22.24,13.9
53.3686185504856,18.4165402756427,Chelmno,2001,9,23,22.46,13.9
53.3686185504856,18.4165402756427,Chelmno,2001,9,24,22.92,13.9
53.3686185504856,18.4165402756427,Chelmno,2001,9,25,22.74,13.9
53.3686185504856,18.4165402756427,Chelmno,2001,9,26,23.01,13.5
53.3686185504856,18.4165402756427,Chelmno,2001,9,27,22.82,13.1
53.3686185504856,18.4165402756427,Chelmno,2001,9,28,23.0,13.3
53.3686185504856,18.4165402756427,Chelmno,2001,9,29,22.84,13.3
53.3686185504856,18.4165402756427,Chelmno,2001,9,30,22.84,13.3
53.3686185504856,18.4165402756427,Chelmno,2001,10,1,23.02,12.3
53.3686185504856,18.4165402756427,Chelmno,2001,10,2,23.1,12.9
53.3686185504856,18.4165402756427,Chelmno,2001,10,3,23.1,13.1
53.3686185504856,18.4165402756427,Chelmno,2001,10,4,23.1,13.7
53.3686185504856,18.4165402756427,Chelmno,2001,10,5,23.01,13.1
53.3686185504856,18.4165402756427,Chelmno,2001,10,6,22.64,13.1
53.3686185504856,18.4165402756427,Chelmno,2001,10,7,22.74,13.1
53.3686185504856,18.4165402756427,Chelmno,2001,10,8,22.76,13.4
53.3686185504856,18.4165402756427,Chelmno,2001,10,9,22.42,14.1
53.3686185504856,18.4165402756427,Chelmno,2001,10,10,22.44,14.1
53.3686185504856,18.4165402756427,Chelmno,2001,10,11,22.52,13.9
53.3686185504856,18.4165402756427,Chelmno,2001,10,12,22.72,13.9
53.3686185504856,18.4165402756427,Chelmno,2001,10,13,22.66,13.9
53.3686185504856,18.4165402756427,Chelmno,2001,10,14,22.54,13.9
53.3686185504856,18.4165402756427,Chelmno,2001,10,15,22.22,13.7
53.3686185504856,18.4165402756427,Chelmno,2001,10,16,22.28,11.9
53.3686185504856,18.4165402756427,Chelmno,2001,10,17,22.11,12.1
53.3686185504856,18.4165402756427,Chelmno,2001,10,18,21.98,12.5
53.3686185504856,18.4165402756427,Chelmno,2001,10,19,21.92,12.3
53.3686185504856,18.4165402756427,Chelmno,2001,10,20,22.05,11.1
53.3686185504856,18.4165402756427,Chelmno,2001,10,21,22.0,10.5
53.3686185504856,18.4165402756427,Chelmno,2001,10,22,22.08,10.1
53.3686185504856,18.4165402756427,Chelmno,2001,10,23,21.94,10.1
53.3686185504856,18.4165402756427,Chelmno,2001,10,24,21.78,7.2
53.3686185504856,18.4165402756427,Chelmno,2001,10,25,21.88,7.4
53.3686185504856,18.4165402756427,Chelmno,2001,10,26,21.88,8.2
53.3686185504856,18.4165402756427,Chelmno,2001,10,27,21.98,8.0
53.3686185504856,18.4165402756427,Chelmno,2001,10,28,22.06,8.0
53.3686185504856,18.4165402756427,Chelmno,2001,10,29,21.74,8.0
53.3686185504856,18.4165402756427,Chelmno,2001,10,30,21.68,8.2
53.3686185504856,18.4165402756427,Chelmno,2001,10,31,21.9,8.8
53.3686185504856,18.4165402756427,Chelmno,2001,11,1,21.88,8.2
53.3686185504856,18.4165402756427,Chelmno,2001,11,2,21.98,8.0
53.3686185504856,18.4165402756427,Chelmno,2001,11,3,21.66,7.6
53.3686185504856,18.4165402756427,Chelmno,2001,11,4,22.08,7.4
53.3686185504856,18.4165402756427,Chelmno,2001,11,5,21.8,7.2
53.3686185504856,18.4165402756427,Chelmno,2001,11,6,21.9,6.2
53.3686185504856,18.4165402756427,Chelmno,2001,11,7,22.0,6.0
53.3686185504856,18.4165402756427,Chelmno,2001,11,8,22.02,5.2
53.3686185504856,18.4165402756427,Chelmno,2001,11,9,21.96,5.0
53.3686185504856,18.4165402756427,Chelmno,2001,11,10,21.82,4.6
53.3686185504856,18.4165402756427,Chelmno,2001,11,11,21.84,4.4
53.3686185504856,18.4165402756427,Chelmno,2001,11,12,21.72,4.3
53.3686185504856,18.4165402756427,Chelmno,2001,11,13,21.7,4.3
53.3686185504856,18.4165402756427,Chelmno,2001,11,14,21.92,4.3
53.3686185504856,18.4165402756427,Chelmno,2001,11,15,21.84,3.1
53.3686185504856,18.4165402756427,Chelmno,2001,11,16,21.84,3.3
53.3686185504856,18.4165402756427,Chelmno,2001,11,17,21.92,4.1
53.3686185504856,18.4165402756427,Chelmno,2001,11,18,21.92,4.6
53.3686185504856,18.4165402756427,Chelmno,2001,11,19,21.92,5.2
53.3686185504856,18.4165402756427,Chelmno,2001,11,20,21.78,5.0
53.3686185504856,18.4165402756427,Chelmno,2001,11,21,21.92,5.4
53.3686185504856,18.4165402756427,Chelmno,2001,11,22,21.92,5.0
53.3686185504856,18.4165402756427,Chelmno,2001,11,23,21.94,3.9
53.3686185504856,18.4165402756427,Chelmno,2001,11,24,21.92,2.5
53.3686185504856,18.4165402756427,Chelmno,2001,11,25,21.88,1.3
53.3686185504856,18.4165402756427,Chelmno,2001,11,26,21.8,1.3
53.3686185504856,18.4165402756427,Chelmno,2001,11,27,21.92,1.3
53.3686185504856,18.4165402756427,Chelmno,2001,11,28,21.98,1.7
53.3686185504856,18.4165402756427,Chelmno,2001,11,29,22.02,1.5
53.3686185504856,18.4165402756427,Chelmno,2001,11,30,21.98,1.5
53.3686185504856,18.4165402756427,Chelmno,2002,5,1,22.02,14.3
53.3686185504856,18.4165402756427,Chelmno,2002,5,2,21.92,15.9
53.3686185504856,18.4165402756427,Chelmno,2002,5,3,22.1,16.7
53.3686185504856,18.4165402756427,Chelmno,2002,5,4,21.98,16.9
53.3686185504856,18.4165402756427,Chelmno,2002,5,5,21.92,17.7
53.3686185504856,18.4165402756427,Chelmno,2002,5,6,21.96,17.9
53.3686185504856,18.4165402756427,Chelmno,2002,5,7,21.86,18.1
53.3686185504856,18.4165402756427,Chelmno,2002,5,8,21.82,18.5
53.3686185504856,18.4165402756427,Chelmno,2002,5,9,21.8,18.7
53.3686185504856,18.4165402756427,Chelmno,2002,5,10,21.76,19.3
53.3686185504856,18.4165402756427,Chelmno,2002,5,11,21.66,19.7
53.3686185504856,18.4165402756427,Chelmno,2002,5,12,21.72,19.9
53.3686185504856,18.4165402756427,Chelmno,2002,5,13,21.56,20.1
53.3686185504856,18.4165402756427,Chelmno,2002,5,14,21.6,19.5
53.3686185504856,18.4165402756427,Chelmno,2002,5,15,21.51,19.1
53.3686185504856,18.4165402756427,Chelmno,2002,5,16,21.56,18.7
53.3686185504856,18.4165402756427,Chelmno,2002,5,17,21.48,18.1
53.3686185504856,18.4165402756427,Chelmno,2002,5,18,21.48,17.9
53.3686185504856,18.4165402756427,Chelmno,2002,5,19,21.54,18.1
53.3686185504856,18.4165402756427,Chelmno,2002,5,20,21.48,18.3
53.3686185504856,18.4165402756427,Chelmno,2002,5,21,21.4,18.3
53.3686185504856,18.4165402756427,Chelmno,2002,5,22,21.36,19.1
53.3686185504856,18.4165402756427,Chelmno,2002,5,23,21.44,19.7
53.3686185504856,18.4165402756427,Chelmno,2002,5,24,21.38,20.6
53.3686185504856,18.4165402756427,Chelmno,2002,5,25,21.28,20.4
53.3686185504856,18.4165402756427,Chelmno,2002,5,26,21.32,19.9
53.3686185504856,18.4165402756427,Chelmno,2002,5,27,21.42,19.3
53.3686185504856,18.4165402756427,Chelmno,2002,5,28,21.28,18.7
53.3686185504856,18.4165402756427,Chelmno,2002,5,29,21.32,18.1
53.3686185504856,18.4165402756427,Chelmno,2002,5,30,21.48,17.9
53.3686185504856,18.4165402756427,Chelmno,2002,5,31,21.38,17.3
53.3686185504856,18.4165402756427,Chelmno,2002,6,1,21.46,16.9
53.3686185504856,18.4165402756427,Chelmno,2002,6,2,21.52,16.9
53.3686185504856,18.4165402756427,Chelmno,2002,6,3,21.8,17.1
53.3686185504856,18.4165402756427,Chelmno,2002,6,4,22.23,18.5
53.3686185504856,18.4165402756427,Chelmno,2002,6,5,22.12,19.1
53.3686185504856,18.4165402756427,Chelmno,2002,6,6,22.6,20.1
53.3686185504856,18.4165402756427,Chelmno,2002,6,7,22.98,19.9
53.3686185504856,18.4165402756427,Chelmno,2002,6,8,22.92,18.7
53.3686185504856,18.4165402756427,Chelmno,2002,6,9,22.82,18.3
53.3686185504856,18.4165402756427,Chelmno,2002,6,10,22.67,17.9
53.3686185504856,18.4165402756427,Chelmno,2002,6,11,22.78,18.3
53.3686185504856,18.4165402756427,Chelmno,2002,6,12,22.56,18.3
53.3686185504856,18.4165402756427,Chelmno,2002,6,13,22.32,18.5
53.3686185504856,18.4165402756427,Chelmno,2002,6,14,22.08,18.5
53.3686185504856,18.4165402756427,Chelmno,2002,6,15,22.52,18.7
53.3686185504856,18.4165402756427,Chelmno,2002,6,16,22.64,18.7
53.3686185504856,18.4165402756427,Chelmno,2002,6,17,22.8,18.9
53.3686185504856,18.4165402756427,Chelmno,2002,6,18,23.0,19.7
53.3686185504856,18.4165402756427,Chelmno,2002,6,19,23.18,20.8
53.3686185504856,18.4165402756427,Chelmno,2002,6,20,23.16,21.8
53.3686185504856,18.4165402756427,Chelmno,2002,6,21,23.1,21.8
53.3686185504856,18.4165402756427,Chelmno,2002,6,22,22.66,22.0
53.3686185504856,18.4165402756427,Chelmno,2002,6,23,22.28,21.8
53.3686185504856,18.4165402756427,Chelmno,2002,6,24,22.04,21.8
53.3686185504856,18.4165402756427,Chelmno,2002,6,25,21.92,21.0
53.3686185504856,18.4165402756427,Chelmno,2002,6,26,21.78,20.6
53.3686185504856,18.4165402756427,Chelmno,2002,6,27,21.74,20.8
53.3686185504856,18.4165402756427,Chelmno,2002,6,28,21.66,21.0
53.3686185504856,18.4165402756427,Chelmno,2002,6,29,21.64,19.7
53.3686185504856,18.4165402756427,Chelmno,2002,6,30,21.6,19.5
53.3686185504856,18.4165402756427,Chelmno,2002,7,1,21.62,19.3
53.3686185504856,18.4165402756427,Chelmno,2002,7,2,21.82,19.1
53.3686185504856,18.4165402756427,Chelmno,2002,7,3,21.68,19.3
53.3686185504856,18.4165402756427,Chelmno,2002,7,4,21.52,19.7
53.3686185504856,18.4165402756427,Chelmno,2002,7,5,21.56,19.9
53.3686185504856,18.4165402756427,Chelmno,2002,7,6,21.46,19.9
53.3686185504856,18.4165402756427,Chelmno,2002,7,7,21.64,20.1
53.3686185504856,18.4165402756427,Chelmno,2002,7,8,21.52,20.4
53.3686185504856,18.4165402756427,Chelmno,2002,7,9,21.52,21.6
53.3686185504856,18.4165402756427,Chelmno,2002,7,10,21.66,22.4
53.3686185504856,18.4165402756427,Chelmno,2002,7,11,21.52,22.0
53.3686185504856,18.4165402756427,Chelmno,2002,7,12,21.42,21.8
53.3686185504856,18.4165402756427,Chelmno,2002,7,13,21.34,22.0
53.3686185504856,18.4165402756427,Chelmno,2002,7,14,21.42,22.6
53.3686185504856,18.4165402756427,Chelmno,2002,7,15,21.34,22.8
53.3686185504856,18.4165402756427,Chelmno,2002,7,16,21.42,23.2
53.3686185504856,18.4165402756427,Chelmno,2002,7,17,21.3,23.4
53.3686185504856,18.4165402756427,Chelmno,2002,7,18,21.26,23.2
53.3686185504856,18.4165402756427,Chelmno,2002,7,19,21.22,23.2
53.3686185504856,18.4165402756427,Chelmno,2002,7,20,21.26,23.6
53.3686185504856,18.4165402756427,Chelmno,2002,7,21,21.26,22.4
53.3686185504856,18.4165402756427,Chelmno,2002,7,22,21.26,22.0
53.3686185504856,18.4165402756427,Chelmno,2002,7,23,21.4,20.8
53.3686185504856,18.4165402756427,Chelmno,2002,7,24,21.8,20.1
53.3686185504856,18.4165402756427,Chelmno,2002,7,25,22.32,20.8
53.3686185504856,18.4165402756427,Chelmno,2002,7,26,22.16,20.8
53.3686185504856,18.4165402756427,Chelmno,2002,7,27,21.9,21.2
53.3686185504856,18.4165402756427,Chelmno,2002,7,28,22.0,21.6
53.3686185504856,18.4165402756427,Chelmno,2002,7,29,21.9,21.8
53.3686185504856,18.4165402756427,Chelmno,2002,7,30,21.96,22.4
53.3686185504856,18.4165402756427,Chelmno,2002,7,31,21.56,22.6
53.3686185504856,18.4165402756427,Chelmno,2002,8,1,21.4,23.6
53.3686185504856,18.4165402756427,Chelmno,2002,8,2,21.46,24.2
53.3686185504856,18.4165402756427,Chelmno,2002,8,3,21.4,23.8
53.3686185504856,18.4165402756427,Chelmno,2002,8,4,21.24,23.6
53.3686185504856,18.4165402756427,Chelmno,2002,8,5,21.2,23.2
53.3686185504856,18.4165402756427,Chelmno,2002,8,6,21.34,23.0
53.3686185504856,18.4165402756427,Chelmno,2002,8,7,21.26,22.8
53.3686185504856,18.4165402756427,Chelmno,2002,8,8,21.3,22.0
53.3686185504856,18.4165402756427,Chelmno,2002,8,9,21.28,23.0
53.3686185504856,18.4165402756427,Chelmno,2002,8,10,21.38,23.2
53.3686185504856,18.4165402756427,Chelmno,2002,8,11,21.36,23.4
53.3686185504856,18.4165402756427,Chelmno,2002,8,12,21.3,23.6
53.3686185504856,18.4165402756427,Chelmno,2002,8,13,21.3,22.2
53.3686185504856,18.4165402756427,Chelmno,2002,8,14,21.28,22.2
53.3686185504856,18.4165402756427,Chelmno,2002,8,15,21.16,22.2
53.3686185504856,18.4165402756427,Chelmno,2002,8,16,21.16,22.2
53.3686185504856,18.4165402756427,Chelmno,2002,8,17,21.3,22.2
53.3686185504856,18.4165402756427,Chelmno,2002,8,18,21.26,22.2
53.3686185504856,18.4165402756427,Chelmno,2002,8,19,21.12,22.2
53.3686185504856,18.4165402756427,Chelmno,2002,8,20,21.3,22.0
53.3686185504856,18.4165402756427,Chelmno,2002,8,21,21.5,21.8
53.3686185504856,18.4165402756427,Chelmno,2002,8,22,21.74,22.4
53.3686185504856,18.4165402756427,Chelmno,2002,8,23,22.36,22.2
53.3686185504856,18.4165402756427,Chelmno,2002,8,24,22.38,22.2
53.3686185504856,18.4165402756427,Chelmno,2002,8,25,22.1,22.2
53.3686185504856,18.4165402756427,Chelmno,2002,8,26,22.06,21.8
53.3686185504856,18.4165402756427,Chelmno,2002,8,27,21.78,21.8
53.3686185504856,18.4165402756427,Chelmno,2002,8,28,21.5,21.8
53.3686185504856,18.4165402756427,Chelmno,2002,8,29,21.11,21.8
53.3686185504856,18.4165402756427,Chelmno,2002,8,30,21.42,21.6
53.3686185504856,18.4165402756427,Chelmno,2002,8,31,21.42,21.8
53.3686185504856,18.4165402756427,Chelmno,2002,9,1,21.18,21.2
53.3686185504856,18.4165402756427,Chelmno,2002,9,2,21.12,21.0
53.3686185504856,18.4165402756427,Chelmno,2002,9,3,21.02,20.8
53.3686185504856,18.4165402756427,Chelmno,2002,9,4,20.9,20.8
53.3686185504856,18.4165402756427,Chelmno,2002,9,5,20.9,20.6
53.3686185504856,18.4165402756427,Chelmno,2002,9,6,21.14,20.8
53.3686185504856,18.4165402756427,Chelmno,2002,9,7,20.98,20.8
53.3686185504856,18.4165402756427,Chelmno,2002,9,8,20.88,20.6
53.3686185504856,18.4165402756427,Chelmno,2002,9,9,20.9,20.6
53.3686185504856,18.4165402756427,Chelmno,2002,9,10,21.0,20.8
53.3686185504856,18.4165402756427,Chelmno,2002,9,11,21.04,20.1
53.3686185504856,18.4165402756427,Chelmno,2002,9,12,20.94,19.3
53.3686185504856,18.4165402756427,Chelmno,2002,9,13,20.88,18.3
53.3686185504856,18.4165402756427,Chelmno,2002,9,14,20.88,17.3
53.3686185504856,18.4165402756427,Chelmno,2002,9,15,20.9,16.7
53.3686185504856,18.4165402756427,Chelmno,2002,9,16,20.96,16.1
53.3686185504856,18.4165402756427,Chelmno,2002,9,17,21.0,16.3
53.3686185504856,18.4165402756427,Chelmno,2002,9,18,21.02,16.1
53.3686185504856,18.4165402756427,Chelmno,2002,9,19,21.06,15.7
53.3686185504856,18.4165402756427,Chelmno,2002,9,20,21.12,15.3
53.3686185504856,18.4165402756427,Chelmno,2002,9,21,20.94,14.9
53.3686185504856,18.4165402756427,Chelmno,2002,9,22,20.9,14.5
53.3686185504856,18.4165402756427,Chelmno,2002,9,23,20.96,13.3
53.3686185504856,18.4165402756427,Chelmno,2002,9,24,21.04,11.7
53.3686185504856,18.4165402756427,Chelmno,2002,9,25,21.16,13.1
53.3686185504856,18.4165402756427,Chelmno,2002,9,26,20.96,13.1
53.3686185504856,18.4165402756427,Chelmno,2002,9,27,21.06,13.1
53.3686185504856,18.4165402756427,Chelmno,2002,9,28,21.1,13.1
53.3686185504856,18.4165402756427,Chelmno,2002,9,29,20.94,13.1
53.3686185504856,18.4165402756427,Chelmno,2002,9,30,20.88,12.9
53.3686185504856,18.4165402756427,Chelmno,2002,10,1,20.88,12.9
53.3686185504856,18.4165402756427,Chelmno,2002,10,2,21.24,13.9
53.3686185504856,18.4165402756427,Chelmno,2002,10,3,21.46,13.7
53.3686185504856,18.4165402756427,Chelmno,2002,10,4,21.96,13.7
53.3686185504856,18.4165402756427,Chelmno,2002,10,5,21.14,12.9
53.3686185504856,18.4165402756427,Chelmno,2002,10,6,21.34,12.1
53.3686185504856,18.4165402756427,Chelmno,2002,10,7,21.52,11.7
53.3686185504856,18.4165402756427,Chelmno,2002,10,8,21.38,11.3
53.3686185504856,18.4165402756427,Chelmno,2002,10,9,21.4,10.5
53.3686185504856,18.4165402756427,Chelmno,2002,10,10,21.46,10.5
53.3686185504856,18.4165402756427,Chelmno,2002,10,11,21.34,10.0
53.3686185504856,18.4165402756427,Chelmno,2002,10,12,21.24,9.4
53.3686185504856,18.4165402756427,Chelmno,2002,10,13,21.2,8.6
53.3686185504856,18.4165402756427,Chelmno,2002,10,14,21.38,8.0
53.3686185504856,18.4165402756427,Chelmno,2002,10,15,21.34,8.0
53.3686185504856,18.4165402756427,Chelmno,2002,10,16,21.38,7.8
53.3686185504856,18.4165402756427,Chelmno,2002,10,17,21.42,8.4
53.3686185504856,18.4165402756427,Chelmno,2002,10,18,21.26,9.2
53.3686185504856,18.4165402756427,Chelmno,2002,10,19,21.38,8.6
53.3686185504856,18.4165402756427,Chelmno,2002,10,20,21.5,7.8
53.3686185504856,18.4165402756427,Chelmno,2002,10,21,21.94,7.2
53.3686185504856,18.4165402756427,Chelmno,2002,10,22,22.0,7.2
53.3686185504856,18.4165402756427,Chelmno,2002,10,23,22.06,7.6
53.3686185504856,18.4165402756427,Chelmno,2002,10,24,21.78,8.0
53.3686185504856,18.4165402756427,Chelmno,2002,10,25,22.38,8.0
53.3686185504856,18.4165402756427,Chelmno,2002,10,26,22.48,8.2
53.3686185504856,18.4165402756427,Chelmno,2002,10,27,22.46,8.2
53.3686185504856,18.4165402756427,Chelmno,2002,10,28,22.14,8.4
53.3686185504856,18.4165402756427,Chelmno,2002,10,29,22.1,8.0
53.3686185504856,18.4165402756427,Chelmno,2002,10,30,22.2,7.8
53.3686185504856,18.4165402756427,Chelmno,2002,10,31,22.62,7.6
53.3686185504856,18.4165402756427,Chelmno,2002,11,1,22.44,7.4
53.3686185504856,18.4165402756427,Chelmno,2002,11,2,22.34,7.0
53.3686185504856,18.4165402756427,Chelmno,2002,11,3,22.42,6.8
53.3686185504856,18.4165402756427,Chelmno,2002,11,4,22.42,6.6
53.3686185504856,18.4165402756427,Chelmno,2002,11,5,22.72,6.0
53.3686185504856,18.4165402756427,Chelmno,2002,11,6,22.46,5.6
53.3686185504856,18.4165402756427,Chelmno,2002,11,7,22.5,5.0
53.3686185504856,18.4165402756427,Chelmno,2002,11,8,22.44,4.4
53.3686185504856,18.4165402756427,Chelmno,2002,11,9,22.42,4.2
53.3686185504856,18.4165402756427,Chelmno,2002,11,10,22.56,4.0
53.3686185504856,18.4165402756427,Chelmno,2002,11,11,22.38,3.8
53.3686185504856,18.4165402756427,Chelmno,2002,11,12,22.34,3.6
53.3686185504856,18.4165402756427,Chelmno,2002,11,13,22.18,3.8
53.3686185504856,18.4165402756427,Chelmno,2002,11,14,22.18,3.8
53.3686185504856,18.4165402756427,Chelmno,2002,11,15,22.12,4.4
53.3686185504856,18.4165402756427,Chelmno,2002,11,16,22.14,4.6
53.3686185504856,18.4165402756427,Chelmno,2002,11,17,22.22,5.0
53.3686185504856,18.4165402756427,Chelmno,2002,11,18,22.2,4.8
53.3686185504856,18.4165402756427,Chelmno,2002,11,19,21.96,4.6
53.3686185504856,18.4165402756427,Chelmno,2002,11,20,22.08,4.4
53.3686185504856,18.4165402756427,Chelmno,2002,11,21,22.24,4.4
53.3686185504856,18.4165402756427,Chelmno,2002,11,22,22.38,4.6
53.3686185504856,18.4165402756427,Chelmno,2002,11,23,22.3,4.8
53.3686185504856,18.4165402756427,Chelmno,2002,11,24,21.86,5.0
53.3686185504856,18.4165402756427,Chelmno,2002,11,25,21.84,5.4
53.3686185504856,18.4165402756427,Chelmno,2002,11,26,22.16,5.4
53.3686185504856,18.4165402756427,Chelmno,2002,11,27,22.46,5.6
53.3686185504856,18.4165402756427,Chelmno,2002,11,28,21.66,5.6
53.3686185504856,18.4165402756427,Chelmno,2002,11,29,21.78,5.4
53.3686185504856,18.4165402756427,Chelmno,2002,11,30,21.98,4.6
53.3686185504856,18.4165402756427,Chelmno,2003,5,1,22.2,13.3
53.3686185504856,18.4165402756427,Chelmno,2003,5,2,22.26,13.5
53.3686185504856,18.4165402756427,Chelmno,2003,5,3,22.28,13.7
53.3686185504856,18.4165402756427,Chelmno,2003,5,4,22.16,14.1
53.3686185504856,18.4165402756427,Chelmno,2003,5,5,22.06,14.3
53.3686185504856,18.4165402756427,Chelmno,2003,5,6,22.14,15.1
53.3686185504856,18.4165402756427,Chelmno,2003,5,7,22.1,16.3
53.3686185504856,18.4165402756427,Chelmno,2003,5,8,22.0,15.9
53.3686185504856,18.4165402756427,Chelmno,2003,5,9,21.92,16.7
53.3686185504856,18.4165402756427,Chelmno,2003,5,10,21.94,16.7
53.3686185504856,18.4165402756427,Chelmno,2003,5,11,21.92,16.7
53.3686185504856,18.4165402756427,Chelmno,2003,5,12,21.92,16.5
53.3686185504856,18.4165402756427,Chelmno,2003,5,13,21.82,17.1
53.3686185504856,18.4165402756427,Chelmno,2003,5,14,21.88,17.1
53.3686185504856,18.4165402756427,Chelmno,2003,5,15,21.86,16.5
53.3686185504856,18.4165402756427,Chelmno,2003,5,16,21.88,15.9
53.3686185504856,18.4165402756427,Chelmno,2003,5,17,21.9,16.1
53.3686185504856,18.4165402756427,Chelmno,2003,5,18,21.76,16.3
53.3686185504856,18.4165402756427,Chelmno,2003,5,19,22.12,16.7
53.3686185504856,18.4165402756427,Chelmno,2003,5,20,22.32,17.1
53.3686185504856,18.4165402756427,Chelmno,2003,5,21,22.26,16.9
53.3686185504856,18.4165402756427,Chelmno,2003,5,22,22.54,16.7
53.3686185504856,18.4165402756427,Chelmno,2003,5,23,22.58,17.3
53.3686185504856,18.4165402756427,Chelmno,2003,5,24,22.56,17.9
53.3686185504856,18.4165402756427,Chelmno,2003,5,25,22.32,19.1
53.3686185504856,18.4165402756427,Chelmno,2003,5,26,22.28,19.7
53.3686185504856,18.4165402756427,Chelmno,2003,5,27,22.24,19.7
53.3686185504856,18.4165402756427,Chelmno,2003,5,28,22.86,18.7
53.3686185504856,18.4165402756427,Chelmno,2003,5,29,23.06,18.5
53.3686185504856,18.4165402756427,Chelmno,2003,5,30,23.18,19.5
53.3686185504856,18.4165402756427,Chelmno,2003,5,31,22.96,19.9
53.3686185504856,18.4165402756427,Chelmno,2003,6,1,22.6,20.1
53.3686185504856,18.4165402756427,Chelmno,2003,6,2,22.42,20.4
53.3686185504856,18.4165402756427,Chelmno,2003,6,3,22.2,20.8
53.3686185504856,18.4165402756427,Chelmno,2003,6,4,22.08,21.4
53.3686185504856,18.4165402756427,Chelmno,2003,6,5,22.02,21.4
53.3686185504856,18.4165402756427,Chelmno,2003,6,6,21.86,22.6
53.3686185504856,18.4165402756427,Chelmno,2003,6,7,21.72,22.6
53.3686185504856,18.4165402756427,Chelmno,2003,6,8,21.94,22.8
53.3686185504856,18.4165402756427,Chelmno,2003,6,9,21.74,23.0
53.3686185504856,18.4165402756427,Chelmno,2003,6,10,21.48,22.0
53.3686185504856,18.4165402756427,Chelmno,2003,6,11,21.52,22.0
53.3686185504856,18.4165402756427,Chelmno,2003,6,12,21.62,21.8
53.3686185504856,18.4165402756427,Chelmno,2003,6,13,21.32,22.0
53.3686185504856,18.4165402756427,Chelmno,2003,6,14,21.14,21.4
53.3686185504856,18.4165402756427,Chelmno,2003,6,15,21.4,21.0
53.3686185504856,18.4165402756427,Chelmno,2003,6,16,21.14,20.1
53.3686185504856,18.4165402756427,Chelmno,2003,6,17,21.06,19.1
53.3686185504856,18.4165402756427,Chelmno,2003,6,18,21.02,19.1
53.3686185504856,18.4165402756427,Chelmno,2003,6,19,21.28,19.3
53.3686185504856,18.4165402756427,Chelmno,2003,6,20,21.28,19.7
53.3686185504856,18.4165402756427,Chelmno,2003,6,21,21.18,19.3
53.3686185504856,18.4165402756427,Chelmno,2003,6,22,21.06,18.7
53.3686185504856,18.4165402756427,Chelmno,2003,6,23,21.06,18.1
53.3686185504856,18.4165402756427,Chelmno,2003,6,24,21.02,18.5
53.3686185504856,18.4165402756427,Chelmno,2003,6,25,20.96,18.3
53.3686185504856,18.4165402756427,Chelmno,2003,6,26,20.9,18.1
53.3686185504856,18.4165402756427,Chelmno,2003,6,27,20.86,18.3
53.3686185504856,18.4165402756427,Chelmno,2003,6,28,20.84,18.7
53.3686185504856,18.4165402756427,Chelmno,2003,6,29,20.88,19.5
53.3686185504856,18.4165402756427,Chelmno,2003,6,30,20.96,20.1
53.3686185504856,18.4165402756427,Chelmno,2003,7,1,20.92,20.6
53.3686185504856,18.4165402756427,Chelmno,2003,7,2,20.88,20.1
53.3686185504856,18.4165402756427,Chelmno,2003,7,3,20.94,19.5
53.3686185504856,18.4165402756427,Chelmno,2003,7,4,20.86,19.5
53.3686185504856,18.4165402756427,Chelmno,2003,7,5,20.82,19.3
53.3686185504856,18.4165402756427,Chelmno,2003,7,6,20.84,19.1
53.3686185504856,18.4165402756427,Chelmno,2003,7,7,20.96,19.1
53.3686185504856,18.4165402756427,Chelmno,2003,7,8,20.96,18.7
53.3686185504856,18.4165402756427,Chelmno,2003,7,9,20.82,19.1
53.3686185504856,18.4165402756427,Chelmno,2003,7,10,20.72,18.7
53.3686185504856,18.4165402756427,Chelmno,2003,7,11,20.68,18.5
53.3686185504856,18.4165402756427,Chelmno,2003,7,12,20.88,18.7
53.3686185504856,18.4165402756427,Chelmno,2003,7,13,21.6,18.9
53.3686185504856,18.4165402756427,Chelmno,2003,7,14,21.02,19.3
53.3686185504856,18.4165402756427,Chelmno,2003,7,15,21.07,19.3
53.3686185504856,18.4165402756427,Chelmno,2003,7,16,20.86,19.1
53.3686185504856,18.4165402756427,Chelmno,2003,7,17,20.94,21.4
53.3686185504856,18.4165402756427,Chelmno,2003,7,18,20.92,22.6
53.3686185504856,18.4165402756427,Chelmno,2003,7,19,20.88,22.8
53.3686185504856,18.4165402756427,Chelmno,2003,7,20,20.9,23.0
53.3686185504856,18.4165402756427,Chelmno,2003,7,21,20.92,23.0
53.3686185504856,18.4165402756427,Chelmno,2003,7,22,20.74,23.4
53.3686185504856,18.4165402756427,Chelmno,2003,7,23,20.7,22.6
53.3686185504856,18.4165402756427,Chelmno,2003,7,24,20.64,22.2
53.3686185504856,18.4165402756427,Chelmno,2003,7,25,20.68,23.0
53.3686185504856,18.4165402756427,Chelmno,2003,7,26,20.92,23.4
53.3686185504856,18.4165402756427,Chelmno,2003,7,27,20.82,24.0
53.3686185504856,18.4165402756427,Chelmno,2003,7,28,20.94,24.6
53.3686185504856,18.4165402756427,Chelmno,2003,7,29,20.94,24.0
53.3686185504856,18.4165402756427,Chelmno,2003,7,30,20.98,22.6
53.3686185504856,18.4165402756427,Chelmno,2003,7,31,20.92,21.8
53.3686185504856,18.4165402756427,Chelmno,2003,8,1,20.86,22.4
53.3686185504856,18.4165402756427,Chelmno,2003,8,2,20.84,23.0
53.3686185504856,18.4165402756427,Chelmno,2003,8,3,20.86,23.8
53.3686185504856,18.4165402756427,Chelmno,2003,8,4,20.88,24.6
53.3686185504856,18.4165402756427,Chelmno,2003,8,5,20.84,23.6
53.3686185504856,18.4165402756427,Chelmno,2003,8,6,20.72,22.8
53.3686185504856,18.4165402756427,Chelmno,2003,8,7,20.73,22.2
53.3686185504856,18.4165402756427,Chelmno,2003,8,8,20.72,22.4
53.3686185504856,18.4165402756427,Chelmno,2003,8,9,20.7,23.0
53.3686185504856,18.4165402756427,Chelmno,2003,8,10,20.68,23.6
53.3686185504856,18.4165402756427,Chelmno,2003,8,11,20.76,24.4
53.3686185504856,18.4165402756427,Chelmno,2003,8,12,20.74,24.4
53.3686185504856,18.4165402756427,Chelmno,2003,8,13,20.66,24.4
53.3686185504856,18.4165402756427,Chelmno,2003,8,14,20.62,23.0
53.3686185504856,18.4165402756427,Chelmno,2003,8,15,20.6,22.2
53.3686185504856,18.4165402756427,Chelmno,2003,8,16,20.74,21.4
53.3686185504856,18.4165402756427,Chelmno,2003,8,17,20.72,20.0
53.3686185504856,18.4165402756427,Chelmno,2003,8,18,20.58,19.5
53.3686185504856,18.4165402756427,Chelmno,2003,8,19,20.54,20.4
53.3686185504856,18.4165402756427,Chelmno,2003,8,20,20.43,19.9
53.3686185504856,18.4165402756427,Chelmno,2003,8,21,20.45,19.7
53.3686185504856,18.4165402756427,Chelmno,2003,8,22,20.42,19.1
53.3686185504856,18.4165402756427,Chelmno,2003,8,23,20.41,18.7
53.3686185504856,18.4165402756427,Chelmno,2003,8,24,20.46,18.7
53.3686185504856,18.4165402756427,Chelmno,2003,8,25,20.63,18.5
53.3686185504856,18.4165402756427,Chelmno,2003,8,26,20.64,18.1
53.3686185504856,18.4165402756427,Chelmno,2003,8,27,20.55,16.7
53.3686185504856,18.4165402756427,Chelmno,2003,8,28,20.46,15.8
53.3686185504856,18.4165402756427,Chelmno,2003,8,29,20.46,15.9
53.3686185504856,18.4165402756427,Chelmno,2003,8,30,20.43,15.9
53.3686185504856,18.4165402756427,Chelmno,2003,8,31,20.41,16.1
53.3686185504856,18.4165402756427,Chelmno,2003,9,1,20.51,15.3
53.3686185504856,18.4165402756427,Chelmno,2003,9,2,20.5,14.7
53.3686185504856,18.4165402756427,Chelmno,2003,9,3,20.43,14.1
53.3686185504856,18.4165402756427,Chelmno,2003,9,4,20.43,14.5
53.3686185504856,18.4165402756427,Chelmno,2003,9,5,20.41,14.9
53.3686185504856,18.4165402756427,Chelmno,2003,9,6,20.4,15.3
53.3686185504856,18.4165402756427,Chelmno,2003,9,7,20.48,15.7
53.3686185504856,18.4165402756427,Chelmno,2003,9,8,20.41,15.9
53.3686185504856,18.4165402756427,Chelmno,2003,9,9,20.36,16.1
53.3686185504856,18.4165402756427,Chelmno,2003,9,10,20.26,15.9
53.3686185504856,18.4165402756427,Chelmno,2003,9,11,20.29,16.3
53.3686185504856,18.4165402756427,Chelmno,2003,9,12,20.36,16.1
53.3686185504856,18.4165402756427,Chelmno,2003,9,13,20.36,16.1
53.3686185504856,18.4165402756427,Chelmno,2003,9,14,20.35,16.1
53.3686185504856,18.4165402756427,Chelmno,2003,9,15,20.43,16.3
53.3686185504856,18.4165402756427,Chelmno,2003,9,16,20.46,16.3
53.3686185504856,18.4165402756427,Chelmno,2003,9,17,20.78,16.3
53.3686185504856,18.4165402756427,Chelmno,2003,9,18,20.78,16.1
53.3686185504856,18.4165402756427,Chelmno,2003,9,19,20.5,16.3
53.3686185504856,18.4165402756427,Chelmno,2003,9,20,20.43,16.7
53.3686185504856,18.4165402756427,Chelmno,2003,9,21,20.41,16.9
53.3686185504856,18.4165402756427,Chelmno,2003,9,22,20.41,17.1
53.3686185504856,18.4165402756427,Chelmno,2003,9,23,20.4,16.9
53.3686185504856,18.4165402756427,Chelmno,2003,9,24,20.38,15.1
53.3686185504856,18.4165402756427,Chelmno,2003,9,25,20.52,14.7
53.3686185504856,18.4165402756427,Chelmno,2003,9,26,20.38,13.9
53.3686185504856,18.4165402756427,Chelmno,2003,9,27,20.36,13.9
53.3686185504856,18.4165402756427,Chelmno,2003,9,28,20.32,13.7
53.3686185504856,18.4165402756427,Chelmno,2003,9,29,20.39,13.7
53.3686185504856,18.4165402756427,Chelmno,2003,9,30,20.39,13.9
53.3686185504856,18.4165402756427,Chelmno,2003,10,1,20.42,13.7
53.3686185504856,18.4165402756427,Chelmno,2003,10,2,20.43,14.1
53.3686185504856,18.4165402756427,Chelmno,2003,10,3,20.33,13.3
53.3686185504856,18.4165402756427,Chelmno,2003,10,4,20.45,13.1
53.3686185504856,18.4165402756427,Chelmno,2003,10,5,20.45,12.9
53.3686185504856,18.4165402756427,Chelmno,2003,10,6,20.4,12.7
53.3686185504856,18.4165402756427,Chelmno,2003,10,7,20.4,11.9
53.3686185504856,18.4165402756427,Chelmno,2003,10,8,20.35,10.9
53.3686185504856,18.4165402756427,Chelmno,2003,10,9,20.45,10.9
53.3686185504856,18.4165402756427,Chelmno,2003,10,10,20.73,10.5
53.3686185504856,18.4165402756427,Chelmno,2003,10,11,21.04,10.5
53.3686185504856,18.4165402756427,Chelmno,2003,10,12,20.92,10.5
53.3686185504856,18.4165402756427,Chelmno,2003,10,13,20.9,10.5
53.3686185504856,18.4165402756427,Chelmno,2003,10,14,20.8,9.8
53.3686185504856,18.4165402756427,Chelmno,2003,10,15,20.98,9.6
53.3686185504856,18.4165402756427,Chelmno,2003,10,16,20.97,9.2
53.3686185504856,18.4165402756427,Chelmno,2003,10,17,20.78,8.4
53.3686185504856,18.4165402756427,Chelmno,2003,10,18,20.74,8.0
53.3686185504856,18.4165402756427,Chelmno,2003,10,19,20.76,7.8
53.3686185504856,18.4165402756427,Chelmno,2003,10,20,20.91,7.6
53.3686185504856,18.4165402756427,Chelmno,2003,10,21,20.96,7.6
53.3686185504856,18.4165402756427,Chelmno,2003,10,22,21.56,7.2
53.3686185504856,18.4165402756427,Chelmno,2003,10,23,21.38,6.8
53.3686185504856,18.4165402756427,Chelmno,2003,10,24,21.04,6.0
53.3686185504856,18.4165402756427,Chelmno,2003,10,25,20.96,5.8
53.3686185504856,18.4165402756427,Chelmno,2003,10,26,20.82,5.2
53.3686185504856,18.4165402756427,Chelmno,2003,10,27,20.87,4.8
53.3686185504856,18.4165402756427,Chelmno,2003,10,28,20.82,4.6
53.3686185504856,18.4165402756427,Chelmno,2003,10,29,20.86,4.4
53.3686185504856,18.4165402756427,Chelmno,2003,10,30,20.98,4.4
53.3686185504856,18.4165402756427,Chelmno,2003,10,31,21.1,4.4
53.3686185504856,18.4165402756427,Chelmno,2003,11,1,21.36,4.6
53.3686185504856,18.4165402756427,Chelmno,2003,11,2,21.02,4.8
53.3686185504856,18.4165402756427,Chelmno,2003,11,3,20.92,4.8
53.3686185504856,18.4165402756427,Chelmno,2003,11,4,20.92,6.0
53.3686185504856,18.4165402756427,Chelmno,2003,11,5,20.94,6.0
53.3686185504856,18.4165402756427,Chelmno,2003,11,6,20.98,6.0
53.3686185504856,18.4165402756427,Chelmno,2003,11,7,21.06,5.8
53.3686185504856,18.4165402756427,Chelmno,2003,11,8,20.98,5.6
53.3686185504856,18.4165402756427,Chelmno,2003,11,9,20.9,5.4
53.3686185504856,18.4165402756427,Chelmno,2003,11,10,20.88,5.2
53.3686185504856,18.4165402756427,Chelmno,2003,11,11,20.84,4.6
53.3686185504856,18.4165402756427,Chelmno,2003,11,12,20.84,4.2
53.3686185504856,18.4165402756427,Chelmno,2003,11,13,20.86,4.0
53.3686185504856,18.4165402756427,Chelmno,2003,11,14,20.74,3.6
53.3686185504856,18.4165402756427,Chelmno,2003,11,15,20.9,3.6
53.3686185504856,18.4165402756427,Chelmno,2003,11,16,20.95,3.6
53.3686185504856,18.4165402756427,Chelmno,2003,11,17,20.96,3.6
53.3686185504856,18.4165402756427,Chelmno,2003,11,18,20.94,3.6
53.3686185504856,18.4165402756427,Chelmno,2003,11,19,21.06,4.2
53.3686185504856,18.4165402756427,Chelmno,2003,11,20,21.0,5.0
53.3686185504856,18.4165402756427,Chelmno,2003,11,21,20.94,5.6
53.3686185504856,18.4165402756427,Chelmno,2003,11,22,21.14,5.4
53.3686185504856,18.4165402756427,Chelmno,2003,11,23,21.0,5.2
53.3686185504856,18.4165402756427,Chelmno,2003,11,24,20.96,5.0
53.3686185504856,18.4165402756427,Chelmno,2003,11,25,21.1,5.0
53.3686185504856,18.4165402756427,Chelmno,2003,11,26,21.12,5.2
53.3686185504856,18.4165402756427,Chelmno,2003,11,27,21.04,5.4
53.3686185504856,18.4165402756427,Chelmno,2003,11,28,21.0,6.0
53.3686185504856,18.4165402756427,Chelmno,2003,11,29,21.2,6.2
53.3686185504856,18.4165402756427,Chelmno,2003,11,30,21.06,6.0
53.3686185504856,18.4165402756427,Chelmno,2004,5,1,22.32,13.7
53.3686185504856,18.4165402756427,Chelmno,2004,5,2,22.24,13.9
53.3686185504856,18.4165402756427,Chelmno,2004,5,3,22.22,14.1
53.3686185504856,18.4165402756427,Chelmno,2004,5,4,22.28,14.3
53.3686185504856,18.4165402756427,Chelmno,2004,5,5,22.11,15.1
53.3686185504856,18.4165402756427,Chelmno,2004,5,6,21.91,15.9
53.3686185504856,18.4165402756427,Chelmno,2004,5,7,21.9,16.1
53.3686185504856,18.4165402756427,Chelmno,2004,5,8,21.9,15.3
53.3686185504856,18.4165402756427,Chelmno,2004,5,9,21.86,14.9
53.3686185504856,18.4165402756427,Chelmno,2004,5,10,21.94,14.7
53.3686185504856,18.4165402756427,Chelmno,2004,5,11,22.14,15.5
53.3686185504856,18.4165402756427,Chelmno,2004,5,12,22.08,15.9
53.3686185504856,18.4165402756427,Chelmno,2004,5,13,22.19,15.7
53.3686185504856,18.4165402756427,Chelmno,2004,5,14,22.32,14.5
53.3686185504856,18.4165402756427,Chelmno,2004,5,15,22.26,14.5
53.3686185504856,18.4165402756427,Chelmno,2004,5,16,22.42,14.7
53.3686185504856,18.4165402756427,Chelmno,2004,5,17,22.53,14.7
53.3686185504856,18.4165402756427,Chelmno,2004,5,18,22.53,15.3
53.3686185504856,18.4165402756427,Chelmno,2004,5,19,22.53,14.9
53.3686185504856,18.4165402756427,Chelmno,2004,5,20,22.52,14.7
53.3686185504856,18.4165402756427,Chelmno,2004,5,21,22.26,14.1
53.3686185504856,18.4165402756427,Chelmno,2004,5,22,22.12,13.9
53.3686185504856,18.4165402756427,Chelmno,2004,5,23,22.24,13.9
53.3686185504856,18.4165402756427,Chelmno,2004,5,24,22.2,13.9
53.3686185504856,18.4165402756427,Chelmno,2004,5,25,22.21,13.9
53.3686185504856,18.4165402756427,Chelmno,2004,5,26,22.16,13.7
53.3686185504856,18.4165402756427,Chelmno,2004,5,27,21.98,13.5
53.3686185504856,18.4165402756427,Chelmno,2004,5,28,21.8,14.5
53.3686185504856,18.4165402756427,Chelmno,2004,5,29,21.94,15.3
53.3686185504856,18.4165402756427,Chelmno,2004,5,30,21.98,15.7
53.3686185504856,18.4165402756427,Chelmno,2004,5,31,21.98,15.9
53.3686185504856,18.4165402756427,Chelmno,2004,6,1,22.02,16.1
53.3686185504856,18.4165402756427,Chelmno,2004,6,2,21.96,16.3
53.3686185504856,18.4165402756427,Chelmno,2004,6,3,21.86,17.1
53.3686185504856,18.4165402756427,Chelmno,2004,6,4,21.76,17.5
53.3686185504856,18.4165402756427,Chelmno,2004,6,5,21.58,17.9
53.3686185504856,18.4165402756427,Chelmno,2004,6,6,21.66,18.3
53.3686185504856,18.4165402756427,Chelmno,2004,6,7,21.86,18.9
53.3686185504856,18.4165402756427,Chelmno,2004,6,8,21.78,19.3
53.3686185504856,18.4165402756427,Chelmno,2004,6,9,21.52,18.9
53.3686185504856,18.4165402756427,Chelmno,2004,6,10,21.34,18.9
53.3686185504856,18.4165402756427,Chelmno,2004,6,11,21.36,18.9
53.3686185504856,18.4165402756427,Chelmno,2004,6,12,21.44,18.9
53.3686185504856,18.4165402756427,Chelmno,2004,6,13,21.58,18.9
53.3686185504856,18.4165402756427,Chelmno,2004,6,14,21.72,19.1
53.3686185504856,18.4165402756427,Chelmno,2004,6,15,21.61,18.5
53.3686185504856,18.4165402756427,Chelmno,2004,6,16,21.44,17.7
53.3686185504856,18.4165402756427,Chelmno,2004,6,17,21.3,16.9
53.3686185504856,18.4165402756427,Chelmno,2004,6,18,21.58,16.7
53.3686185504856,18.4165402756427,Chelmno,2004,6,19,21.58,16.9
53.3686185504856,18.4165402756427,Chelmno,2004,6,20,21.56,17.3
53.3686185504856,18.4165402756427,Chelmno,2004,6,21,21.7,17.7
53.3686185504856,18.4165402756427,Chelmno,2004,6,22,21.74,18.1
53.3686185504856,18.4165402756427,Chelmno,2004,6,23,21.68,18.9
53.3686185504856,18.4165402756427,Chelmno,2004,6,24,21.51,19.3
53.3686185504856,18.4165402756427,Chelmno,2004,6,25,21.36,19.3
53.3686185504856,18.4165402756427,Chelmno,2004,6,26,21.32,18.9
53.3686185504856,18.4165402756427,Chelmno,2004,6,27,21.28,18.7
53.3686185504856,18.4165402756427,Chelmno,2004,6,28,21.28,18.3
53.3686185504856,18.4165402756427,Chelmno,2004,6,29,21.65,18.1
53.3686185504856,18.4165402756427,Chelmno,2004,6,30,21.74,17.7
53.3686185504856,18.4165402756427,Chelmno,2004,7,1,21.26,18.5
53.3686185504856,18.4165402756427,Chelmno,2004,7,2,21.4,18.9
53.3686185504856,18.4165402756427,Chelmno,2004,7,3,21.46,18.9
53.3686185504856,18.4165402756427,Chelmno,2004,7,4,21.3,18.9
53.3686185504856,18.4165402756427,Chelmno,2004,7,5,21.24,18.9
53.3686185504856,18.4165402756427,Chelmno,2004,7,6,21.34,18.9
53.3686185504856,18.4165402756427,Chelmno,2004,7,7,21.2,18.9
53.3686185504856,18.4165402756427,Chelmno,2004,7,8,21.14,19.1
53.3686185504856,18.4165402756427,Chelmno,2004,7,9,21.18,19.7
53.3686185504856,18.4165402756427,Chelmno,2004,7,10,21.23,19.5
53.3686185504856,18.4165402756427,Chelmno,2004,7,11,21.17,19.1
53.3686185504856,18.4165402756427,Chelmno,2004,7,12,21.12,18.9
53.3686185504856,18.4165402756427,Chelmno,2004,7,13,21.18,18.3
53.3686185504856,18.4165402756427,Chelmno,2004,7,14,21.06,17.9
53.3686185504856,18.4165402756427,Chelmno,2004,7,15,21.08,17.5
53.3686185504856,18.4165402756427,Chelmno,2004,7,16,21.11,17.5
53.3686185504856,18.4165402756427,Chelmno,2004,7,17,21.16,19.1
53.3686185504856,18.4165402756427,Chelmno,2004,7,18,21.1,20.1
53.3686185504856,18.4165402756427,Chelmno,2004,7,19,21.01,20.8
53.3686185504856,18.4165402756427,Chelmno,2004,7,20,21.06,20.8
53.3686185504856,18.4165402756427,Chelmno,2004,7,21,21.1,21.6
53.3686185504856,18.4165402756427,Chelmno,2004,7,22,21.04,22.2
53.3686185504856,18.4165402756427,Chelmno,2004,7,23,21.02,22.0
53.3686185504856,18.4165402756427,Chelmno,2004,7,24,21.03,22.0
53.3686185504856,18.4165402756427,Chelmno,2004,7,25,20.96,22.0
53.3686185504856,18.4165402756427,Chelmno,2004,7,26,20.96,22.0
53.3686185504856,18.4165402756427,Chelmno,2004,7,27,21.0,19.9
53.3686185504856,18.4165402756427,Chelmno,2004,7,28,21.06,19.7
53.3686185504856,18.4165402756427,Chelmno,2004,7,29,21.06,19.9
53.3686185504856,18.4165402756427,Chelmno,2004,7,30,21.02,20.1
53.3686185504856,18.4165402756427,Chelmno,2004,7,31,21.06,21.6
53.3686185504856,18.4165402756427,Chelmno,2004,8,1,21.15,22.0
53.3686185504856,18.4165402756427,Chelmno,2004,8,2,21.46,22.2
53.3686185504856,18.4165402756427,Chelmno,2004,8,3,21.68,21.6
53.3686185504856,18.4165402756427,Chelmno,2004,8,4,22.63,21.6
53.3686185504856,18.4165402756427,Chelmno,2004,8,5,23.27,21.8
53.3686185504856,18.4165402756427,Chelmno,2004,8,6,23.74,22.0
53.3686185504856,18.4165402756427,Chelmno,2004,8,7,24.4,21.8
53.3686185504856,18.4165402756427,Chelmno,2004,8,8,24.68,21.4
53.3686185504856,18.4165402756427,Chelmno,2004,8,9,23.64,20.6
53.3686185504856,18.4165402756427,Chelmno,2004,8,10,22.96,20.8
53.3686185504856,18.4165402756427,Chelmno,2004,8,11,22.58,21.6
53.3686185504856,18.4165402756427,Chelmno,2004,8,12,22.06,22.0
53.3686185504856,18.4165402756427,Chelmno,2004,8,13,22.22,22.6
53.3686185504856,18.4165402756427,Chelmno,2004,8,14,21.96,21.8
53.3686185504856,18.4165402756427,Chelmno,2004,8,15,21.88,21.6
53.3686185504856,18.4165402756427,Chelmno,2004,8,16,22.08,20.8
53.3686185504856,18.4165402756427,Chelmno,2004,8,17,22.21,21.6
53.3686185504856,18.4165402756427,Chelmno,2004,8,18,21.87,22.0
53.3686185504856,18.4165402756427,Chelmno,2004,8,19,21.68,21.8
53.3686185504856,18.4165402756427,Chelmno,2004,8,20,21.56,22.0
53.3686185504856,18.4165402756427,Chelmno,2004,8,21,21.24,21.4
53.3686185504856,18.4165402756427,Chelmno,2004,8,22,21.13,20.8
53.3686185504856,18.4165402756427,Chelmno,2004,8,23,21.18,20.1
53.3686185504856,18.4165402756427,Chelmno,2004,8,24,21.1,19.7
53.3686185504856,18.4165402756427,Chelmno,2004,8,25,21.18,19.9
53.3686185504856,18.4165402756427,Chelmno,2004,8,26,21.36,19.9
53.3686185504856,18.4165402756427,Chelmno,2004,8,27,21.28,19.9
53.3686185504856,18.4165402756427,Chelmno,2004,8,28,21.31,19.9
53.3686185504856,18.4165402756427,Chelmno,2004,8,29,21.46,19.9
53.3686185504856,18.4165402756427,Chelmno,2004,8,30,21.79,19.9
53.3686185504856,18.4165402756427,Chelmno,2004,8,31,21.86,20.6
53.3686185504856,18.4165402756427,Chelmno,2004,9,1,22.18,19.5
53.3686185504856,18.4165402756427,Chelmno,2004,9,2,21.59,18.3
53.3686185504856,18.4165402756427,Chelmno,2004,9,3,21.66,18.3
53.3686185504856,18.4165402756427,Chelmno,2004,9,4,21.4,18.3
53.3686185504856,18.4165402756427,Chelmno,2004,9,5,21.32,18.3
53.3686185504856,18.4165402756427,Chelmno,2004,9,6,21.34,18.5
53.3686185504856,18.4165402756427,Chelmno,2004,9,7,21.52,19.1
53.3686185504856,18.4165402756427,Chelmno,2004,9,8,21.72,19.1
53.3686185504856,18.4165402756427,Chelmno,2004,9,9,21.87,18.3
53.3686185504856,18.4165402756427,Chelmno,2004,9,10,22.11,17.1
53.3686185504856,18.4165402756427,Chelmno,2004,9,11,21.52,17.1
53.3686185504856,18.4165402756427,Chelmno,2004,9,12,21.3,17.1
53.3686185504856,18.4165402756427,Chelmno,2004,9,13,20.98,17.3
53.3686185504856,18.4165402756427,Chelmno,2004,9,14,20.94,17.3
53.3686185504856,18.4165402756427,Chelmno,2004,9,15,20.91,17.7
53.3686185504856,18.4165402756427,Chelmno,2004,9,16,20.92,17.1
53.3686185504856,18.4165402756427,Chelmno,2004,9,17,21.12,16.1
53.3686185504856,18.4165402756427,Chelmno,2004,9,18,21.22,16.1
53.3686185504856,18.4165402756427,Chelmno,2004,9,19,21.06,16.1
53.3686185504856,18.4165402756427,Chelmno,2004,9,20,21.45,16.3
53.3686185504856,18.4165402756427,Chelmno,2004,9,21,21.66,16.5
53.3686185504856,18.4165402756427,Chelmno,2004,9,22,21.51,15.7
53.3686185504856,18.4165402756427,Chelmno,2004,9,23,20.96,14.1
53.3686185504856,18.4165402756427,Chelmno,2004,9,24,20.9,13.7
53.3686185504856,18.4165402756427,Chelmno,2004,9,25,20.9,13.9
53.3686185504856,18.4165402756427,Chelmno,2004,9,26,20.9,14.1
53.3686185504856,18.4165402756427,Chelmno,2004,9,27,20.9,14.1
53.3686185504856,18.4165402756427,Chelmno,2004,9,28,20.87,14.1
53.3686185504856,18.4165402756427,Chelmno,2004,9,29,20.87,14.1
53.3686185504856,18.4165402756427,Chelmno,2004,9,30,20.87,13.9
53.3686185504856,18.4165402756427,Chelmno,2004,10,1,20.82,13.7
53.3686185504856,18.4165402756427,Chelmno,2004,10,2,20.86,13.5
53.3686185504856,18.4165402756427,Chelmno,2004,10,3,20.87,13.5
53.3686185504856,18.4165402756427,Chelmno,2004,10,4,20.87,13.3
53.3686185504856,18.4165402756427,Chelmno,2004,10,5,20.86,13.3
53.3686185504856,18.4165402756427,Chelmno,2004,10,6,20.86,14.1
53.3686185504856,18.4165402756427,Chelmno,2004,10,7,20.86,14.7
53.3686185504856,18.4165402756427,Chelmno,2004,10,8,20.96,13.7
53.3686185504856,18.4165402756427,Chelmno,2004,10,9,21.62,12.9
53.3686185504856,18.4165402756427,Chelmno,2004,10,10,21.32,12.5
53.3686185504856,18.4165402756427,Chelmno,2004,10,11,20.92,11.9
53.3686185504856,18.4165402756427,Chelmno,2004,10,12,20.9,10.7
53.3686185504856,18.4165402756427,Chelmno,2004,10,13,20.88,9.8
53.3686185504856,18.4165402756427,Chelmno,2004,10,14,20.86,9.2
53.3686185504856,18.4165402756427,Chelmno,2004,10,15,21.02,9.0
53.3686185504856,18.4165402756427,Chelmno,2004,10,16,21.06,9.2
53.3686185504856,18.4165402756427,Chelmno,2004,10,17,21.08,9.4
53.3686185504856,18.4165402756427,Chelmno,2004,10,18,21.1,9.8
53.3686185504856,18.4165402756427,Chelmno,2004,10,19,21.22,9.6
53.3686185504856,18.4165402756427,Chelmno,2004,10,20,21.22,9.4
53.3686185504856,18.4165402756427,Chelmno,2004,10,21,21.2,9.0
53.3686185504856,18.4165402756427,Chelmno,2004,10,22,21.34,8.6
53.3686185504856,18.4165402756427,Chelmno,2004,10,23,21.2,8.8
53.3686185504856,18.4165402756427,Chelmno,2004,10,24,21.22,9.6
53.3686185504856,18.4165402756427,Chelmno,2004,10,25,21.26,10.5
53.3686185504856,18.4165402756427,Chelmno,2004,10,26,21.6,10.9
53.3686185504856,18.4165402756427,Chelmno,2004,10,27,21.61,10.5
53.3686185504856,18.4165402756427,Chelmno,2004,10,28,21.46,9.4
53.3686185504856,18.4165402756427,Chelmno,2004,10,29,21.39,9.6
53.3686185504856,18.4165402756427,Chelmno,2004,10,30,21.36,9.8
53.3686185504856,18.4165402756427,Chelmno,2004,10,31,21.3,10.0
53.3686185504856,18.4165402756427,Chelmno,2004,11,1,21.26,10.5
53.3686185504856,18.4165402756427,Chelmno,2004,11,2,21.22,10.3
53.3686185504856,18.4165402756427,Chelmno,2004,11,3,21.03,9.4
53.3686185504856,18.4165402756427,Chelmno,2004,11,4,21.06,9.4
53.3686185504856,18.4165402756427,Chelmno,2004,11,5,21.32,10.3
53.3686185504856,18.4165402756427,Chelmno,2004,11,6,21.22,9.4
53.3686185504856,18.4165402756427,Chelmno,2004,11,7,21.2,8.6
53.3686185504856,18.4165402756427,Chelmno,2004,11,8,21.22,8.0
53.3686185504856,18.4165402756427,Chelmno,2004,11,9,21.25,8.0
53.3686185504856,18.4165402756427,Chelmno,2004,11,10,21.4,8.0
53.3686185504856,18.4165402756427,Chelmno,2004,11,11,21.4,8.0
53.3686185504856,18.4165402756427,Chelmno,2004,11,12,21.26,8.2
53.3686185504856,18.4165402756427,Chelmno,2004,11,13,21.26,6.6
53.3686185504856,18.4165402756427,Chelmno,2004,11,14,21.24,5.8
53.3686185504856,18.4165402756427,Chelmno,2004,11,15,21.21,6.0
53.3686185504856,18.4165402756427,Chelmno,2004,11,16,21.22,6.2
53.3686185504856,18.4165402756427,Chelmno,2004,11,17,21.23,5.8
53.3686185504856,18.4165402756427,Chelmno,2004,11,18,21.26,5.6
53.3686185504856,18.4165402756427,Chelmno,2004,11,19,21.4,5.4
53.3686185504856,18.4165402756427,Chelmno,2004,11,20,21.32,4.4
53.3686185504856,18.4165402756427,Chelmno,2004,11,21,21.36,3.6
53.3686185504856,18.4165402756427,Chelmno,2004,11,22,21.74,3.2
53.3686185504856,18.4165402756427,Chelmno,2004,11,23,21.68,3.4
53.3686185504856,18.4165402756427,Chelmno,2004,11,24,21.67,3.4
53.3686185504856,18.4165402756427,Chelmno,2004,11,25,21.6,2.8
53.3686185504856,18.4165402756427,Chelmno,2004,11,26,21.86,2.6
53.3686185504856,18.4165402756427,Chelmno,2004,11,27,22.12,2.8
53.3686185504856,18.4165402756427,Chelmno,2004,11,28,21.66,3.0
53.3686185504856,18.4165402756427,Chelmno,2004,11,29,21.92,3.0
53.3686185504856,18.4165402756427,Chelmno,2004,11,30,22.06,2.8
53.3686185504856,18.4165402756427,Chelmno,2005,5,1,22.6,13.9
53.3686185504856,18.4165402756427,Chelmno,2005,5,2,22.48,14.1
53.3686185504856,18.4165402756427,Chelmno,2005,5,3,22.86,14.6
53.3686185504856,18.4165402756427,Chelmno,2005,5,4,22.94,14.5
53.3686185504856,18.4165402756427,Chelmno,2005,5,5,22.8,14.7
53.3686185504856,18.4165402756427,Chelmno,2005,5,6,22.64,13.9
53.3686185504856,18.4165402756427,Chelmno,2005,5,7,22.62,14.8
53.3686185504856,18.4165402756427,Chelmno,2005,5,8,22.74,14.3
53.3686185504856,18.4165402756427,Chelmno,2005,5,9,22.76,13.2
53.3686185504856,18.4165402756427,Chelmno,2005,5,10,22.8,13.1
53.3686185504856,18.4165402756427,Chelmno,2005,5,11,23.2,13.1
53.3686185504856,18.4165402756427,Chelmno,2005,5,12,23.67,12.9
53.3686185504856,18.4165402756427,Chelmno,2005,5,13,23.54,13.7
53.3686185504856,18.4165402756427,Chelmno,2005,5,14,23.38,13.1
53.3686185504856,18.4165402756427,Chelmno,2005,5,15,23.37,13.5
53.3686185504856,18.4165402756427,Chelmno,2005,5,16,23.36,13.8
53.3686185504856,18.4165402756427,Chelmno,2005,5,17,23.22,13.5
53.3686185504856,18.4165402756427,Chelmno,2005,5,18,22.92,13.1
53.3686185504856,18.4165402756427,Chelmno,2005,5,19,22.82,13.6
53.3686185504856,18.4165402756427,Chelmno,2005,5,20,22.82,13.7
53.3686185504856,18.4165402756427,Chelmno,2005,5,21,22.68,14.2
53.3686185504856,18.4165402756427,Chelmno,2005,5,22,22.64,15.0
53.3686185504856,18.4165402756427,Chelmno,2005,5,23,22.83,16.3
53.3686185504856,18.4165402756427,Chelmno,2005,5,24,23.0,17.1
53.3686185504856,18.4165402756427,Chelmno,2005,5,25,23.26,16.5
53.3686185504856,18.4165402756427,Chelmno,2005,5,26,23.8,18.1
53.3686185504856,18.4165402756427,Chelmno,2005,5,27,23.87,18.9
53.3686185504856,18.4165402756427,Chelmno,2005,5,28,23.46,19.0
53.3686185504856,18.4165402756427,Chelmno,2005,5,29,23.19,19.7
53.3686185504856,18.4165402756427,Chelmno,2005,5,30,22.66,20.1
53.3686185504856,18.4165402756427,Chelmno,2005,5,31,22.36,21.0
53.3686185504856,18.4165402756427,Chelmno,2005,6,1,22.26,19.5
53.3686185504856,18.4165402756427,Chelmno,2005,6,2,22.36,18.8
53.3686185504856,18.4165402756427,Chelmno,2005,6,3,22.34,18.7
53.3686185504856,18.4165402756427,Chelmno,2005,6,4,22.1,19.1
53.3686185504856,18.4165402756427,Chelmno,2005,6,5,22.11,19.0
53.3686185504856,18.4165402756427,Chelmno,2005,6,6,21.98,18.9
53.3686185504856,18.4165402756427,Chelmno,2005,6,7,22.04,17.9
53.3686185504856,18.4165402756427,Chelmno,2005,6,8,22.0,17.7
53.3686185504856,18.4165402756427,Chelmno,2005,6,9,21.98,16.7
53.3686185504856,18.4165402756427,Chelmno,2005,6,10,21.91,16.7
53.3686185504856,18.4165402756427,Chelmno,2005,6,11,21.84,17.1
53.3686185504856,18.4165402756427,Chelmno,2005,6,12,21.74,17.7
53.3686185504856,18.4165402756427,Chelmno,2005,6,13,21.7,17.0
53.3686185504856,18.4165402756427,Chelmno,2005,6,14,21.9,17.7
53.3686185504856,18.4165402756427,Chelmno,2005,6,15,22.52,17.6
53.3686185504856,18.4165402756427,Chelmno,2005,6,16,22.25,19.2
53.3686185504856,18.4165402756427,Chelmno,2005,6,17,22.96,20.1
53.3686185504856,18.4165402756427,Chelmno,2005,6,18,23.28,19.7
53.3686185504856,18.4165402756427,Chelmno,2005,6,19,23.62,19.7
53.3686185504856,18.4165402756427,Chelmno,2005,6,20,23.6,19.3
53.3686185504856,18.4165402756427,Chelmno,2005,6,21,22.96,19.1
53.3686185504856,18.4165402756427,Chelmno,2005,6,22,22.76,20.1
53.3686185504856,18.4165402756427,Chelmno,2005,6,23,22.5,20.4
53.3686185504856,18.4165402756427,Chelmno,2005,6,24,22.26,20.5
53.3686185504856,18.4165402756427,Chelmno,2005,6,25,22.04,21.4
53.3686185504856,18.4165402756427,Chelmno,2005,6,26,21.98,21.9
53.3686185504856,18.4165402756427,Chelmno,2005,6,27,21.96,21.4
53.3686185504856,18.4165402756427,Chelmno,2005,6,28,21.92,21.1
53.3686185504856,18.4165402756427,Chelmno,2005,6,29,21.9,20.9
53.3686185504856,18.4165402756427,Chelmno,2005,6,30,21.78,20.0
53.3686185504856,18.4165402756427,Chelmno,2005,7,1,21.58,19.8
53.3686185504856,18.4165402756427,Chelmno,2005,7,2,21.42,20.8
53.3686185504856,18.4165402756427,Chelmno,2005,7,3,21.38,21.2
53.3686185504856,18.4165402756427,Chelmno,2005,7,4,21.34,21.6
53.3686185504856,18.4165402756427,Chelmno,2005,7,5,21.24,21.9
53.3686185504856,18.4165402756427,Chelmno,2005,7,6,21.18,22.3
53.3686185504856,18.4165402756427,Chelmno,2005,7,7,21.19,22.3
53.3686185504856,18.4165402756427,Chelmno,2005,7,8,21.2,22.1
53.3686185504856,18.4165402756427,Chelmno,2005,7,9,21.16,22.9
53.3686185504856,18.4165402756427,Chelmno,2005,7,10,21.13,22.6
53.3686185504856,18.4165402756427,Chelmno,2005,7,11,21.12,22.2
53.3686185504856,18.4165402756427,Chelmno,2005,7,12,21.14,21.6
53.3686185504856,18.4165402756427,Chelmno,2005,7,13,21.12,23.2
53.3686185504856,18.4165402756427,Chelmno,2005,7,14,21.11,23.8
53.3686185504856,18.4165402756427,Chelmno,2005,7,15,21.07,23.4
53.3686185504856,18.4165402756427,Chelmno,2005,7,16,20.9,23.6
53.3686185504856,18.4165402756427,Chelmno,2005,7,17,21.0,23.1
53.3686185504856,18.4165402756427,Chelmno,2005,7,18,21.12,22.4
53.3686185504856,18.4165402756427,Chelmno,2005,7,19,21.22,21.0
53.3686185504856,18.4165402756427,Chelmno,2005,7,20,21.3,21.8
53.3686185504856,18.4165402756427,Chelmno,2005,7,21,21.2,20.9
53.3686185504856,18.4165402756427,Chelmno,2005,7,22,21.14,20.9
53.3686185504856,18.4165402756427,Chelmno,2005,7,23,21.02,19.1
53.3686185504856,18.4165402756427,Chelmno,2005,7,24,20.97,18.9
53.3686185504856,18.4165402756427,Chelmno,2005,7,25,21.09,18.7
53.3686185504856,18.4165402756427,Chelmno,2005,7,26,21.05,18.8
53.3686185504856,18.4165402756427,Chelmno,2005,7,27,21.18,18.9
53.3686185504856,18.4165402756427,Chelmno,2005,7,28,21.1,21.2
53.3686185504856,18.4165402756427,Chelmno,2005,7,29,21.04,22.9
53.3686185504856,18.4165402756427,Chelmno,2005,7,30,21.14,23.0
53.3686185504856,18.4165402756427,Chelmno,2005,7,31,21.1,23.0
53.3686185504856,18.4165402756427,Chelmno,2005,8,1,21.12,22.4
53.3686185504856,18.4165402756427,Chelmno,2005,8,2,20.96,21.6
53.3686185504856,18.4165402756427,Chelmno,2005,8,3,21.62,21.8
53.3686185504856,18.4165402756427,Chelmno,2005,8,4,21.28,22.0
53.3686185504856,18.4165402756427,Chelmno,2005,8,5,21.14,20.8
53.3686185504856,18.4165402756427,Chelmno,2005,8,6,21.22,20.4
53.3686185504856,18.4165402756427,Chelmno,2005,8,7,21.1,19.5
53.3686185504856,18.4165402756427,Chelmno,2005,8,8,21.06,19.0
53.3686185504856,18.4165402756427,Chelmno,2005,8,9,21.1,19.1
53.3686185504856,18.4165402756427,Chelmno,2005,8,10,20.99,18.2
53.3686185504856,18.4165402756427,Chelmno,2005,8,11,21.18,18.1
53.3686185504856,18.4165402756427,Chelmno,2005,8,12,21.06,17.4
53.3686185504856,18.4165402756427,Chelmno,2005,8,13,22.61,17.5
53.3686185504856,18.4165402756427,Chelmno,2005,8,14,22.14,17.8
53.3686185504856,18.4165402756427,Chelmno,2005,8,15,22.26,17.8
53.3686185504856,18.4165402756427,Chelmno,2005,8,16,22.8,17.9
53.3686185504856,18.4165402756427,Chelmno,2005,8,17,22.56,18.2
53.3686185504856,18.4165402756427,Chelmno,2005,8,18,22.12,18.5
53.3686185504856,18.4165402756427,Chelmno,2005,8,19,22.14,18.6
53.3686185504856,18.4165402756427,Chelmno,2005,8,20,22.14,19.7
53.3686185504856,18.4165402756427,Chelmno,2005,8,21,22.04,20.0
53.3686185504856,18.4165402756427,Chelmno,2005,8,22,21.88,19.9
53.3686185504856,18.4165402756427,Chelmno,2005,8,23,21.69,20.2
53.3686185504856,18.4165402756427,Chelmno,2005,8,24,21.81,20.4
53.3686185504856,18.4165402756427,Chelmno,2005,8,25,21.94,20.8
53.3686185504856,18.4165402756427,Chelmno,2005,8,26,21.79,20.8
53.3686185504856,18.4165402756427,Chelmno,2005,8,27,21.68,20.0
53.3686185504856,18.4165402756427,Chelmno,2005,8,28,21.61,19.8
53.3686185504856,18.4165402756427,Chelmno,2005,8,29,21.64,19.8
53.3686185504856,18.4165402756427,Chelmno,2005,8,30,21.46,19.4
53.3686185504856,18.4165402756427,Chelmno,2005,8,31,21.19,19.5
53.3686185504856,18.4165402756427,Chelmno,2005,9,1,21.76,19.9
53.3686185504856,18.4165402756427,Chelmno,2005,9,2,21.78,19.6
53.3686185504856,18.4165402756427,Chelmno,2005,9,3,21.6,19.9
53.3686185504856,18.4165402756427,Chelmno,2005,9,4,21.36,20.0
53.3686185504856,18.4165402756427,Chelmno,2005,9,5,21.3,20.4
53.3686185504856,18.4165402756427,Chelmno,2005,9,6,21.44,20.3
53.3686185504856,18.4165402756427,Chelmno,2005,9,7,21.42,20.1
53.3686185504856,18.4165402756427,Chelmno,2005,9,8,21.4,20.2
53.3686185504856,18.4165402756427,Chelmno,2005,9,9,21.22,20.1
53.3686185504856,18.4165402756427,Chelmno,2005,9,10,21.12,20.3
53.3686185504856,18.4165402756427,Chelmno,2005,9,11,20.98,20.6
53.3686185504856,18.4165402756427,Chelmno,2005,9,12,20.84,20.0
53.3686185504856,18.4165402756427,Chelmno,2005,9,13,20.86,20.1
53.3686185504856,18.4165402756427,Chelmno,2005,9,14,20.91,18.0
53.3686185504856,18.4165402756427,Chelmno,2005,9,15,20.78,18.2
53.3686185504856,18.4165402756427,Chelmno,2005,9,16,20.86,17.5
53.3686185504856,18.4165402756427,Chelmno,2005,9,17,20.98,15.6
53.3686185504856,18.4165402756427,Chelmno,2005,9,18,20.99,15.6
53.3686185504856,18.4165402756427,Chelmno,2005,9,19,20.78,15.0
53.3686185504856,18.4165402756427,Chelmno,2005,9,20,20.84,15.6
53.3686185504856,18.4165402756427,Chelmno,2005,9,21,20.84,16.2
53.3686185504856,18.4165402756427,Chelmno,2005,9,22,20.76,15.8
53.3686185504856,18.4165402756427,Chelmno,2005,9,23,20.78,14.8
53.3686185504856,18.4165402756427,Chelmno,2005,9,24,20.86,15.4
53.3686185504856,18.4165402756427,Chelmno,2005,9,25,20.96,15.4
53.3686185504856,18.4165402756427,Chelmno,2005,9,26,20.94,16.2
53.3686185504856,18.4165402756427,Chelmno,2005,9,27,20.99,16.3
53.3686185504856,18.4165402756427,Chelmno,2005,9,28,20.92,16.1
53.3686185504856,18.4165402756427,Chelmno,2005,9,29,20.92,15.8
53.3686185504856,18.4165402756427,Chelmno,2005,9,30,20.84,15.6
53.3686185504856,18.4165402756427,Chelmno,2005,10,1,20.76,14.5
53.3686185504856,18.4165402756427,Chelmno,2005,10,2,20.78,13.2
53.3686185504856,18.4165402756427,Chelmno,2005,10,3,20.77,13.2
53.3686185504856,18.4165402756427,Chelmno,2005,10,4,20.76,13.5
53.3686185504856,18.4165402756427,Chelmno,2005,10,5,20.76,14.0
53.3686185504856,18.4165402756427,Chelmno,2005,10,6,20.71,13.6
53.3686185504856,18.4165402756427,Chelmno,2005,10,7,20.64,13.2
53.3686185504856,18.4165402756427,Chelmno,2005,10,8,20.65,13.2
53.3686185504856,18.4165402756427,Chelmno,2005,10,9,20.72,14.0
53.3686185504856,18.4165402756427,Chelmno,2005,10,10,21.02,13.4
53.3686185504856,18.4165402756427,Chelmno,2005,10,11,21.34,12.8
53.3686185504856,18.4165402756427,Chelmno,2005,10,12,21.18,12.6
53.3686185504856,18.4165402756427,Chelmno,2005,10,13,20.74,12.4
53.3686185504856,18.4165402756427,Chelmno,2005,10,14,20.72,12.0
53.3686185504856,18.4165402756427,Chelmno,2005,10,15,20.72,11.9
53.3686185504856,18.4165402756427,Chelmno,2005,10,16,20.72,10.9
53.3686185504856,18.4165402756427,Chelmno,2005,10,17,20.72,10.4
53.3686185504856,18.4165402756427,Chelmno,2005,10,18,20.78,10.4
53.3686185504856,18.4165402756427,Chelmno,2005,10,19,20.78,9.0
53.3686185504856,18.4165402756427,Chelmno,2005,10,20,20.81,9.0
53.3686185504856,18.4165402756427,Chelmno,2005,10,21,20.72,9.0
53.3686185504856,18.4165402756427,Chelmno,2005,10,22,20.7,9.8
53.3686185504856,18.4165402756427,Chelmno,2005,10,23,20.68,11.0
53.3686185504856,18.4165402756427,Chelmno,2005,10,24,20.69,9.0
53.3686185504856,18.4165402756427,Chelmno,2005,10,25,21.2,9.3
53.3686185504856,18.4165402756427,Chelmno,2005,10,26,21.16,10.8
53.3686185504856,18.4165402756427,Chelmno,2005,10,27,20.72,10.1
53.3686185504856,18.4165402756427,Chelmno,2005,10,28,20.72,9.8
53.3686185504856,18.4165402756427,Chelmno,2005,10,29,20.72,8.2
53.3686185504856,18.4165402756427,Chelmno,2005,10,30,20.74,7.7
53.3686185504856,18.4165402756427,Chelmno,2005,10,31,20.72,6.9
53.3686185504856,18.4165402756427,Chelmno,2005,11,1,20.78,6.3
53.3686185504856,18.4165402756427,Chelmno,2005,11,2,20.74,6.5
53.3686185504856,18.4165402756427,Chelmno,2005,11,3,20.66,6.2
53.3686185504856,18.4165402756427,Chelmno,2005,11,4,20.74,7.7
53.3686185504856,18.4165402756427,Chelmno,2005,11,5,20.84,7.7
53.3686185504856,18.4165402756427,Chelmno,2005,11,6,20.72,7.8
53.3686185504856,18.4165402756427,Chelmno,2005,11,7,20.68,7.7
53.3686185504856,18.4165402756427,Chelmno,2005,11,8,20.67,7.7
53.3686185504856,18.4165402756427,Chelmno,2005,11,9,20.66,7.9
53.3686185504856,18.4165402756427,Chelmno,2005,11,10,20.6,7.9
53.3686185504856,18.4165402756427,Chelmno,2005,11,11,20.66,7.7
53.3686185504856,18.4165402756427,Chelmno,2005,11,12,20.66,7.8
53.3686185504856,18.4165402756427,Chelmno,2005,11,13,20.68,7.9
53.3686185504856,18.4165402756427,Chelmno,2005,11,14,20.62,7.7
53.3686185504856,18.4165402756427,Chelmno,2005,11,15,20.68,7.8
53.3686185504856,18.4165402756427,Chelmno,2005,11,16,21.16,6.9
53.3686185504856,18.4165402756427,Chelmno,2005,11,17,21.21,5.5
53.3686185504856,18.4165402756427,Chelmno,2005,11,18,20.72,5.2
53.3686185504856,18.4165402756427,Chelmno,2005,11,19,20.69,4.1
53.3686185504856,18.4165402756427,Chelmno,2005,11,20,20.68,3.7
53.3686185504856,18.4165402756427,Chelmno,2005,11,21,20.66,3.8
53.3686185504856,18.4165402756427,Chelmno,2005,11,22,20.66,4.1
53.3686185504856,18.4165402756427,Chelmno,2005,11,23,20.66,3.8
53.3686185504856,18.4165402756427,Chelmno,2005,11,24,20.67,3.9
53.3686185504856,18.4165402756427,Chelmno,2005,11,25,20.66,3.7
53.3686185504856,18.4165402756427,Chelmno,2005,11,26,20.68,1.9
53.3686185504856,18.4165402756427,Chelmno,2005,11,27,20.78,1.7
53.3686185504856,18.4165402756427,Chelmno,2005,11,28,20.72,2.3
53.3686185504856,18.4165402756427,Chelmno,2005,11,29,20.72,2.0
53.3686185504856,18.4165402756427,Chelmno,2005,11,30,21.24,1.6
53.3686185504856,18.4165402756427,Chelmno,2006,5,1,22.78,13.8
53.3686185504856,18.4165402756427,Chelmno,2006,5,2,22.84,14.0
53.3686185504856,18.4165402756427,Chelmno,2006,5,3,22.81,13.4
53.3686185504856,18.4165402756427,Chelmno,2006,5,4,22.72,14.1
53.3686185504856,18.4165402756427,Chelmno,2006,5,5,22.48,15.0
53.3686185504856,18.4165402756427,Chelmno,2006,5,6,22.29,14.7
53.3686185504856,18.4165402756427,Chelmno,2006,5,7,22.32,15.0
53.3686185504856,18.4165402756427,Chelmno,2006,5,8,22.26,15.6
53.3686185504856,18.4165402756427,Chelmno,2006,5,9,22.24,15.7
53.3686185504856,18.4165402756427,Chelmno,2006,5,10,22.25,15.2
53.3686185504856,18.4165402756427,Chelmno,2006,5,11,22.1,15.4
53.3686185504856,18.4165402756427,Chelmno,2006,5,12,22.1,15.3
53.3686185504856,18.4165402756427,Chelmno,2006,5,13,22.1,15.9
53.3686185504856,18.4165402756427,Chelmno,2006,5,14,21.9,17.2
53.3686185504856,18.4165402756427,Chelmno,2006,5,15,21.82,17.1
53.3686185504856,18.4165402756427,Chelmno,2006,5,16,21.76,16.5
53.3686185504856,18.4165402756427,Chelmno,2006,5,17,21.67,16.8
53.3686185504856,18.4165402756427,Chelmno,2006,5,18,21.72,16.6
53.3686185504856,18.4165402756427,Chelmno,2006,5,19,21.7,16.4
53.3686185504856,18.4165402756427,Chelmno,2006,5,20,21.75,17.0
53.3686185504856,18.4165402756427,Chelmno,2006,5,21,21.6,16.7
53.3686185504856,18.4165402756427,Chelmno,2006,5,22,21.7,16.8
53.3686185504856,18.4165402756427,Chelmno,2006,5,23,21.64,17.4
53.3686185504856,18.4165402756427,Chelmno,2006,5,24,21.61,17.3
53.3686185504856,18.4165402756427,Chelmno,2006,5,25,22.1,17.3
53.3686185504856,18.4165402756427,Chelmno,2006,5,26,21.52,17.4
53.3686185504856,18.4165402756427,Chelmno,2006,5,27,21.43,17.3
53.3686185504856,18.4165402756427,Chelmno,2006,5,28,21.52,15.4
53.3686185504856,18.4165402756427,Chelmno,2006,5,29,21.56,15.2
53.3686185504856,18.4165402756427,Chelmno,2006,5,30,21.47,16.3
53.3686185504856,18.4165402756427,Chelmno,2006,5,31,21.42,15.0
53.3686185504856,18.4165402756427,Chelmno,2006,6,1,21.43,15.2
53.3686185504856,18.4165402756427,Chelmno,2006,6,2,21.44,15.1
53.3686185504856,18.4165402756427,Chelmno,2006,6,3,21.58,15.7
53.3686185504856,18.4165402756427,Chelmno,2006,6,4,21.82,16.6
53.3686185504856,18.4165402756427,Chelmno,2006,6,5,22.12,16.2
53.3686185504856,18.4165402756427,Chelmno,2006,6,6,21.9,15.6
53.3686185504856,18.4165402756427,Chelmno,2006,6,7,22.64,15.4
53.3686185504856,18.4165402756427,Chelmno,2006,6,8,23.02,16.0
53.3686185504856,18.4165402756427,Chelmno,2006,6,9,22.87,15.8
53.3686185504856,18.4165402756427,Chelmno,2006,6,10,23.15,15.8
53.3686185504856,18.4165402756427,Chelmno,2006,6,11,23.81,16.1
53.3686185504856,18.4165402756427,Chelmno,2006,6,12,24.27,17.0
53.3686185504856,18.4165402756427,Chelmno,2006,6,13,24.2,17.1
53.3686185504856,18.4165402756427,Chelmno,2006,6,14,23.36,17.2
53.3686185504856,18.4165402756427,Chelmno,2006,6,15,23.17,17.5
53.3686185504856,18.4165402756427,Chelmno,2006,6,16,22.74,18.0
53.3686185504856,18.4165402756427,Chelmno,2006,6,17,22.42,19.2
53.3686185504856,18.4165402756427,Chelmno,2006,6,18,22.14,19.9
53.3686185504856,18.4165402756427,Chelmno,2006,6,19,21.87,20.4
53.3686185504856,18.4165402756427,Chelmno,2006,6,20,21.86,20.8
53.3686185504856,18.4165402756427,Chelmno,2006,6,21,22.0,20.9
53.3686185504856,18.4165402756427,Chelmno,2006,6,22,22.32,21.2
53.3686185504856,18.4165402756427,Chelmno,2006,6,23,21.7,21.2
53.3686185504856,18.4165402756427,Chelmno,2006,6,24,21.44,21.3
53.3686185504856,18.4165402756427,Chelmno,2006,6,25,21.36,21.4
53.3686185504856,18.4165402756427,Chelmno,2006,6,26,21.65,22.7
53.3686185504856,18.4165402756427,Chelmno,2006,6,27,21.51,23.5
53.3686185504856,18.4165402756427,Chelmno,2006,6,28,21.34,23.9
53.3686185504856,18.4165402756427,Chelmno,2006,6,29,21.96,23.3
53.3686185504856,18.4165402756427,Chelmno,2006,6,30,21.46,22.9
53.3686185504856,18.4165402756427,Chelmno,2006,7,1,21.4,22.2
53.3686185504856,18.4165402756427,Chelmno,2006,7,2,21.44,22.8
53.3686185504856,18.4165402756427,Chelmno,2006,7,3,21.37,22.7
53.3686185504856,18.4165402756427,Chelmno,2006,7,4,21.42,22.8
53.3686185504856,18.4165402756427,Chelmno,2006,7,5,21.38,23.4
53.3686185504856,18.4165402756427,Chelmno,2006,7,6,21.35,23.4
53.3686185504856,18.4165402756427,Chelmno,2006,7,7,22.03,23.8
53.3686185504856,18.4165402756427,Chelmno,2006,7,8,22.76,24.2
53.3686185504856,18.4165402756427,Chelmno,2006,7,9,22.26,24.1
53.3686185504856,18.4165402756427,Chelmno,2006,7,10,21.98,24.5
53.3686185504856,18.4165402756427,Chelmno,2006,7,11,21.68,24.8
53.3686185504856,18.4165402756427,Chelmno,2006,7,12,21.58,25.3
53.3686185504856,18.4165402756427,Chelmno,2006,7,13,21.32,25.4
53.3686185504856,18.4165402756427,Chelmno,2006,7,14,21.38,25.6
53.3686185504856,18.4165402756427,Chelmno,2006,7,15,21.06,25.8
53.3686185504856,18.4165402756427,Chelmno,2006,7,16,21.02,23.8
53.3686185504856,18.4165402756427,Chelmno,2006,7,17,21.1,22.4
53.3686185504856,18.4165402756427,Chelmno,2006,7,18,21.05,21.2
53.3686185504856,18.4165402756427,Chelmno,2006,7,19,20.88,22.0
53.3686185504856,18.4165402756427,Chelmno,2006,7,20,20.98,22.9
53.3686185504856,18.4165402756427,Chelmno,2006,7,21,21.02,23.3
53.3686185504856,18.4165402756427,Chelmno,2006,7,22,21.03,24.1
53.3686185504856,18.4165402756427,Chelmno,2006,7,23,21.01,24.0
53.3686185504856,18.4165402756427,Chelmno,2006,7,24,20.94,23.9
53.3686185504856,18.4165402756427,Chelmno,2006,7,25,20.91,24.0
53.3686185504856,18.4165402756427,Chelmno,2006,7,26,20.93,24.0
53.3686185504856,18.4165402756427,Chelmno,2006,7,27,20.82,24.1
53.3686185504856,18.4165402756427,Chelmno,2006,7,28,20.82,24.0
53.3686185504856,18.4165402756427,Chelmno,2006,7,29,20.81,23.8
53.3686185504856,18.4165402756427,Chelmno,2006,7,30,20.72,23.0
53.3686185504856,18.4165402756427,Chelmno,2006,7,31,20.78,23.1
53.3686185504856,18.4165402756427,Chelmno,2006,8,1,20.66,23.3
53.3686185504856,18.4165402756427,Chelmno,2006,8,2,20.62,22.9
53.3686185504856,18.4165402756427,Chelmno,2006,8,3,20.62,22.6
53.3686185504856,18.4165402756427,Chelmno,2006,8,4,20.74,22.8
53.3686185504856,18.4165402756427,Chelmno,2006,8,5,20.78,22.5
53.3686185504856,18.4165402756427,Chelmno,2006,8,6,20.72,19.6
53.3686185504856,18.4165402756427,Chelmno,2006,8,7,20.76,19.4
53.3686185504856,18.4165402756427,Chelmno,2006,8,8,20.84,19.6
53.3686185504856,18.4165402756427,Chelmno,2006,8,9,21.02,20.0
53.3686185504856,18.4165402756427,Chelmno,2006,8,10,20.98,20.6
53.3686185504856,18.4165402756427,Chelmno,2006,8,11,21.05,20.8
53.3686185504856,18.4165402756427,Chelmno,2006,8,12,20.9,20.6
53.3686185504856,18.4165402756427,Chelmno,2006,8,13,21.02,20.2
53.3686185504856,18.4165402756427,Chelmno,2006,8,14,20.87,20.0
53.3686185504856,18.4165402756427,Chelmno,2006,8,15,20.84,19.1
53.3686185504856,18.4165402756427,Chelmno,2006,8,16,20.98,18.8
53.3686185504856,18.4165402756427,Chelmno,2006,8,17,21.14,18.8
53.3686185504856,18.4165402756427,Chelmno,2006,8,18,21.17,20.4
53.3686185504856,18.4165402756427,Chelmno,2006,8,19,21.16,20.6
53.3686185504856,18.4165402756427,Chelmno,2006,8,20,21.12,20.9
53.3686185504856,18.4165402756427,Chelmno,2006,8,21,21.3,20.8
53.3686185504856,18.4165402756427,Chelmno,2006,8,22,21.38,20.6
53.3686185504856,18.4165402756427,Chelmno,2006,8,23,21.36,20.7
53.3686185504856,18.4165402756427,Chelmno,2006,8,24,21.4,20.5
53.3686185504856,18.4165402756427,Chelmno,2006,8,25,21.36,20.0
53.3686185504856,18.4165402756427,Chelmno,2006,8,26,21.38,20.8
53.3686185504856,18.4165402756427,Chelmno,2006,8,27,21.28,20.2
53.3686185504856,18.4165402756427,Chelmno,2006,8,28,21.31,19.7
53.3686185504856,18.4165402756427,Chelmno,2006,8,29,21.32,20.3
53.3686185504856,18.4165402756427,Chelmno,2006,8,30,21.3,18.6
53.3686185504856,18.4165402756427,Chelmno,2006,8,31,21.32,17.8
53.3686185504856,18.4165402756427,Chelmno,2006,9,1,21.26,19.3
53.3686185504856,18.4165402756427,Chelmno,2006,9,2,21.32,18.1
53.3686185504856,18.4165402756427,Chelmno,2006,9,3,21.43,19.0
53.3686185504856,18.4165402756427,Chelmno,2006,9,4,21.44,19.2
53.3686185504856,18.4165402756427,Chelmno,2006,9,5,21.44,18.9
53.3686185504856,18.4165402756427,Chelmno,2006,9,6,21.46,18.3
53.3686185504856,18.4165402756427,Chelmno,2006,9,7,21.65,18.6
53.3686185504856,18.4165402756427,Chelmno,2006,9,8,21.95,18.3
53.3686185504856,18.4165402756427,Chelmno,2006,9,9,21.94,18.2
53.3686185504856,18.4165402756427,Chelmno,2006,9,10,21.82,17.5
53.3686185504856,18.4165402756427,Chelmno,2006,9,11,21.63,16.9
53.3686185504856,18.4165402756427,Chelmno,2006,9,12,21.44,17.1
53.3686185504856,18.4165402756427,Chelmno,2006,9,13,21.86,17.0
53.3686185504856,18.4165402756427,Chelmno,2006,9,14,21.8,18.1
53.3686185504856,18.4165402756427,Chelmno,2006,9,15,21.74,17.8
53.3686185504856,18.4165402756427,Chelmno,2006,9,16,21.82,18.3
53.3686185504856,18.4165402756427,Chelmno,2006,9,17,21.76,18.1
53.3686185504856,18.4165402756427,Chelmno,2006,9,18,21.64,17.9
53.3686185504856,18.4165402756427,Chelmno,2006,9,19,21.56,18.5
53.3686185504856,18.4165402756427,Chelmno,2006,9,20,21.45,19.3
53.3686185504856,18.4165402756427,Chelmno,2006,9,21,21.92,18.2
53.3686185504856,18.4165402756427,Chelmno,2006,9,22,21.5,18.4
53.3686185504856,18.4165402756427,Chelmno,2006,9,23,21.6,17.9
53.3686185504856,18.4165402756427,Chelmno,2006,9,24,21.41,17.7
53.3686185504856,18.4165402756427,Chelmno,2006,9,25,21.36,18.1
53.3686185504856,18.4165402756427,Chelmno,2006,9,26,21.46,18.1
53.3686185504856,18.4165402756427,Chelmno,2006,9,27,21.35,18.0
53.3686185504856,18.4165402756427,Chelmno,2006,9,28,21.73,18.3
53.3686185504856,18.4165402756427,Chelmno,2006,9,29,21.55,17.9
53.3686185504856,18.4165402756427,Chelmno,2006,9,30,21.41,17.8
53.3686185504856,18.4165402756427,Chelmno,2006,10,1,21.14,17.2
53.3686185504856,18.4165402756427,Chelmno,2006,10,2,21.09,17.3
53.3686185504856,18.4165402756427,Chelmno,2006,10,3,21.3,16.9
53.3686185504856,18.4165402756427,Chelmno,2006,10,4,21.43,17.1
53.3686185504856,18.4165402756427,Chelmno,2006,10,5,21.42,16.9
53.3686185504856,18.4165402756427,Chelmno,2006,10,6,21.31,16.5
53.3686185504856,18.4165402756427,Chelmno,2006,10,7,21.34,16.2
53.3686185504856,18.4165402756427,Chelmno,2006,10,8,21.24,15.4
53.3686185504856,18.4165402756427,Chelmno,2006,10,9,21.28,15.1
53.3686185504856,18.4165402756427,Chelmno,2006,10,10,21.12,15.2
53.3686185504856,18.4165402756427,Chelmno,2006,10,11,20.98,13.7
53.3686185504856,18.4165402756427,Chelmno,2006,10,12,21.23,13.7
53.3686185504856,18.4165402756427,Chelmno,2006,10,13,21.2,14.1
53.3686185504856,18.4165402756427,Chelmno,2006,10,14,21.23,13.9
53.3686185504856,18.4165402756427,Chelmno,2006,10,15,21.16,13.5
53.3686185504856,18.4165402756427,Chelmno,2006,10,16,21.18,13.2
53.3686185504856,18.4165402756427,Chelmno,2006,10,17,21.11,11.3
53.3686185504856,18.4165402756427,Chelmno,2006,10,18,21.01,11.2
53.3686185504856,18.4165402756427,Chelmno,2006,10,19,20.84,10.9
53.3686185504856,18.4165402756427,Chelmno,2006,10,20,21.22,10.5
53.3686185504856,18.4165402756427,Chelmno,2006,10,21,21.39,10.8
53.3686185504856,18.4165402756427,Chelmno,2006,10,22,20.86,11.9
53.3686185504856,18.4165402756427,Chelmno,2006,10,23,20.96,11.9
53.3686185504856,18.4165402756427,Chelmno,2006,10,24,21.04,12.0
53.3686185504856,18.4165402756427,Chelmno,2006,10,25,21.2,12.2
53.3686185504856,18.4165402756427,Chelmno,2006,10,26,21.21,12.1
53.3686185504856,18.4165402756427,Chelmno,2006,10,27,21.08,12.2
53.3686185504856,18.4165402756427,Chelmno,2006,10,28,21.06,11.9
53.3686185504856,18.4165402756427,Chelmno,2006,10,29,21.02,11.7
53.3686185504856,18.4165402756427,Chelmno,2006,10,30,20.96,10.8
53.3686185504856,18.4165402756427,Chelmno,2006,10,31,20.88,10.5
53.3686185504856,18.4165402756427,Chelmno,2006,11,1,20.86,9.4
53.3686185504856,18.4165402756427,Chelmno,2006,11,2,21.06,8.1
53.3686185504856,18.4165402756427,Chelmno,2006,11,3,21.26,8.3
53.3686185504856,18.4165402756427,Chelmno,2006,11,4,20.92,8.2
53.3686185504856,18.4165402756427,Chelmno,2006,11,5,20.86,7.0
53.3686185504856,18.4165402756427,Chelmno,2006,11,6,20.86,7.4
53.3686185504856,18.4165402756427,Chelmno,2006,11,7,20.9,7.8
53.3686185504856,18.4165402756427,Chelmno,2006,11,8,21.02,7.8
53.3686185504856,18.4165402756427,Chelmno,2006,11,9,21.38,7.5
53.3686185504856,18.4165402756427,Chelmno,2006,11,10,21.32,7.0
53.3686185504856,18.4165402756427,Chelmno,2006,11,11,21.24,6.8
53.3686185504856,18.4165402756427,Chelmno,2006,11,12,21.18,6.9
53.3686185504856,18.4165402756427,Chelmno,2006,11,13,21.41,7.0
53.3686185504856,18.4165402756427,Chelmno,2006,11,14,21.68,6.8
53.3686185504856,18.4165402756427,Chelmno,2006,11,15,21.96,6.4
53.3686185504856,18.4165402756427,Chelmno,2006,11,16,21.91,6.3
53.3686185504856,18.4165402756427,Chelmno,2006,11,17,22.26,6.2
53.3686185504856,18.4165402756427,Chelmno,2006,11,18,21.86,7.0
53.3686185504856,18.4165402756427,Chelmno,2006,11,19,21.82,6.6
53.3686185504856,18.4165402756427,Chelmno,2006,11,20,22.12,6.5
53.3686185504856,18.4165402756427,Chelmno,2006,11,21,21.96,6.7
53.3686185504856,18.4165402756427,Chelmno,2006,11,22,22.07,6.6
53.3686185504856,18.4165402756427,Chelmno,2006,11,23,22.08,6.5
53.3686185504856,18.4165402756427,Chelmno,2006,11,24,22.1,6.4
53.3686185504856,18.4165402756427,Chelmno,2006,11,25,21.97,6.3
53.3686185504856,18.4165402756427,Chelmno,2006,11,26,21.88,7.1
53.3686185504856,18.4165402756427,Chelmno,2006,11,27,21.78,6.9
53.3686185504856,18.4165402756427,Chelmno,2006,11,28,21.71,7.0
53.3686185504856,18.4165402756427,Chelmno,2006,11,29,21.64,6.8
53.3686185504856,18.4165402756427,Chelmno,2006,11,30,21.62,6.9
53.3686185504856,18.4165402756427,Chelmno,2007,5,1,21.72,12.8
53.3686185504856,18.4165402756427,Chelmno,2007,5,2,21.7,9.9
53.3686185504856,18.4165402756427,Chelmno,2007,5,3,21.7,12.3
53.3686185504856,18.4165402756427,Chelmno,2007,5,4,21.64,12.1
53.3686185504856,18.4165402756427,Chelmno,2007,5,5,21.53,13.4
53.3686185504856,18.4165402756427,Chelmno,2007,5,6,21.48,13.1
53.3686185504856,18.4165402756427,Chelmno,2007,5,7,21.52,12.9
53.3686185504856,18.4165402756427,Chelmno,2007,5,8,21.64,13.3
53.3686185504856,18.4165402756427,Chelmno,2007,5,9,21.61,14.5
53.3686185504856,18.4165402756427,Chelmno,2007,5,10,21.98,14.2
53.3686185504856,18.4165402756427,Chelmno,2007,5,11,21.32,13.9
53.3686185504856,18.4165402756427,Chelmno,2007,5,12,21.03,13.9
53.3686185504856,18.4165402756427,Chelmno,2007,5,13,21.46,14.0
53.3686185504856,18.4165402756427,Chelmno,2007,5,14,21.63,14.2
53.3686185504856,18.4165402756427,Chelmno,2007,5,15,21.57,16.3
53.3686185504856,18.4165402756427,Chelmno,2007,5,16,21.68,16.8
53.3686185504856,18.4165402756427,Chelmno,2007,5,17,21.68,16.1
53.3686185504856,18.4165402756427,Chelmno,2007,5,18,21.66,15.3
53.3686185504856,18.4165402756427,Chelmno,2007,5,19,21.77,16.2
53.3686185504856,18.4165402756427,Chelmno,2007,5,20,21.63,16.8
53.3686185504856,18.4165402756427,Chelmno,2007,5,21,21.5,17.1
53.3686185504856,18.4165402756427,Chelmno,2007,5,22,21.56,17.7
53.3686185504856,18.4165402756427,Chelmno,2007,5,23,21.6,17.2
53.3686185504856,18.4165402756427,Chelmno,2007,5,24,21.65,20.1
53.3686185504856,18.4165402756427,Chelmno,2007,5,25,21.72,20.3
53.3686185504856,18.4165402756427,Chelmno,2007,5,26,21.6,18.0
53.3686185504856,18.4165402756427,Chelmno,2007,5,27,21.44,19.1
53.3686185504856,18.4165402756427,Chelmno,2007,5,28,21.58,22.7
53.3686185504856,18.4165402756427,Chelmno,2007,5,29,21.5,23.4
53.3686185504856,18.4165402756427,Chelmno,2007,5,30,21.25,23.0
53.3686185504856,18.4165402756427,Chelmno,2007,5,31,21.41,22.8
53.3686185504856,18.4165402756427,Chelmno,2007,6,1,21.36,22.9
53.3686185504856,18.4165402756427,Chelmno,2007,6,2,21.36,21.2
53.3686185504856,18.4165402756427,Chelmno,2007,6,3,21.16,20.6
53.3686185504856,18.4165402756427,Chelmno,2007,6,4,21.22,19.7
53.3686185504856,18.4165402756427,Chelmno,2007,6,5,21.23,19.3
53.3686185504856,18.4165402756427,Chelmno,2007,6,6,21.38,19.8
53.3686185504856,18.4165402756427,Chelmno,2007,6,7,21.32,20.1
53.3686185504856,18.4165402756427,Chelmno,2007,6,8,21.38,22.8
53.3686185504856,18.4165402756427,Chelmno,2007,6,9,21.34,23.1
53.3686185504856,18.4165402756427,Chelmno,2007,6,10,21.16,23.0
53.3686185504856,18.4165402756427,Chelmno,2007,6,11,21.58,23.2
53.3686185504856,18.4165402756427,Chelmno,2007,6,12,21.66,22.6
53.3686185504856,18.4165402756427,Chelmno,2007,6,13,21.7,23.2
53.3686185504856,18.4165402756427,Chelmno,2007,6,14,21.58,23.6
53.3686185504856,18.4165402756427,Chelmno,2007,6,15,21.14,23.4
53.3686185504856,18.4165402756427,Chelmno,2007,6,16,21.48,22.1
53.3686185504856,18.4165402756427,Chelmno,2007,6,17,21.17,23.0
53.3686185504856,18.4165402756427,Chelmno,2007,6,18,21.32,23.4
53.3686185504856,18.4165402756427,Chelmno,2007,6,19,21.39,22.8
53.3686185504856,18.4165402756427,Chelmno,2007,6,20,21.34,22.4
53.3686185504856,18.4165402756427,Chelmno,2007,6,21,21.36,23.3
53.3686185504856,18.4165402756427,Chelmno,2007,6,22,21.31,22.8
53.3686185504856,18.4165402756427,Chelmno,2007,6,23,21.26,22.0
53.3686185504856,18.4165402756427,Chelmno,2007,6,24,21.08,21.3
53.3686185504856,18.4165402756427,Chelmno,2007,6,25,20.88,20.6
53.3686185504856,18.4165402756427,Chelmno,2007,6,26,21.18,20.4
53.3686185504856,18.4165402756427,Chelmno,2007,6,27,21.32,21.1
53.3686185504856,18.4165402756427,Chelmno,2007,6,28,21.08,19.5
53.3686185504856,18.4165402756427,Chelmno,2007,6,29,21.19,19.2
53.3686185504856,18.4165402756427,Chelmno,2007,6,30,21.17,18.9
53.3686185504856,18.4165402756427,Chelmno,2007,7,1,21.08,18.2
53.3686185504856,18.4165402756427,Chelmno,2007,7,2,21.42,18.6
53.3686185504856,18.4165402756427,Chelmno,2007,7,3,21.12,18.8
53.3686185504856,18.4165402756427,Chelmno,2007,7,4,20.86,18.3
53.3686185504856,18.4165402756427,Chelmno,2007,7,5,21.04,18.2
53.3686185504856,18.4165402756427,Chelmno,2007,7,6,21.15,17.5
53.3686185504856,18.4165402756427,Chelmno,2007,7,7,21.21,17.1
53.3686185504856,18.4165402756427,Chelmno,2007,7,8,20.92,17.5
53.3686185504856,18.4165402756427,Chelmno,2007,7,9,20.92,17.3
53.3686185504856,18.4165402756427,Chelmno,2007,7,10,20.96,17.3
53.3686185504856,18.4165402756427,Chelmno,2007,7,11,21.06,17.5
53.3686185504856,18.4165402756427,Chelmno,2007,7,12,21.17,18.1
53.3686185504856,18.4165402756427,Chelmno,2007,7,13,21.24,18.5
53.3686185504856,18.4165402756427,Chelmno,2007,7,14,21.36,18.6
53.3686185504856,18.4165402756427,Chelmno,2007,7,15,21.39,19.3
53.3686185504856,18.4165402756427,Chelmno,2007,7,16,21.28,21.2
53.3686185504856,18.4165402756427,Chelmno,2007,7,17,21.27,22.4
53.3686185504856,18.4165402756427,Chelmno,2007,7,18,21.42,22.8
53.3686185504856,18.4165402756427,Chelmno,2007,7,19,21.51,23.0
53.3686185504856,18.4165402756427,Chelmno,2007,7,20,21.53,23.1
53.3686185504856,18.4165402756427,Chelmno,2007,7,21,21.48,23.0
53.3686185504856,18.4165402756427,Chelmno,2007,7,22,21.02,22.9
53.3686185504856,18.4165402756427,Chelmno,2007,7,23,20.92,23.0
53.3686185504856,18.4165402756427,Chelmno,2007,7,24,21.24,23.2
53.3686185504856,18.4165402756427,Chelmno,2007,7,25,21.38,22.8
53.3686185504856,18.4165402756427,Chelmno,2007,7,26,20.82,21.7
53.3686185504856,18.4165402756427,Chelmno,2007,7,27,21.0,21.9
53.3686185504856,18.4165402756427,Chelmno,2007,7,28,21.08,21.1
53.3686185504856,18.4165402756427,Chelmno,2007,7,29,21.03,20.8
53.3686185504856,18.4165402756427,Chelmno,2007,7,30,21.14,20.4
53.3686185504856,18.4165402756427,Chelmno,2007,7,31,21.16,19.1
53.3686185504856,18.4165402756427,Chelmno,2007,8,1,20.94,18.5
53.3686185504856,18.4165402756427,Chelmno,2007,8,2,20.86,18.1
53.3686185504856,18.4165402756427,Chelmno,2007,8,3,20.84,19.3
53.3686185504856,18.4165402756427,Chelmno,2007,8,4,20.93,19.4
53.3686185504856,18.4165402756427,Chelmno,2007,8,5,21.03,19.1
53.3686185504856,18.4165402756427,Chelmno,2007,8,6,21.02,20.4
53.3686185504856,18.4165402756427,Chelmno,2007,8,7,20.98,22.6
53.3686185504856,18.4165402756427,Chelmno,2007,8,8,20.84,23.6
53.3686185504856,18.4165402756427,Chelmno,2007,8,9,20.86,23.5
53.3686185504856,18.4165402756427,Chelmno,2007,8,10,20.85,23.6
53.3686185504856,18.4165402756427,Chelmno,2007,8,11,20.79,23.4
53.3686185504856,18.4165402756427,Chelmno,2007,8,12,20.74,22.8
53.3686185504856,18.4165402756427,Chelmno,2007,8,13,20.86,22.9
53.3686185504856,18.4165402756427,Chelmno,2007,8,14,20.88,21.7
53.3686185504856,18.4165402756427,Chelmno,2007,8,15,20.88,21.3
53.3686185504856,18.4165402756427,Chelmno,2007,8,16,20.98,21.2
53.3686185504856,18.4165402756427,Chelmno,2007,8,17,21.06,20.7
53.3686185504856,18.4165402756427,Chelmno,2007,8,18,21.17,20.1
53.3686185504856,18.4165402756427,Chelmno,2007,8,19,21.12,19.9
53.3686185504856,18.4165402756427,Chelmno,2007,8,20,21.0,21.0
53.3686185504856,18.4165402756427,Chelmno,2007,8,21,21.01,21.6
53.3686185504856,18.4165402756427,Chelmno,2007,8,22,21.29,22.0
53.3686185504856,18.4165402756427,Chelmno,2007,8,23,21.6,22.2
53.3686185504856,18.4165402756427,Chelmno,2007,8,24,21.59,22.2
53.3686185504856,18.4165402756427,Chelmno,2007,8,25,21.32,22.4
53.3686185504856,18.4165402756427,Chelmno,2007,8,26,21.21,22.1
53.3686185504856,18.4165402756427,Chelmno,2007,8,27,21.21,22.0
53.3686185504856,18.4165402756427,Chelmno,2007,8,28,21.1,21.8
53.3686185504856,18.4165402756427,Chelmno,2007,8,29,20.99,21.0
53.3686185504856,18.4165402756427,Chelmno,2007,8,30,20.98,19.8
53.3686185504856,18.4165402756427,Chelmno,2007,8,31,20.98,18.7
53.3686185504856,18.4165402756427,Chelmno,2007,9,1,21.08,18.0
53.3686185504856,18.4165402756427,Chelmno,2007,9,2,21.04,17.8
53.3686185504856,18.4165402756427,Chelmno,2007,9,3,21.0,17.3
53.3686185504856,18.4165402756427,Chelmno,2007,9,4,21.07,17.0
53.3686185504856,18.4165402756427,Chelmno,2007,9,5,20.96,16.7
53.3686185504856,18.4165402756427,Chelmno,2007,9,6,20.96,16.3
53.3686185504856,18.4165402756427,Chelmno,2007,9,7,20.92,16.7
53.3686185504856,18.4165402756427,Chelmno,2007,9,8,20.92,16.5
53.3686185504856,18.4165402756427,Chelmno,2007,9,9,20.8,15.9
53.3686185504856,18.4165402756427,Chelmno,2007,9,10,20.94,15.8
53.3686185504856,18.4165402756427,Chelmno,2007,9,11,21.02,15.5
53.3686185504856,18.4165402756427,Chelmno,2007,9,12,21.91,15.3
53.3686185504856,18.4165402756427,Chelmno,2007,9,13,22.36,15.4
53.3686185504856,18.4165402756427,Chelmno,2007,9,14,22.86,15.6
53.3686185504856,18.4165402756427,Chelmno,2007,9,15,23.21,15.9
53.3686185504856,18.4165402756427,Chelmno,2007,9,16,23.4,15.3
53.3686185504856,18.4165402756427,Chelmno,2007,9,17,23.58,15.0
53.3686185504856,18.4165402756427,Chelmno,2007,9,18,23.58,15.3
53.3686185504856,18.4165402756427,Chelmno,2007,9,19,23.23,15.2
53.3686185504856,18.4165402756427,Chelmno,2007,9,20,22.96,14.8
53.3686185504856,18.4165402756427,Chelmno,2007,9,21,22.73,14.3
53.3686185504856,18.4165402756427,Chelmno,2007,9,22,22.41,14.6
53.3686185504856,18.4165402756427,Chelmno,2007,9,23,22.16,14.8
53.3686185504856,18.4165402756427,Chelmno,2007,9,24,21.81,15.1
53.3686185504856,18.4165402756427,Chelmno,2007,9,25,21.96,15.2
53.3686185504856,18.4165402756427,Chelmno,2007,9,26,21.68,14.5
53.3686185504856,18.4165402756427,Chelmno,2007,9,27,21.73,15.5
53.3686185504856,18.4165402756427,Chelmno,2007,9,28,21.75,15.0
53.3686185504856,18.4165402756427,Chelmno,2007,9,29,21.62,14.7
53.3686185504856,18.4165402756427,Chelmno,2007,9,30,21.66,14.5
53.3686185504856,18.4165402756427,Chelmno,2007,10,1,21.74,14.4
53.3686185504856,18.4165402756427,Chelmno,2007,10,2,21.56,14.5
53.3686185504856,18.4165402756427,Chelmno,2007,10,3,21.42,14.7
53.3686185504856,18.4165402756427,Chelmno,2007,10,4,21.47,14.6
53.3686185504856,18.4165402756427,Chelmno,2007,10,5,21.54,14.5
53.3686185504856,18.4165402756427,Chelmno,2007,10,6,21.59,14.1
53.3686185504856,18.4165402756427,Chelmno,2007,10,7,21.34,13.9
53.3686185504856,18.4165402756427,Chelmno,2007,10,8,21.46,13.7
53.3686185504856,18.4165402756427,Chelmno,2007,10,9,21.45,12.9
53.3686185504856,18.4165402756427,Chelmno,2007,10,10,21.58,12.9
53.3686185504856,18.4165402756427,Chelmno,2007,10,11,21.5,13.2
53.3686185504856,18.4165402756427,Chelmno,2007,10,12,21.48,12.5
53.3686185504856,18.4165402756427,Chelmno,2007,10,13,21.38,12.6
53.3686185504856,18.4165402756427,Chelmno,2007,10,14,21.65,11.1
53.3686185504856,18.4165402756427,Chelmno,2007,10,15,22.15,11.0
53.3686185504856,18.4165402756427,Chelmno,2007,10,16,21.56,11.0
53.3686185504856,18.4165402756427,Chelmno,2007,10,17,21.66,10.9
53.3686185504856,18.4165402756427,Chelmno,2007,10,18,21.59,11.3
53.3686185504856,18.4165402756427,Chelmno,2007,10,19,21.56,11.1
53.3686185504856,18.4165402756427,Chelmno,2007,10,20,21.5,10.4
53.3686185504856,18.4165402756427,Chelmno,2007,10,21,21.28,10.0
53.3686185504856,18.4165402756427,Chelmno,2007,10,22,21.48,9.8
53.3686185504856,18.4165402756427,Chelmno,2007,10,23,21.52,8.6
53.3686185504856,18.4165402756427,Chelmno,2007,10,24,21.48,8.4
53.3686185504856,18.4165402756427,Chelmno,2007,10,25,21.5,8.8
53.3686185504856,18.4165402756427,Chelmno,2007,10,26,21.46,9.0
53.3686185504856,18.4165402756427,Chelmno,2007,10,27,21.44,8.8
53.3686185504856,18.4165402756427,Chelmno,2007,10,28,21.31,8.8
53.3686185504856,18.4165402756427,Chelmno,2007,10,29,21.42,8.6
53.3686185504856,18.4165402756427,Chelmno,2007,10,30,21.48,8.2
53.3686185504856,18.4165402756427,Chelmno,2007,10,31,21.76,8.1
53.3686185504856,18.4165402756427,Chelmno,2007,11,1,21.87,8.0
53.3686185504856,18.4165402756427,Chelmno,2007,11,2,21.67,8.8
53.3686185504856,18.4165402756427,Chelmno,2007,11,3,21.73,8.7
53.3686185504856,18.4165402756427,Chelmno,2007,11,4,21.69,8.4
53.3686185504856,18.4165402756427,Chelmno,2007,11,5,21.7,7.0
53.3686185504856,18.4165402756427,Chelmno,2007,11,6,21.47,6.9
53.3686185504856,18.4165402756427,Chelmno,2007,11,7,21.46,6.8
53.3686185504856,18.4165402756427,Chelmno,2007,11,8,21.62,6.2
53.3686185504856,18.4165402756427,Chelmno,2007,11,9,21.58,6.9
53.3686185504856,18.4165402756427,Chelmno,2007,11,10,21.69,6.9
53.3686185504856,18.4165402756427,Chelmno,2007,11,11,21.54,6.8
53.3686185504856,18.4165402756427,Chelmno,2007,11,12,21.72,5.5
53.3686185504856,18.4165402756427,Chelmno,2007,11,13,21.78,6.3
53.3686185504856,18.4165402756427,Chelmno,2007,11,14,21.8,4.6
53.3686185504856,18.4165402756427,Chelmno,2007,11,15,21.99,4.5
53.3686185504856,18.4165402756427,Chelmno,2007,11,16,22.2,5.0
53.3686185504856,18.4165402756427,Chelmno,2007,11,17,22.03,4.8
53.3686185504856,18.4165402756427,Chelmno,2007,11,18,21.97,4.2
53.3686185504856,18.4165402756427,Chelmno,2007,11,19,21.92,4.4
53.3686185504856,18.4165402756427,Chelmno,2007,11,20,21.64,4.2
53.3686185504856,18.4165402756427,Chelmno,2007,11,21,21.98,4.1
53.3686185504856,18.4165402756427,Chelmno,2007,11,22,22.06,4.3
53.3686185504856,18.4165402756427,Chelmno,2007,11,23,22.0,4.2
53.3686185504856,18.4165402756427,Chelmno,2007,11,24,21.83,3.9
53.3686185504856,18.4165402756427,Chelmno,2007,11,25,21.77,3.5
53.3686185504856,18.4165402756427,Chelmno,2007,11,26,21.59,3.6
53.3686185504856,18.4165402756427,Chelmno,2007,11,27,21.96,3.4
53.3686185504856,18.4165402756427,Chelmno,2007,11,28,21.85,3.3
53.3686185504856,18.4165402756427,Chelmno,2007,11,29,21.77,3.4
53.3686185504856,18.4165402756427,Chelmno,2007,11,30,22.14,3.2
53.3686185504856,18.4165402756427,Chelmno,2008,5,1,22.34,13.2
53.3686185504856,18.4165402756427,Chelmno,2008,5,2,22.27,14.3
53.3686185504856,18.4165402756427,Chelmno,2008,5,3,22.24,15.1
53.3686185504856,18.4165402756427,Chelmno,2008,5,4,22.17,15.2
53.3686185504856,18.4165402756427,Chelmno,2008,5,5,22.08,15.2
53.3686185504856,18.4165402756427,Chelmno,2008,5,6,22.16,15.3
53.3686185504856,18.4165402756427,Chelmno,2008,5,7,22.19,15.3
53.3686185504856,18.4165402756427,Chelmno,2008,5,8,22.13,15.5
53.3686185504856,18.4165402756427,Chelmno,2008,5,9,22.2,15.6
53.3686185504856,18.4165402756427,Chelmno,2008,5,10,22.22,16.1
53.3686185504856,18.4165402756427,Chelmno,2008,5,11,22.19,16.3
53.3686185504856,18.4165402756427,Chelmno,2008,5,12,22.19,16.5
53.3686185504856,18.4165402756427,Chelmno,2008,5,13,22.24,16.5
53.3686185504856,18.4165402756427,Chelmno,2008,5,14,22.2,16.5
53.3686185504856,18.4165402756427,Chelmno,2008,5,15,22.12,16.6
53.3686185504856,18.4165402756427,Chelmno,2008,5,16,21.96,17.3
53.3686185504856,18.4165402756427,Chelmno,2008,5,17,22.19,18.0
53.3686185504856,18.4165402756427,Chelmno,2008,5,18,21.8,18.3
53.3686185504856,18.4165402756427,Chelmno,2008,5,19,21.58,18.1
53.3686185504856,18.4165402756427,Chelmno,2008,5,20,21.82,18.2
53.3686185504856,18.4165402756427,Chelmno,2008,5,21,21.83,18.1
53.3686185504856,18.4165402756427,Chelmno,2008,5,22,21.76,17.9
53.3686185504856,18.4165402756427,Chelmno,2008,5,23,21.65,17.9
53.3686185504856,18.4165402756427,Chelmno,2008,5,24,21.74,17.1
53.3686185504856,18.4165402756427,Chelmno,2008,5,25,21.76,16.3
53.3686185504856,18.4165402756427,Chelmno,2008,5,26,21.91,16.4
53.3686185504856,18.4165402756427,Chelmno,2008,5,27,21.96,16.7
53.3686185504856,18.4165402756427,Chelmno,2008,5,28,22.09,16.1
53.3686185504856,18.4165402756427,Chelmno,2008,5,29,22.18,18.2
53.3686185504856,18.4165402756427,Chelmno,2008,5,30,22.37,18.0
53.3686185504856,18.4165402756427,Chelmno,2008,5,31,22.26,18.1
53.3686185504856,18.4165402756427,Chelmno,2008,6,1,22.12,18.7
53.3686185504856,18.4165402756427,Chelmno,2008,6,2,21.96,18.8
53.3686185504856,18.4165402756427,Chelmno,2008,6,3,21.84,20.1
53.3686185504856,18.4165402756427,Chelmno,2008,6,4,21.76,20.1
53.3686185504856,18.4165402756427,Chelmno,2008,6,5,21.73,20.0
53.3686185504856,18.4165402756427,Chelmno,2008,6,6,21.7,20.4
53.3686185504856,18.4165402756427,Chelmno,2008,6,7,21.51,20.3
53.3686185504856,18.4165402756427,Chelmno,2008,6,8,21.63,20.8
53.3686185504856,18.4165402756427,Chelmno,2008,6,9,21.44,20.7
53.3686185504856,18.4165402756427,Chelmno,2008,6,10,21.56,20.6
53.3686185504856,18.4165402756427,Chelmno,2008,6,11,21.23,20.7
53.3686185504856,18.4165402756427,Chelmno,2008,6,12,21.23,20.8
53.3686185504856,18.4165402756427,Chelmno,2008,6,13,21.22,19.9
53.3686185504856,18.4165402756427,Chelmno,2008,6,14,21.2,19.1
53.3686185504856,18.4165402756427,Chelmno,2008,6,15,21.11,18.3
53.3686185504856,18.4165402756427,Chelmno,2008,6,16,20.89,18.1
53.3686185504856,18.4165402756427,Chelmno,2008,6,17,20.9,17.9
53.3686185504856,18.4165402756427,Chelmno,2008,6,18,20.91,18.1
53.3686185504856,18.4165402756427,Chelmno,2008,6,19,20.98,18.7
53.3686185504856,18.4165402756427,Chelmno,2008,6,20,21.08,18.6
53.3686185504856,18.4165402756427,Chelmno,2008,6,21,21.09,20.1
53.3686185504856,18.4165402756427,Chelmno,2008,6,22,21.1,20.0
53.3686185504856,18.4165402756427,Chelmno,2008,6,23,21.1,19.7
53.3686185504856,18.4165402756427,Chelmno,2008,6,24,21.44,20.6
53.3686185504856,18.4165402756427,Chelmno,2008,6,25,21.16,19.9
53.3686185504856,18.4165402756427,Chelmno,2008,6,26,20.86,20.1
53.3686185504856,18.4165402756427,Chelmno,2008,6,27,20.79,20.8
53.3686185504856,18.4165402756427,Chelmno,2008,6,28,20.8,21.0
53.3686185504856,18.4165402756427,Chelmno,2008,6,29,20.8,20.8
53.3686185504856,18.4165402756427,Chelmno,2008,6,30,20.81,20.1
53.3686185504856,18.4165402756427,Chelmno,2008,7,1,20.8,20.3
53.3686185504856,18.4165402756427,Chelmno,2008,7,2,20.8,19.9
53.3686185504856,18.4165402756427,Chelmno,2008,7,3,20.78,20.7
53.3686185504856,18.4165402756427,Chelmno,2008,7,4,20.74,20.8
53.3686185504856,18.4165402756427,Chelmno,2008,7,5,20.66,20.8
53.3686185504856,18.4165402756427,Chelmno,2008,7,6,20.65,20.6
53.3686185504856,18.4165402756427,Chelmno,2008,7,7,20.64,20.7
53.3686185504856,18.4165402756427,Chelmno,2008,7,8,20.64,20.5
53.3686185504856,18.4165402756427,Chelmno,2008,7,9,20.64,20.4
53.3686185504856,18.4165402756427,Chelmno,2008,7,10,20.69,20.5
53.3686185504856,18.4165402756427,Chelmno,2008,7,11,20.68,20.6
53.3686185504856,18.4165402756427,Chelmno,2008,7,12,20.7,20.4
53.3686185504856,18.4165402756427,Chelmno,2008,7,13,20.71,20.6
53.3686185504856,18.4165402756427,Chelmno,2008,7,14,20.77,20.5
53.3686185504856,18.4165402756427,Chelmno,2008,7,15,20.83,20.8
53.3686185504856,18.4165402756427,Chelmno,2008,7,16,20.81,20.6
53.3686185504856,18.4165402756427,Chelmno,2008,7,17,20.9,20.7
53.3686185504856,18.4165402756427,Chelmno,2008,7,18,20.84,20.3
53.3686185504856,18.4165402756427,Chelmno,2008,7,19,20.88,20.8
53.3686185504856,18.4165402756427,Chelmno,2008,7,20,20.92,21.2
53.3686185504856,18.4165402756427,Chelmno,2008,7,21,20.88,21.3
53.3686185504856,18.4165402756427,Chelmno,2008,7,22,20.8,21.2
53.3686185504856,18.4165402756427,Chelmno,2008,7,23,20.75,20.8
53.3686185504856,18.4165402756427,Chelmno,2008,7,24,20.84,20.9
53.3686185504856,18.4165402756427,Chelmno,2008,7,25,21.09,21.0
53.3686185504856,18.4165402756427,Chelmno,2008,7,26,21.16,22.0
53.3686185504856,18.4165402756427,Chelmno,2008,7,27,21.12,22.8
53.3686185504856,18.4165402756427,Chelmno,2008,7,28,21.25,22.8
53.3686185504856,18.4165402756427,Chelmno,2008,7,29,21.55,22.6
53.3686185504856,18.4165402756427,Chelmno,2008,7,30,22.3,22.7
53.3686185504856,18.4165402756427,Chelmno,2008,7,31,22.75,23.1
53.3686185504856,18.4165402756427,Chelmno,2008,8,1,23.37,23.4
53.3686185504856,18.4165402756427,Chelmno,2008,8,2,23.37,23.5
53.3686185504856,18.4165402756427,Chelmno,2008,8,3,23.42,23.0
53.3686185504856,18.4165402756427,Chelmno,2008,8,4,22.9,23.0
53.3686185504856,18.4165402756427,Chelmno,2008,8,5,22.21,22.2
53.3686185504856,18.4165402756427,Chelmno,2008,8,6,21.94,21.6
53.3686185504856,18.4165402756427,Chelmno,2008,8,7,21.67,21.2
53.3686185504856,18.4165402756427,Chelmno,2008,8,8,21.32,20.9
53.3686185504856,18.4165402756427,Chelmno,2008,8,9,21.44,21.2
53.3686185504856,18.4165402756427,Chelmno,2008,8,10,21.46,21.0
53.3686185504856,18.4165402756427,Chelmno,2008,8,11,21.37,21.1
53.3686185504856,18.4165402756427,Chelmno,2008,8,12,21.19,21.2
53.3686185504856,18.4165402756427,Chelmno,2008,8,13,21.25,21.2
53.3686185504856,18.4165402756427,Chelmno,2008,8,14,21.25,20.0
53.3686185504856,18.4165402756427,Chelmno,2008,8,15,21.48,21.0
53.3686185504856,18.4165402756427,Chelmno,2008,8,16,21.28,20.1
53.3686185504856,18.4165402756427,Chelmno,2008,8,17,21.15,19.7
53.3686185504856,18.4165402756427,Chelmno,2008,8,18,21.43,18.3
53.3686185504856,18.4165402756427,Chelmno,2008,8,19,21.53,18.4
53.3686185504856,18.4165402756427,Chelmno,2008,8,20,21.43,18.7
53.3686185504856,18.4165402756427,Chelmno,2008,8,21,21.25,18.5
53.3686185504856,18.4165402756427,Chelmno,2008,8,22,21.22,18.6
53.3686185504856,18.4165402756427,Chelmno,2008,8,23,21.38,18.5
53.3686185504856,18.4165402756427,Chelmno,2008,8,24,21.36,18.2
53.3686185504856,18.4165402756427,Chelmno,2008,8,25,21.27,19.7
53.3686185504856,18.4165402756427,Chelmno,2008,8,26,21.13,19.4
53.3686185504856,18.4165402756427,Chelmno,2008,8,27,21.15,19.9
53.3686185504856,18.4165402756427,Chelmno,2008,8,28,21.03,19.9
53.3686185504856,18.4165402756427,Chelmno,2008,8,29,20.88,20.2
53.3686185504856,18.4165402756427,Chelmno,2008,8,30,20.93,18.5
53.3686185504856,18.4165402756427,Chelmno,2008,8,31,20.93,18.3
53.3686185504856,18.4165402756427,Chelmno,2008,9,1,20.88,18.5
53.3686185504856,18.4165402756427,Chelmno,2008,9,2,20.85,18.6
53.3686185504856,18.4165402756427,Chelmno,2008,9,3,20.97,18.2
53.3686185504856,18.4165402756427,Chelmno,2008,9,4,21.32,18.3
53.3686185504856,18.4165402756427,Chelmno,2008,9,5,21.15,19.7
53.3686185504856,18.4165402756427,Chelmno,2008,9,6,20.81,19.5
53.3686185504856,18.4165402756427,Chelmno,2008,9,7,20.73,19.6
53.3686185504856,18.4165402756427,Chelmno,2008,9,8,20.71,19.5
53.3686185504856,18.4165402756427,Chelmno,2008,9,9,20.7,19.8
53.3686185504856,18.4165402756427,Chelmno,2008,9,10,20.73,19.7
53.3686185504856,18.4165402756427,Chelmno,2008,9,11,20.72,19.3
53.3686185504856,18.4165402756427,Chelmno,2008,9,12,20.72,18.2
53.3686185504856,18.4165402756427,Chelmno,2008,9,13,20.71,15.3
53.3686185504856,18.4165402756427,Chelmno,2008,9,14,20.73,15.5
53.3686185504856,18.4165402756427,Chelmno,2008,9,15,20.71,15.1
53.3686185504856,18.4165402756427,Chelmno,2008,9,16,20.72,14.9
53.3686185504856,18.4165402756427,Chelmno,2008,9,17,20.71,15.2
53.3686185504856,18.4165402756427,Chelmno,2008,9,18,20.64,14.9
53.3686185504856,18.4165402756427,Chelmno,2008,9,19,20.72,14.7
53.3686185504856,18.4165402756427,Chelmno,2008,9,20,20.72,13.3
53.3686185504856,18.4165402756427,Chelmno,2008,9,21,20.72,13.4
53.3686185504856,18.4165402756427,Chelmno,2008,9,22,20.73,13.1
53.3686185504856,18.4165402756427,Chelmno,2008,9,23,20.74,13.1
53.3686185504856,18.4165402756427,Chelmno,2008,9,24,20.74,12.9
53.3686185504856,18.4165402756427,Chelmno,2008,9,25,21.11,12.9
53.3686185504856,18.4165402756427,Chelmno,2008,9,26,21.56,13.3
53.3686185504856,18.4165402756427,Chelmno,2008,9,27,22.08,12.9
53.3686185504856,18.4165402756427,Chelmno,2008,9,28,22.59,12.7
53.3686185504856,18.4165402756427,Chelmno,2008,9,29,22.41,12.9
53.3686185504856,18.4165402756427,Chelmno,2008,9,30,22.05,12.4
53.3686185504856,18.4165402756427,Chelmno,2008,10,1,21.89,12.3
53.3686185504856,18.4165402756427,Chelmno,2008,10,2,21.96,12.1
53.3686185504856,18.4165402756427,Chelmno,2008,10,3,21.87,10.0
53.3686185504856,18.4165402756427,Chelmno,2008,10,4,21.69,11.3
53.3686185504856,18.4165402756427,Chelmno,2008,10,5,21.5,11.0
53.3686185504856,18.4165402756427,Chelmno,2008,10,6,21.54,11.1
53.3686185504856,18.4165402756427,Chelmno,2008,10,7,21.45,12.1
53.3686185504856,18.4165402756427,Chelmno,2008,10,8,21.42,10.5
53.3686185504856,18.4165402756427,Chelmno,2008,10,9,21.47,10.7
53.3686185504856,18.4165402756427,Chelmno,2008,10,10,21.66,11.6
53.3686185504856,18.4165402756427,Chelmno,2008,10,11,22.24,12.7
53.3686185504856,18.4165402756427,Chelmno,2008,10,12,22.49,12.3
53.3686185504856,18.4165402756427,Chelmno,2008,10,13,22.3,12.4
53.3686185504856,18.4165402756427,Chelmno,2008,10,14,22.12,12.2
53.3686185504856,18.4165402756427,Chelmno,2008,10,15,21.95,12.0
53.3686185504856,18.4165402756427,Chelmno,2008,10,16,21.89,11.9
53.3686185504856,18.4165402756427,Chelmno,2008,10,17,21.89,11.8
53.3686185504856,18.4165402756427,Chelmno,2008,10,18,21.82,11.7
53.3686185504856,18.4165402756427,Chelmno,2008,10,19,21.73,11.5
53.3686185504856,18.4165402756427,Chelmno,2008,10,20,21.62,11.5
53.3686185504856,18.4165402756427,Chelmno,2008,10,21,21.61,11.3
53.3686185504856,18.4165402756427,Chelmno,2008,10,22,21.75,11.7
53.3686185504856,18.4165402756427,Chelmno,2008,10,23,22.06,11.0
53.3686185504856,18.4165402756427,Chelmno,2008,10,24,21.52,10.9
53.3686185504856,18.4165402756427,Chelmno,2008,10,25,21.42,9.8
53.3686185504856,18.4165402756427,Chelmno,2008,10,26,21.66,10.0
53.3686185504856,18.4165402756427,Chelmno,2008,10,27,21.51,9.8
53.3686185504856,18.4165402756427,Chelmno,2008,10,28,21.57,9.9
53.3686185504856,18.4165402756427,Chelmno,2008,10,29,21.58,9.6
53.3686185504856,18.4165402756427,Chelmno,2008,10,30,21.61,9.6
53.3686185504856,18.4165402756427,Chelmno,2008,10,31,21.59,9.5
53.3686185504856,18.4165402756427,Chelmno,2008,11,1,21.64,8.2
53.3686185504856,18.4165402756427,Chelmno,2008,11,2,21.63,7.8
53.3686185504856,18.4165402756427,Chelmno,2008,11,3,21.77,8.0
53.3686185504856,18.4165402756427,Chelmno,2008,11,4,21.62,7.9
53.3686185504856,18.4165402756427,Chelmno,2008,11,5,21.58,8.1
53.3686185504856,18.4165402756427,Chelmno,2008,11,6,21.44,8.4
53.3686185504856,18.4165402756427,Chelmno,2008,11,7,21.46,8.2
53.3686185504856,18.4165402756427,Chelmno,2008,11,8,21.08,8.0
53.3686185504856,18.4165402756427,Chelmno,2008,11,9,21.22,8.6
53.3686185504856,18.4165402756427,Chelmno,2008,11,10,21.28,9.0
53.3686185504856,18.4165402756427,Chelmno,2008,11,11,21.2,9.0
53.3686185504856,18.4165402756427,Chelmno,2008,11,12,21.39,8.9
53.3686185504856,18.4165402756427,Chelmno,2008,11,13,21.59,8.8
53.3686185504856,18.4165402756427,Chelmno,2008,11,14,21.4,8.8
53.3686185504856,18.4165402756427,Chelmno,2008,11,15,21.02,8.7
53.3686185504856,18.4165402756427,Chelmno,2008,11,16,21.04,8.6
53.3686185504856,18.4165402756427,Chelmno,2008,11,17,21.22,8.4
53.3686185504856,18.4165402756427,Chelmno,2008,11,18,21.28,8.2
53.3686185504856,18.4165402756427,Chelmno,2008,11,19,21.11,8.0
53.3686185504856,18.4165402756427,Chelmno,2008,11,20,21.21,7.8
53.3686185504856,18.4165402756427,Chelmno,2008,11,21,21.27,7.4
53.3686185504856,18.4165402756427,Chelmno,2008,11,22,21.16,6.0
53.3686185504856,18.4165402756427,Chelmno,2008,11,23,21.17,5.8
53.3686185504856,18.4165402756427,Chelmno,2008,11,24,21.2,5.6
53.3686185504856,18.4165402756427,Chelmno,2008,11,25,21.28,5.4
53.3686185504856,18.4165402756427,Chelmno,2008,11,26,21.46,5.0
53.3686185504856,18.4165402756427,Chelmno,2008,11,27,21.36,5.2
53.3686185504856,18.4165402756427,Chelmno,2008,11,28,21.44,5.4
53.3686185504856,18.4165402756427,Chelmno,2008,11,29,21.38,4.6
53.3686185504856,18.4165402756427,Chelmno,2008,11,30,22.04,4.4
53.3686185504856,18.4165402756427,Chelmno,2009,5,1,22.06,14.7
53.3686185504856,18.4165402756427,Chelmno,2009,5,2,22.1,15.1
53.3686185504856,18.4165402756427,Chelmno,2009,5,3,22.27,15.6
53.3686185504856,18.4165402756427,Chelmno,2009,5,4,21.68,15.8
53.3686185504856,18.4165402756427,Chelmno,2009,5,5,21.6,15.9
53.3686185504856,18.4165402756427,Chelmno,2009,5,6,21.82,16.0
53.3686185504856,18.4165402756427,Chelmno,2009,5,7,21.83,16.2
53.3686185504856,18.4165402756427,Chelmno,2009,5,8,21.91,16.1
53.3686185504856,18.4165402756427,Chelmno,2009,5,9,21.7,16.1
53.3686185504856,18.4165402756427,Chelmno,2009,5,10,21.56,16.2
53.3686185504856,18.4165402756427,Chelmno,2009,5,11,21.68,16.2
53.3686185504856,18.4165402756427,Chelmno,2009,5,12,21.62,16.3
53.3686185504856,18.4165402756427,Chelmno,2009,5,13,21.45,16.1
53.3686185504856,18.4165402756427,Chelmno,2009,5,14,21.15,16.0
53.3686185504856,18.4165402756427,Chelmno,2009,5,15,21.48,16.1
53.3686185504856,18.4165402756427,Chelmno,2009,5,16,21.44,16.2
53.3686185504856,18.4165402756427,Chelmno,2009,5,17,21.36,15.7
53.3686185504856,18.4165402756427,Chelmno,2009,5,18,21.46,15.7
53.3686185504856,18.4165402756427,Chelmno,2009,5,19,21.32,16.0
53.3686185504856,18.4165402756427,Chelmno,2009,5,20,21.49,15.9
53.3686185504856,18.4165402756427,Chelmno,2009,5,21,21.47,16.0
53.3686185504856,18.4165402756427,Chelmno,2009,5,22,21.32,16.3
53.3686185504856,18.4165402756427,Chelmno,2009,5,23,21.38,16.9
53.3686185504856,18.4165402756427,Chelmno,2009,5,24,21.35,16.8
53.3686185504856,18.4165402756427,Chelmno,2009,5,25,21.36,16.8
53.3686185504856,18.4165402756427,Chelmno,2009,5,26,21.36,16.9
53.3686185504856,18.4165402756427,Chelmno,2009,5,27,21.6,17.0
53.3686185504856,18.4165402756427,Chelmno,2009,5,28,21.46,16.9
53.3686185504856,18.4165402756427,Chelmno,2009,5,29,21.39,16.7
53.3686185504856,18.4165402756427,Chelmno,2009,5,30,21.42,16.4
53.3686185504856,18.4165402756427,Chelmno,2009,5,31,21.39,16.5
53.3686185504856,18.4165402756427,Chelmno,2009,6,1,21.32,16.1
53.3686185504856,18.4165402756427,Chelmno,2009,6,2,21.16,16.3
53.3686185504856,18.4165402756427,Chelmno,2009,6,3,21.28,16.8
53.3686185504856,18.4165402756427,Chelmno,2009,6,4,21.42,16.6
53.3686185504856,18.4165402756427,Chelmno,2009,6,5,21.36,17.0
53.3686185504856,18.4165402756427,Chelmno,2009,6,6,21.37,16.4
53.3686185504856,18.4165402756427,Chelmno,2009,6,7,21.59,16.6
53.3686185504856,18.4165402756427,Chelmno,2009,6,8,21.8,16.7
53.3686185504856,18.4165402756427,Chelmno,2009,6,9,21.8,17.1
53.3686185504856,18.4165402756427,Chelmno,2009,6,10,21.84,17.8
53.3686185504856,18.4165402756427,Chelmno,2009,6,11,21.68,17.8
53.3686185504856,18.4165402756427,Chelmno,2009,6,12,21.61,17.7
53.3686185504856,18.4165402756427,Chelmno,2009,6,13,21.56,17.8
53.3686185504856,18.4165402756427,Chelmno,2009,6,14,21.58,17.7
53.3686185504856,18.4165402756427,Chelmno,2009,6,15,21.62,17.9
53.3686185504856,18.4165402756427,Chelmno,2009,6,16,21.57,18.0
53.3686185504856,18.4165402756427,Chelmno,2009,6,17,21.56,18.0
53.3686185504856,18.4165402756427,Chelmno,2009,6,18,21.6,18.1
53.3686185504856,18.4165402756427,Chelmno,2009,6,19,21.52,18.0
53.3686185504856,18.4165402756427,Chelmno,2009,6,20,21.6,18.1
53.3686185504856,18.4165402756427,Chelmno,2009,6,21,21.66,18.1
53.3686185504856,18.4165402756427,Chelmno,2009,6,22,21.74,18.1
53.3686185504856,18.4165402756427,Chelmno,2009,6,23,21.59,18.1
53.3686185504856,18.4165402756427,Chelmno,2009,6,24,21.44,18.0
53.3686185504856,18.4165402756427,Chelmno,2009,6,25,21.52,18.0
53.3686185504856,18.4165402756427,Chelmno,2009,6,26,21.66,18.1
53.3686185504856,18.4165402756427,Chelmno,2009,6,27,21.73,18.4
53.3686185504856,18.4165402756427,Chelmno,2009,6,28,22.36,18.8
53.3686185504856,18.4165402756427,Chelmno,2009,6,29,22.68,19.5
53.3686185504856,18.4165402756427,Chelmno,2009,6,30,23.3,20.5
53.3686185504856,18.4165402756427,Chelmno,2009,7,1,23.6,21.0
53.3686185504856,18.4165402756427,Chelmno,2009,7,2,23.56,22.0
53.3686185504856,18.4165402756427,Chelmno,2009,7,3,23.49,22.1
53.3686185504856,18.4165402756427,Chelmno,2009,7,4,23.5,22.2
53.3686185504856,18.4165402756427,Chelmno,2009,7,5,23.42,22.3
53.3686185504856,18.4165402756427,Chelmno,2009,7,6,23.36,22.3
53.3686185504856,18.4165402756427,Chelmno,2009,7,7,23.06,22.3
53.3686185504856,18.4165402756427,Chelmno,2009,7,8,22.94,22.5
53.3686185504856,18.4165402756427,Chelmno,2009,7,9,22.99,22.6
53.3686185504856,18.4165402756427,Chelmno,2009,7,10,22.76,22.4
53.3686185504856,18.4165402756427,Chelmno,2009,7,11,22.6,22.5
53.3686185504856,18.4165402756427,Chelmno,2009,7,12,22.47,21.7
53.3686185504856,18.4165402756427,Chelmno,2009,7,13,22.42,21.0
53.3686185504856,18.4165402756427,Chelmno,2009,7,14,22.46,22.1
53.3686185504856,18.4165402756427,Chelmno,2009,7,15,22.46,22.4
53.3686185504856,18.4165402756427,Chelmno,2009,7,16,22.46,22.4
53.3686185504856,18.4165402756427,Chelmno,2009,7,17,22.4,22.5
53.3686185504856,18.4165402756427,Chelmno,2009,7,18,22.22,22.5
53.3686185504856,18.4165402756427,Chelmno,2009,7,19,22.22,22.7
53.3686185504856,18.4165402756427,Chelmno,2009,7,20,22.22,22.6
53.3686185504856,18.4165402756427,Chelmno,2009,7,21,22.15,22.2
53.3686185504856,18.4165402756427,Chelmno,2009,7,22,22.04,22.7
53.3686185504856,18.4165402756427,Chelmno,2009,7,23,21.78,22.6
53.3686185504856,18.4165402756427,Chelmno,2009,7,24,21.71,22.7
53.3686185504856,18.4165402756427,Chelmno,2009,7,25,21.68,22.6
53.3686185504856,18.4165402756427,Chelmno,2009,7,26,21.72,22.7
53.3686185504856,18.4165402756427,Chelmno,2009,7,27,21.68,22.5
53.3686185504856,18.4165402756427,Chelmno,2009,7,28,21.67,22.6
53.3686185504856,18.4165402756427,Chelmno,2009,7,29,21.71,22.4
53.3686185504856,18.4165402756427,Chelmno,2009,7,30,21.68,22.6
53.3686185504856,18.4165402756427,Chelmno,2009,7,31,22.34,22.7
53.3686185504856,18.4165402756427,Chelmno,2009,8,1,21.36,22.8
53.3686185504856,18.4165402756427,Chelmno,2009,8,2,21.55,22.5
53.3686185504856,18.4165402756427,Chelmno,2009,8,3,21.56,22.7
53.3686185504856,18.4165402756427,Chelmno,2009,8,4,21.64,22.6
53.3686185504856,18.4165402756427,Chelmno,2009,8,5,21.4,22.8
53.3686185504856,18.4165402756427,Chelmno,2009,8,6,21.28,22.8
53.3686185504856,18.4165402756427,Chelmno,2009,8,7,21.21,22.7
53.3686185504856,18.4165402756427,Chelmno,2009,8,8,21.26,22.9
53.3686185504856,18.4165402756427,Chelmno,2009,8,9,21.21,22.8
53.3686185504856,18.4165402756427,Chelmno,2009,8,10,21.16,22.9
53.3686185504856,18.4165402756427,Chelmno,2009,8,11,21.18,22.8
53.3686185504856,18.4165402756427,Chelmno,2009,8,12,21.14,22.7
53.3686185504856,18.4165402756427,Chelmno,2009,8,13,21.16,22.6
53.3686185504856,18.4165402756427,Chelmno,2009,8,14,21.19,22.5
53.3686185504856,18.4165402756427,Chelmno,2009,8,15,21.12,22.0
53.3686185504856,18.4165402756427,Chelmno,2009,8,16,21.18,22.3
53.3686185504856,18.4165402756427,Chelmno,2009,8,17,21.18,22.6
53.3686185504856,18.4165402756427,Chelmno,2009,8,18,21.12,22.4
53.3686185504856,18.4165402756427,Chelmno,2009,8,19,21.13,22.2
53.3686185504856,18.4165402756427,Chelmno,2009,8,20,21.07,22.3
53.3686185504856,18.4165402756427,Chelmno,2009,8,21,21.11,22.4
53.3686185504856,18.4165402756427,Chelmno,2009,8,22,21.17,21.9
53.3686185504856,18.4165402756427,Chelmno,2009,8,23,21.16,22.1
53.3686185504856,18.4165402756427,Chelmno,2009,8,24,21.06,22.0
53.3686185504856,18.4165402756427,Chelmno,2009,8,25,20.97,22.1
53.3686185504856,18.4165402756427,Chelmno,2009,8,26,20.92,22.2
53.3686185504856,18.4165402756427,Chelmno,2009,8,27,20.98,22.3
53.3686185504856,18.4165402756427,Chelmno,2009,8,28,21.1,22.1
53.3686185504856,18.4165402756427,Chelmno,2009,8,29,20.97,21.9
53.3686185504856,18.4165402756427,Chelmno,2009,8,30,21.24,20.0
53.3686185504856,18.4165402756427,Chelmno,2009,8,31,21.49,19.9
53.3686185504856,18.4165402756427,Chelmno,2009,9,1,21.54,20.0
53.3686185504856,18.4165402756427,Chelmno,2009,9,2,21.12,19.9
53.3686185504856,18.4165402756427,Chelmno,2009,9,3,21.13,20.0
53.3686185504856,18.4165402756427,Chelmno,2009,9,4,21.18,20.2
53.3686185504856,18.4165402756427,Chelmno,2009,9,5,21.23,19.7
53.3686185504856,18.4165402756427,Chelmno,2009,9,6,21.0,19.1
53.3686185504856,18.4165402756427,Chelmno,2009,9,7,21.06,18.9
53.3686185504856,18.4165402756427,Chelmno,2009,9,8,21.26,19.3
53.3686185504856,18.4165402756427,Chelmno,2009,9,9,21.24,19.3
53.3686185504856,18.4165402756427,Chelmno,2009,9,10,20.91,19.0
53.3686185504856,18.4165402756427,Chelmno,2009,9,11,20.98,19.4
53.3686185504856,18.4165402756427,Chelmno,2009,9,12,20.98,19.1
53.3686185504856,18.4165402756427,Chelmno,2009,9,13,20.94,18.8
53.3686185504856,18.4165402756427,Chelmno,2009,9,14,20.97,18.3
53.3686185504856,18.4165402756427,Chelmno,2009,9,15,21.04,18.2
53.3686185504856,18.4165402756427,Chelmno,2009,9,16,21.0,18.1
53.3686185504856,18.4165402756427,Chelmno,2009,9,17,21.21,18.0
53.3686185504856,18.4165402756427,Chelmno,2009,9,18,21.04,18.2
53.3686185504856,18.4165402756427,Chelmno,2009,9,19,20.82,17.9
53.3686185504856,18.4165402756427,Chelmno,2009,9,20,20.76,17.7
53.3686185504856,18.4165402756427,Chelmno,2009,9,21,20.85,17.7
53.3686185504856,18.4165402756427,Chelmno,2009,9,22,20.94,17.6
53.3686185504856,18.4165402756427,Chelmno,2009,9,23,20.96,17.6
53.3686185504856,18.4165402756427,Chelmno,2009,9,24,20.77,17.4
53.3686185504856,18.4165402756427,Chelmno,2009,9,25,20.69,17.7
53.3686185504856,18.4165402756427,Chelmno,2009,9,26,20.75,17.4
53.3686185504856,18.4165402756427,Chelmno,2009,9,27,20.74,16.7
53.3686185504856,18.4165402756427,Chelmno,2009,9,28,20.82,16.6
53.3686185504856,18.4165402756427,Chelmno,2009,9,29,20.74,16.1
53.3686185504856,18.4165402756427,Chelmno,2009,9,30,20.74,15.1
53.3686185504856,18.4165402756427,Chelmno,2009,10,1,20.74,15.2
53.3686185504856,18.4165402756427,Chelmno,2009,10,2,20.7,15.5
53.3686185504856,18.4165402756427,Chelmno,2009,10,3,20.73,14.8
53.3686185504856,18.4165402756427,Chelmno,2009,10,4,20.72,14.4
53.3686185504856,18.4165402756427,Chelmno,2009,10,5,20.71,14.5
53.3686185504856,18.4165402756427,Chelmno,2009,10,6,20.78,14.3
53.3686185504856,18.4165402756427,Chelmno,2009,10,7,20.82,14.2
53.3686185504856,18.4165402756427,Chelmno,2009,10,8,20.78,13.4
53.3686185504856,18.4165402756427,Chelmno,2009,10,9,20.74,13.0
53.3686185504856,18.4165402756427,Chelmno,2009,10,10,20.82,12.6
53.3686185504856,18.4165402756427,Chelmno,2009,10,11,20.88,12.2
53.3686185504856,18.4165402756427,Chelmno,2009,10,12,20.92,12.1
53.3686185504856,18.4165402756427,Chelmno,2009,10,13,20.82,12.3
53.3686185504856,18.4165402756427,Chelmno,2009,10,14,20.84,12.0
53.3686185504856,18.4165402756427,Chelmno,2009,10,15,20.83,11.8
53.3686185504856,18.4165402756427,Chelmno,2009,10,16,20.92,10.1
53.3686185504856,18.4165402756427,Chelmno,2009,10,17,21.0,9.0
53.3686185504856,18.4165402756427,Chelmno,2009,10,18,21.18,8.8
53.3686185504856,18.4165402756427,Chelmno,2009,10,19,21.42,8.6
53.3686185504856,18.4165402756427,Chelmno,2009,10,20,21.36,8.7
53.3686185504856,18.4165402756427,Chelmno,2009,10,21,21.38,8.6
53.3686185504856,18.4165402756427,Chelmno,2009,10,22,21.84,8.1
53.3686185504856,18.4165402756427,Chelmno,2009,10,23,22.06,8.0
53.3686185504856,18.4165402756427,Chelmno,2009,10,24,22.15,7.7
53.3686185504856,18.4165402756427,Chelmno,2009,10,25,21.92,7.2
53.3686185504856,18.4165402756427,Chelmno,2009,10,26,21.94,6.9
53.3686185504856,18.4165402756427,Chelmno,2009,10,27,22.13,6.7
53.3686185504856,18.4165402756427,Chelmno,2009,10,28,22.18,6.6
53.3686185504856,18.4165402756427,Chelmno,2009,10,29,22.24,6.6
53.3686185504856,18.4165402756427,Chelmno,2009,10,30,22.18,6.5
53.3686185504856,18.4165402756427,Chelmno,2009,10,31,22.11,6.5
53.3686185504856,18.4165402756427,Chelmno,2009,11,1,22.18,6.4
53.3686185504856,18.4165402756427,Chelmno,2009,11,2,22.28,6.0
53.3686185504856,18.4165402756427,Chelmno,2009,11,3,22.23,5.6
53.3686185504856,18.4165402756427,Chelmno,2009,11,4,22.21,5.5
53.3686185504856,18.4165402756427,Chelmno,2009,11,5,22.18,5.5
53.3686185504856,18.4165402756427,Chelmno,2009,11,6,22.02,5.4
53.3686185504856,18.4165402756427,Chelmno,2009,11,7,21.92,5.5
53.3686185504856,18.4165402756427,Chelmno,2009,11,8,21.83,5.4
53.3686185504856,18.4165402756427,Chelmno,2009,11,9,21.85,5.4
53.3686185504856,18.4165402756427,Chelmno,2009,11,10,21.8,5.4
53.3686185504856,18.4165402756427,Chelmno,2009,11,11,21.82,5.3
53.3686185504856,18.4165402756427,Chelmno,2009,11,12,21.78,5.3
53.3686185504856,18.4165402756427,Chelmno,2009,11,13,21.73,5.3
53.3686185504856,18.4165402756427,Chelmno,2009,11,14,21.81,5.3
53.3686185504856,18.4165402756427,Chelmno,2009,11,15,22.05,5.2
53.3686185504856,18.4165402756427,Chelmno,2009,11,16,22.3,5.2
53.3686185504856,18.4165402756427,Chelmno,2009,11,17,22.62,5.2
53.3686185504856,18.4165402756427,Chelmno,2009,11,18,23.01,5.1
53.3686185504856,18.4165402756427,Chelmno,2009,11,19,23.53,6.0
53.3686185504856,18.4165402756427,Chelmno,2009,11,20,23.73,6.2
53.3686185504856,18.4165402756427,Chelmno,2009,11,21,23.46,6.4
53.3686185504856,18.4165402756427,Chelmno,2009,11,22,23.0,6.5
53.3686185504856,18.4165402756427,Chelmno,2009,11,23,23.15,6.6
53.3686185504856,18.4165402756427,Chelmno,2009,11,24,23.15,6.5
53.3686185504856,18.4165402756427,Chelmno,2009,11,25,23.03,6.4
53.3686185504856,18.4165402756427,Chelmno,2009,11,26,23.0,6.3
53.3686185504856,18.4165402756427,Chelmno,2009,11,27,22.93,6.3
53.3686185504856,18.4165402756427,Chelmno,2009,11,28,22.71,6.1
53.3686185504856,18.4165402756427,Chelmno,2009,11,29,22.49,6.1
53.3686185504856,18.4165402756427,Chelmno,2009,11,30,22.44,6.0
53.3686185504856,18.4165402756427,Chelmno,2010,5,1,22.53,13.2
53.3686185504856,18.4165402756427,Chelmno,2010,5,2,22.44,13.3
53.3686185504856,18.4165402756427,Chelmno,2010,5,3,22.45,13.3
53.3686185504856,18.4165402756427,Chelmno,2010,5,4,22.47,13.4
53.3686185504856,18.4165402756427,Chelmno,2010,5,5,22.49,13.3
53.3686185504856,18.4165402756427,Chelmno,2010,5,6,22.31,13.2
53.3686185504856,18.4165402756427,Chelmno,2010,5,7,22.1,12.9
53.3686185504856,18.4165402756427,Chelmno,2010,5,8,22.36,12.9
53.3686185504856,18.4165402756427,Chelmno,2010,5,9,22.57,13.1
53.3686185504856,18.4165402756427,Chelmno,2010,5,10,22.59,13.1
53.3686185504856,18.4165402756427,Chelmno,2010,5,11,22.66,13.2
53.3686185504856,18.4165402756427,Chelmno,2010,5,12,22.92,13.3
53.3686185504856,18.4165402756427,Chelmno,2010,5,13,23.03,13.5
53.3686185504856,18.4165402756427,Chelmno,2010,5,14,23.05,13.6
53.3686185504856,18.4165402756427,Chelmno,2010,5,15,23.3,13.7
53.3686185504856,18.4165402756427,Chelmno,2010,5,16,23.28,14.0
53.3686185504856,18.4165402756427,Chelmno,2010,5,17,23.12,14.1
53.3686185504856,18.4165402756427,Chelmno,2010,5,18,23.28,14.3
53.3686185504856,18.4165402756427,Chelmno,2010,5,19,23.71,14.5
53.3686185504856,18.4165402756427,Chelmno,2010,5,20,24.08,14.8
53.3686185504856,18.4165402756427,Chelmno,2010,5,21,24.1,15.0
53.3686185504856,18.4165402756427,Chelmno,2010,5,22,24.7,15.2
53.3686185504856,18.4165402756427,Chelmno,2010,5,23,26.27,15.1
53.3686185504856,18.4165402756427,Chelmno,2010,5,24,27.35,15.5
53.3686185504856,18.4165402756427,Chelmno,2010,5,25,27.06,15.6
53.3686185504856,18.4165402756427,Chelmno,2010,5,26,27.0,15.8
53.3686185504856,18.4165402756427,Chelmno,2010,5,27,26.97,16.0
53.3686185504856,18.4165402756427,Chelmno,2010,5,28,26.61,16.1
53.3686185504856,18.4165402756427,Chelmno,2010,5,29,26.35,16.3
53.3686185504856,18.4165402756427,Chelmno,2010,5,30,26.07,16.2
53.3686185504856,18.4165402756427,Chelmno,2010,5,31,25.95,16.3
53.3686185504856,18.4165402756427,Chelmno,2010,6,1,25.72,16.8
53.3686185504856,18.4165402756427,Chelmno,2010,6,2,25.45,17.0
53.3686185504856,18.4165402756427,Chelmno,2010,6,3,25.21,17.2
53.3686185504856,18.4165402756427,Chelmno,2010,6,4,24.98,17.9
53.3686185504856,18.4165402756427,Chelmno,2010,6,5,24.86,17.9
53.3686185504856,18.4165402756427,Chelmno,2010,6,6,24.8,18.3
53.3686185504856,18.4165402756427,Chelmno,2010,6,7,24.89,18.5
53.3686185504856,18.4165402756427,Chelmno,2010,6,8,25.35,18.6
53.3686185504856,18.4165402756427,Chelmno,2010,6,9,25.86,18.6
53.3686185504856,18.4165402756427,Chelmno,2010,6,10,26.44,18.8
53.3686185504856,18.4165402756427,Chelmno,2010,6,11,26.71,19.3
53.3686185504856,18.4165402756427,Chelmno,2010,6,12,26.58,19.4
53.3686185504856,18.4165402756427,Chelmno,2010,6,13,26.5,19.6
53.3686185504856,18.4165402756427,Chelmno,2010,6,14,26.17,19.7
53.3686185504856,18.4165402756427,Chelmno,2010,6,15,25.79,19.7
53.3686185504856,18.4165402756427,Chelmno,2010,6,16,25.08,19.8
53.3686185504856,18.4165402756427,Chelmno,2010,6,17,24.35,19.9
53.3686185504856,18.4165402756427,Chelmno,2010,6,18,23.86,20.0
53.3686185504856,18.4165402756427,Chelmno,2010,6,19,23.58,20.2
53.3686185504856,18.4165402756427,Chelmno,2010,6,20,23.44,20.4
53.3686185504856,18.4165402756427,Chelmno,2010,6,21,23.33,20.4
53.3686185504856,18.4165402756427,Chelmno,2010,6,22,23.24,20.6
53.3686185504856,18.4165402756427,Chelmno,2010,6,23,23.0,20.2
53.3686185504856,18.4165402756427,Chelmno,2010,6,24,22.65,20.3
53.3686185504856,18.4165402756427,Chelmno,2010,6,25,22.9,20.2
53.3686185504856,18.4165402756427,Chelmno,2010,6,26,23.12,20.4
53.3686185504856,18.4165402756427,Chelmno,2010,6,27,23.22,20.4
53.3686185504856,18.4165402756427,Chelmno,2010,6,28,23.18,20.5
53.3686185504856,18.4165402756427,Chelmno,2010,6,29,22.99,20.6
53.3686185504856,18.4165402756427,Chelmno,2010,6,30,22.84,20.8
53.3686185504856,18.4165402756427,Chelmno,2010,7,1,22.79,18.6
53.3686185504856,18.4165402756427,Chelmno,2010,7,2,22.83,20.8
53.3686185504856,18.4165402756427,Chelmno,2010,7,3,22.77,20.7
53.3686185504856,18.4165402756427,Chelmno,2010,7,4,22.46,20.8
53.3686185504856,18.4165402756427,Chelmno,2010,7,5,22.5,20.9
53.3686185504856,18.4165402756427,Chelmno,2010,7,6,22.51,20.9
53.3686185504856,18.4165402756427,Chelmno,2010,7,7,22.29,21.1
53.3686185504856,18.4165402756427,Chelmno,2010,7,8,22.23,21.1
53.3686185504856,18.4165402756427,Chelmno,2010,7,9,22.17,21.2
53.3686185504856,18.4165402756427,Chelmno,2010,7,10,22.22,21.9
53.3686185504856,18.4165402756427,Chelmno,2010,7,11,22.27,22.5
53.3686185504856,18.4165402756427,Chelmno,2010,7,12,22.17,22.9
53.3686185504856,18.4165402756427,Chelmno,2010,7,13,22.15,23.6
53.3686185504856,18.4165402756427,Chelmno,2010,7,14,22.38,23.9
53.3686185504856,18.4165402756427,Chelmno,2010,7,15,22.3,24.2
53.3686185504856,18.4165402756427,Chelmno,2010,7,16,22.08,24.6
53.3686185504856,18.4165402756427,Chelmno,2010,7,17,22.04,24.8
53.3686185504856,18.4165402756427,Chelmno,2010,7,18,22.08,24.2
53.3686185504856,18.4165402756427,Chelmno,2010,7,19,21.88,24.6
53.3686185504856,18.4165402756427,Chelmno,2010,7,20,21.86,24.9
53.3686185504856,18.4165402756427,Chelmno,2010,7,21,21.94,25.1
53.3686185504856,18.4165402756427,Chelmno,2010,7,22,21.93,25.8
53.3686185504856,18.4165402756427,Chelmno,2010,7,23,21.81,26.0
53.3686185504856,18.4165402756427,Chelmno,2010,7,24,21.7,25.9
53.3686185504856,18.4165402756427,Chelmno,2010,7,25,21.86,24.1
53.3686185504856,18.4165402756427,Chelmno,2010,7,26,22.07,23.0
53.3686185504856,18.4165402756427,Chelmno,2010,7,27,21.93,21.9
53.3686185504856,18.4165402756427,Chelmno,2010,7,28,21.87,20.8
53.3686185504856,18.4165402756427,Chelmno,2010,7,29,22.12,19.9
53.3686185504856,18.4165402756427,Chelmno,2010,7,30,21.85,20.5
53.3686185504856,18.4165402756427,Chelmno,2010,7,31,22.42,21.0
53.3686185504856,18.4165402756427,Chelmno,2010,8,1,22.88,22.1
53.3686185504856,18.4165402756427,Chelmno,2010,8,2,23.09,22.7
53.3686185504856,18.4165402756427,Chelmno,2010,8,3,23.67,22.8
53.3686185504856,18.4165402756427,Chelmno,2010,8,4,24.32,22.9
53.3686185504856,18.4165402756427,Chelmno,2010,8,5,24.63,22.6
53.3686185504856,18.4165402756427,Chelmno,2010,8,6,24.5,23.0
53.3686185504856,18.4165402756427,Chelmno,2010,8,7,23.89,22.9
53.3686185504856,18.4165402756427,Chelmno,2010,8,8,23.54,23.1
53.3686185504856,18.4165402756427,Chelmno,2010,8,9,22.95,23.6
53.3686185504856,18.4165402756427,Chelmno,2010,8,10,23.05,23.6
53.3686185504856,18.4165402756427,Chelmno,2010,8,11,22.76,23.9
53.3686185504856,18.4165402756427,Chelmno,2010,8,12,22.49,24.0
53.3686185504856,18.4165402756427,Chelmno,2010,8,13,22.73,24.3
53.3686185504856,18.4165402756427,Chelmno,2010,8,14,22.69,24.2
53.3686185504856,18.4165402756427,Chelmno,2010,8,15,22.44,24.5
53.3686185504856,18.4165402756427,Chelmno,2010,8,16,22.39,24.6
53.3686185504856,18.4165402756427,Chelmno,2010,8,17,22.37,24.9
53.3686185504856,18.4165402756427,Chelmno,2010,8,18,22.25,24.6
53.3686185504856,18.4165402756427,Chelmno,2010,8,19,22.26,24.4
53.3686185504856,18.4165402756427,Chelmno,2010,8,20,22.25,24.6
53.3686185504856,18.4165402756427,Chelmno,2010,8,21,22.19,23.9
53.3686185504856,18.4165402756427,Chelmno,2010,8,22,22.29,23.0
53.3686185504856,18.4165402756427,Chelmno,2010,8,23,22.6,22.8
53.3686185504856,18.4165402756427,Chelmno,2010,8,24,22.6,22.6
53.3686185504856,18.4165402756427,Chelmno,2010,8,25,22.57,22.3
53.3686185504856,18.4165402756427,Chelmno,2010,8,26,22.4,22.0
53.3686185504856,18.4165402756427,Chelmno,2010,8,27,22.3,21.8
53.3686185504856,18.4165402756427,Chelmno,2010,8,28,22.09,20.9
53.3686185504856,18.4165402756427,Chelmno,2010,8,29,21.96,20.6
53.3686185504856,18.4165402756427,Chelmno,2010,8,30,21.95,20.3
53.3686185504856,18.4165402756427,Chelmno,2010,8,31,22.26,20.0
53.3686185504856,18.4165402756427,Chelmno,2010,9,1,21.98,19.0
53.3686185504856,18.4165402756427,Chelmno,2010,9,2,21.86,18.1
53.3686185504856,18.4165402756427,Chelmno,2010,9,3,21.94,17.9
53.3686185504856,18.4165402756427,Chelmno,2010,9,4,22.43,16.9
53.3686185504856,18.4165402756427,Chelmno,2010,9,5,22.76,16.7
53.3686185504856,18.4165402756427,Chelmno,2010,9,6,23.52,16.8
53.3686185504856,18.4165402756427,Chelmno,2010,9,7,24.05,16.6
53.3686185504856,18.4165402756427,Chelmno,2010,9,8,24.8,16.5
53.3686185504856,18.4165402756427,Chelmno,2010,9,9,25.38,16.4
53.3686185504856,18.4165402756427,Chelmno,2010,9,10,25.67,16.5
53.3686185504856,18.4165402756427,Chelmno,2010,9,11,25.63,16.7
53.3686185504856,18.4165402756427,Chelmno,2010,9,12,25.39,16.6
53.3686185504856,18.4165402756427,Chelmno,2010,9,13,25.18,16.4
53.3686185504856,18.4165402756427,Chelmno,2010,9,14,24.76,16.3
53.3686185504856,18.4165402756427,Chelmno,2010,9,15,24.31,16.0
53.3686185504856,18.4165402756427,Chelmno,2010,9,16,24.06,15.6
53.3686185504856,18.4165402756427,Chelmno,2010,9,17,24.03,15.1
53.3686185504856,18.4165402756427,Chelmno,2010,9,18,24.12,15.0
53.3686185504856,18.4165402756427,Chelmno,2010,9,19,23.94,14.9
53.3686185504856,18.4165402756427,Chelmno,2010,9,20,23.72,14.2
53.3686185504856,18.4165402756427,Chelmno,2010,9,21,23.54,14.4
53.3686185504856,18.4165402756427,Chelmno,2010,9,22,23.41,14.9
53.3686185504856,18.4165402756427,Chelmno,2010,9,23,23.36,15.0
53.3686185504856,18.4165402756427,Chelmno,2010,9,24,23.13,15.2
53.3686185504856,18.4165402756427,Chelmno,2010,9,25,23.09,15.1
53.3686185504856,18.4165402756427,Chelmno,2010,9,26,23.03,15.2
53.3686185504856,18.4165402756427,Chelmno,2010,9,27,22.72,14.8
53.3686185504856,18.4165402756427,Chelmno,2010,9,28,22.69,14.3
53.3686185504856,18.4165402756427,Chelmno,2010,9,29,22.69,13.9
53.3686185504856,18.4165402756427,Chelmno,2010,9,30,22.6,13.9
53.3686185504856,18.4165402756427,Chelmno,2010,10,1,22.74,13.6
53.3686185504856,18.4165402756427,Chelmno,2010,10,2,22.82,13.2
53.3686185504856,18.4165402756427,Chelmno,2010,10,3,22.67,12.9
53.3686185504856,18.4165402756427,Chelmno,2010,10,4,22.82,12.6
53.3686185504856,18.4165402756427,Chelmno,2010,10,5,23.11,12.1
53.3686185504856,18.4165402756427,Chelmno,2010,10,6,23.16,11.9
53.3686185504856,18.4165402756427,Chelmno,2010,10,7,23.12,11.6
53.3686185504856,18.4165402756427,Chelmno,2010,10,8,22.93,11.2
53.3686185504856,18.4165402756427,Chelmno,2010,10,9,22.79,10.8
53.3686185504856,18.4165402756427,Chelmno,2010,10,10,22.67,10.6
53.3686185504856,18.4165402756427,Chelmno,2010,10,11,22.64,10.5
53.3686185504856,18.4165402756427,Chelmno,2010,10,12,22.62,10.3
53.3686185504856,18.4165402756427,Chelmno,2010,10,13,22.68,10.1
53.3686185504856,18.4165402756427,Chelmno,2010,10,14,22.9,9.8
53.3686185504856,18.4165402756427,Chelmno,2010,10,15,22.33,9.7
53.3686185504856,18.4165402756427,Chelmno,2010,10,16,22.19,9.6
53.3686185504856,18.4165402756427,Chelmno,2010,10,17,22.25,9.4
53.3686185504856,18.4165402756427,Chelmno,2010,10,18,22.33,9.2
53.3686185504856,18.4165402756427,Chelmno,2010,10,19,22.26,8.9
53.3686185504856,18.4165402756427,Chelmno,2010,10,20,22.77,8.6
53.3686185504856,18.4165402756427,Chelmno,2010,10,21,22.19,8.2
53.3686185504856,18.4165402756427,Chelmno,2010,10,22,22.03,8.0
53.3686185504856,18.4165402756427,Chelmno,2010,10,23,21.94,8.1
53.3686185504856,18.4165402756427,Chelmno,2010,10,24,21.94,8.2
53.3686185504856,18.4165402756427,Chelmno,2010,10,25,22.74,8.1
53.3686185504856,18.4165402756427,Chelmno,2010,10,26,21.9,8.0
53.3686185504856,18.4165402756427,Chelmno,2010,10,27,21.87,7.9
53.3686185504856,18.4165402756427,Chelmno,2010,10,28,21.86,7.8
53.3686185504856,18.4165402756427,Chelmno,2010,10,29,22.49,7.7
53.3686185504856,18.4165402756427,Chelmno,2010,10,30,21.95,7.8
53.3686185504856,18.4165402756427,Chelmno,2010,10,31,21.85,7.7
53.3686185504856,18.4165402756427,Chelmno,2010,11,1,21.89,7.7
53.3686185504856,18.4165402756427,Chelmno,2010,11,2,22.46,7.8
53.3686185504856,18.4165402756427,Chelmno,2010,11,3,21.99,7.7
53.3686185504856,18.4165402756427,Chelmno,2010,11,4,21.86,7.6
53.3686185504856,18.4165402756427,Chelmno,2010,11,5,21.87,7.7
53.3686185504856,18.4165402756427,Chelmno,2010,11,6,21.89,7.6
53.3686185504856,18.4165402756427,Chelmno,2010,11,7,21.89,7.7
53.3686185504856,18.4165402756427,Chelmno,2010,11,8,22.46,7.6
53.3686185504856,18.4165402756427,Chelmno,2010,11,9,22.03,7.4
53.3686185504856,18.4165402756427,Chelmno,2010,11,10,22.32,7.3
53.3686185504856,18.4165402756427,Chelmno,2010,11,11,22.59,7.3
53.3686185504856,18.4165402756427,Chelmno,2010,11,12,22.85,7.2
53.3686185504856,18.4165402756427,Chelmno,2010,11,13,23.0,7.1
53.3686185504856,18.4165402756427,Chelmno,2010,11,14,22.6,7.0
53.3686185504856,18.4165402756427,Chelmno,2010,11,15,22.94,6.9
53.3686185504856,18.4165402756427,Chelmno,2010,11,16,23.01,6.9
53.3686185504856,18.4165402756427,Chelmno,2010,11,17,23.02,6.8
53.3686185504856,18.4165402756427,Chelmno,2010,11,18,23.03,6.7
53.3686185504856,18.4165402756427,Chelmno,2010,11,19,23.05,7.0
53.3686185504856,18.4165402756427,Chelmno,2010,11,20,22.96,6.9
53.3686185504856,18.4165402756427,Chelmno,2010,11,21,22.96,6.9
53.3686185504856,18.4165402756427,Chelmno,2010,11,22,22.86,6.8
53.3686185504856,18.4165402756427,Chelmno,2010,11,23,22.81,6.7
53.3686185504856,18.4165402756427,Chelmno,2010,11,24,23.04,6.5
53.3686185504856,18.4165402756427,Chelmno,2010,11,25,22.93,6.6
53.3686185504856,18.4165402756427,Chelmno,2010,11,26,22.92,6.4
53.3686185504856,18.4165402756427,Chelmno,2010,11,27,23.04,6.2
53.3686185504856,18.4165402756427,Chelmno,2010,11,28,23.1,5.9
53.3686185504856,18.4165402756427,Chelmno,2010,11,29,23.06,5.5
53.3686185504856,18.4165402756427,Chelmno,2010,11,30,23.09,4.7
53.3686185504856,18.4165402756427,Chelmno,2011,5,1,22.44,15.0
53.3686185504856,18.4165402756427,Chelmno,2011,5,2,22.34,14.8
53.3686185504856,18.4165402756427,Chelmno,2011,5,3,22.48,14.6
53.3686185504856,18.4165402756427,Chelmno,2011,5,4,22.43,13.7
53.3686185504856,18.4165402756427,Chelmno,2011,5,5,22.49,13.9
53.3686185504856,18.4165402756427,Chelmno,2011,5,6,22.28,14.4
53.3686185504856,18.4165402756427,Chelmno,2011,5,7,22.26,13.9
53.3686185504856,18.4165402756427,Chelmno,2011,5,8,22.39,14.1
53.3686185504856,18.4165402756427,Chelmno,2011,5,9,22.38,14.8
53.3686185504856,18.4165402756427,Chelmno,2011,5,10,22.5,15.0
53.3686185504856,18.4165402756427,Chelmno,2011,5,11,22.0,15.4
53.3686185504856,18.4165402756427,Chelmno,2011,5,12,22.18,15.2
53.3686185504856,18.4165402756427,Chelmno,2011,5,13,22.35,15.0
53.3686185504856,18.4165402756427,Chelmno,2011,5,14,22.29,15.2
53.3686185504856,18.4165402756427,Chelmno,2011,5,15,22.21,14.8
53.3686185504856,18.4165402756427,Chelmno,2011,5,16,22.2,15.2
53.3686185504856,18.4165402756427,Chelmno,2011,5,17,21.97,15.8
53.3686185504856,18.4165402756427,Chelmno,2011,5,18,22.16,16.2
53.3686185504856,18.4165402756427,Chelmno,2011,5,19,21.88,16.4
53.3686185504856,18.4165402756427,Chelmno,2011,5,20,22.06,16.0
53.3686185504856,18.4165402756427,Chelmno,2011,5,21,21.8,15.6
53.3686185504856,18.4165402756427,Chelmno,2011,5,22,21.84,16.2
53.3686185504856,18.4165402756427,Chelmno,2011,5,23,22.06,17.1
53.3686185504856,18.4165402756427,Chelmno,2011,5,24,21.97,18.2
53.3686185504856,18.4165402756427,Chelmno,2011,5,25,21.86,17.4
53.3686185504856,18.4165402756427,Chelmno,2011,5,26,21.76,18.6
53.3686185504856,18.4165402756427,Chelmno,2011,5,27,21.75,18.8
53.3686185504856,18.4165402756427,Chelmno,2011,5,28,21.65,19.0
53.3686185504856,18.4165402756427,Chelmno,2011,5,29,21.53,19.2
53.3686185504856,18.4165402756427,Chelmno,2011,5,30,21.61,18.8
53.3686185504856,18.4165402756427,Chelmno,2011,5,31,21.68,19.2
53.3686185504856,18.4165402756427,Chelmno,2011,6,1,21.64,19.4
53.3686185504856,18.4165402756427,Chelmno,2011,6,2,21.53,19.0
53.3686185504856,18.4165402756427,Chelmno,2011,6,3,21.43,19.2
53.3686185504856,18.4165402756427,Chelmno,2011,6,4,21.54,19.4
53.3686185504856,18.4165402756427,Chelmno,2011,6,5,21.55,19.8
53.3686185504856,18.4165402756427,Chelmno,2011,6,6,21.67,19.8
53.3686185504856,18.4165402756427,Chelmno,2011,6,7,21.52,19.6
53.3686185504856,18.4165402756427,Chelmno,2011,6,8,21.49,19.2
53.3686185504856,18.4165402756427,Chelmno,2011,6,9,21.5,19.6
53.3686185504856,18.4165402756427,Chelmno,2011,6,10,21.39,19.4
53.3686185504856,18.4165402756427,Chelmno,2011,6,11,21.28,20.0
53.3686185504856,18.4165402756427,Chelmno,2011,6,12,21.14,20.2
53.3686185504856,18.4165402756427,Chelmno,2011,6,13,21.53,19.8
53.3686185504856,18.4165402756427,Chelmno,2011,6,14,21.41,20.2
53.3686185504856,18.4165402756427,Chelmno,2011,6,15,21.39,20.0
53.3686185504856,18.4165402756427,Chelmno,2011,6,16,21.38,20.4
53.3686185504856,18.4165402756427,Chelmno,2011,6,17,21.4,19.8
53.3686185504856,18.4165402756427,Chelmno,2011,6,18,21.45,19.8
53.3686185504856,18.4165402756427,Chelmno,2011,6,19,21.29,19.6
53.3686185504856,18.4165402756427,Chelmno,2011,6,20,21.25,18.4
53.3686185504856,18.4165402756427,Chelmno,2011,6,21,21.33,18.5
53.3686185504856,18.4165402756427,Chelmno,2011,6,22,21.28,18.4
53.3686185504856,18.4165402756427,Chelmno,2011,6,23,21.16,19.5
53.3686185504856,18.4165402756427,Chelmno,2011,6,24,21.4,19.4
53.3686185504856,18.4165402756427,Chelmno,2011,6,25,21.25,19.8
53.3686185504856,18.4165402756427,Chelmno,2011,6,26,21.16,19.4
53.3686185504856,18.4165402756427,Chelmno,2011,6,27,21.2,19.6
53.3686185504856,18.4165402756427,Chelmno,2011,6,28,21.29,20.4
53.3686185504856,18.4165402756427,Chelmno,2011,6,29,21.18,20.3
53.3686185504856,18.4165402756427,Chelmno,2011,6,30,21.05,21.2
53.3686185504856,18.4165402756427,Chelmno,2011,7,1,21.02,20.7
53.3686185504856,18.4165402756427,Chelmno,2011,7,2,21.19,19.7
53.3686185504856,18.4165402756427,Chelmno,2011,7,3,21.01,19.8
53.3686185504856,18.4165402756427,Chelmno,2011,7,4,21.42,19.6
53.3686185504856,18.4165402756427,Chelmno,2011,7,5,21.41,19.5
53.3686185504856,18.4165402756427,Chelmno,2011,7,6,21.41,19.4
53.3686185504856,18.4165402756427,Chelmno,2011,7,7,22.24,19.9
53.3686185504856,18.4165402756427,Chelmno,2011,7,8,22.21,20.7
53.3686185504856,18.4165402756427,Chelmno,2011,7,9,22.16,20.8
53.3686185504856,18.4165402756427,Chelmno,2011,7,10,22.89,20.9
53.3686185504856,18.4165402756427,Chelmno,2011,7,11,23.05,20.8
53.3686185504856,18.4165402756427,Chelmno,2011,7,12,22.94,19.9
53.3686185504856,18.4165402756427,Chelmno,2011,7,13,23.35,20.7
53.3686185504856,18.4165402756427,Chelmno,2011,7,14,23.57,20.6
53.3686185504856,18.4165402756427,Chelmno,2011,7,15,23.35,19.9
53.3686185504856,18.4165402756427,Chelmno,2011,7,16,23.1,19.6
53.3686185504856,18.4165402756427,Chelmno,2011,7,17,22.96,19.8
53.3686185504856,18.4165402756427,Chelmno,2011,7,18,22.84,20.6
53.3686185504856,18.4165402756427,Chelmno,2011,7,19,22.8,20.7
53.3686185504856,18.4165402756427,Chelmno,2011,7,20,22.75,19.9
53.3686185504856,18.4165402756427,Chelmno,2011,7,21,22.56,19.8
53.3686185504856,18.4165402756427,Chelmno,2011,7,22,22.67,19.5
53.3686185504856,18.4165402756427,Chelmno,2011,7,23,22.87,19.4
53.3686185504856,18.4165402756427,Chelmno,2011,7,24,22.75,19.2
53.3686185504856,18.4165402756427,Chelmno,2011,7,25,23.04,19.6
53.3686185504856,18.4165402756427,Chelmno,2011,7,26,23.14,19.8
53.3686185504856,18.4165402756427,Chelmno,2011,7,27,23.32,19.7
53.3686185504856,18.4165402756427,Chelmno,2011,7,28,23.83,19.6
53.3686185504856,18.4165402756427,Chelmno,2011,7,29,24.0,19.2
53.3686185504856,18.4165402756427,Chelmno,2011,7,30,23.92,19.1
53.3686185504856,18.4165402756427,Chelmno,2011,7,31,23.83,19.5
53.3686185504856,18.4165402756427,Chelmno,2011,8,1,23.79,19.7
53.3686185504856,18.4165402756427,Chelmno,2011,8,2,23.9,19.7
53.3686185504856,18.4165402756427,Chelmno,2011,8,3,24.07,20.4
53.3686185504856,18.4165402756427,Chelmno,2011,8,4,24.13,20.7
53.3686185504856,18.4165402756427,Chelmno,2011,8,5,24.19,20.7
53.3686185504856,18.4165402756427,Chelmno,2011,8,6,24.26,20.8
53.3686185504856,18.4165402756427,Chelmno,2011,8,7,24.38,21.2
53.3686185504856,18.4165402756427,Chelmno,2011,8,8,24.41,21.2
53.3686185504856,18.4165402756427,Chelmno,2011,8,9,24.15,21.2
53.3686185504856,18.4165402756427,Chelmno,2011,8,10,23.67,21.0
53.3686185504856,18.4165402756427,Chelmno,2011,8,11,23.43,20.7
53.3686185504856,18.4165402756427,Chelmno,2011,8,12,23.32,20.4
53.3686185504856,18.4165402756427,Chelmno,2011,8,13,23.19,20.5
53.3686185504856,18.4165402756427,Chelmno,2011,8,14,23.13,20.4
53.3686185504856,18.4165402756427,Chelmno,2011,8,15,23.12,20.6
53.3686185504856,18.4165402756427,Chelmno,2011,8,16,23.05,20.5
53.3686185504856,18.4165402756427,Chelmno,2011,8,17,23.0,20.7
53.3686185504856,18.4165402756427,Chelmno,2011,8,18,22.82,20.5
53.3686185504856,18.4165402756427,Chelmno,2011,8,19,22.64,20.8
53.3686185504856,18.4165402756427,Chelmno,2011,8,20,22.41,20.2
53.3686185504856,18.4165402756427,Chelmno,2011,8,21,22.62,20.3
53.3686185504856,18.4165402756427,Chelmno,2011,8,22,22.47,20.6
53.3686185504856,18.4165402756427,Chelmno,2011,8,23,22.8,20.4
53.3686185504856,18.4165402756427,Chelmno,2011,8,24,22.74,20.5
53.3686185504856,18.4165402756427,Chelmno,2011,8,25,22.38,20.6
53.3686185504856,18.4165402756427,Chelmno,2011,8,26,22.38,20.7
53.3686185504856,18.4165402756427,Chelmno,2011,8,27,22.39,20.9
53.3686185504856,18.4165402756427,Chelmno,2011,8,28,22.2,20.4
53.3686185504856,18.4165402756427,Chelmno,2011,8,29,22.29,20.3
53.3686185504856,18.4165402756427,Chelmno,2011,8,30,22.12,20.4
53.3686185504856,18.4165402756427,Chelmno,2011,8,31,22.14,20.3
53.3686185504856,18.4165402756427,Chelmno,2011,9,1,22.11,20.4
53.3686185504856,18.4165402756427,Chelmno,2011,9,2,22.01,20.5
53.3686185504856,18.4165402756427,Chelmno,2011,9,3,21.98,20.5
53.3686185504856,18.4165402756427,Chelmno,2011,9,4,21.95,20.5
53.3686185504856,18.4165402756427,Chelmno,2011,9,5,21.98,20.4
53.3686185504856,18.4165402756427,Chelmno,2011,9,6,21.73,20.0
53.3686185504856,18.4165402756427,Chelmno,2011,9,7,22.11,19.9
53.3686185504856,18.4165402756427,Chelmno,2011,9,8,21.66,19.8
53.3686185504856,18.4165402756427,Chelmno,2011,9,9,21.55,17.9
53.3686185504856,18.4165402756427,Chelmno,2011,9,10,21.48,19.8
53.3686185504856,18.4165402756427,Chelmno,2011,9,11,21.74,17.1
53.3686185504856,18.4165402756427,Chelmno,2011,9,12,21.72,17.5
53.3686185504856,18.4165402756427,Chelmno,2011,9,13,21.59,17.8
53.3686185504856,18.4165402756427,Chelmno,2011,9,14,21.61,17.8
53.3686185504856,18.4165402756427,Chelmno,2011,9,15,21.47,18.1
53.3686185504856,18.4165402756427,Chelmno,2011,9,16,21.62,18.2
53.3686185504856,18.4165402756427,Chelmno,2011,9,17,21.58,16.1
53.3686185504856,18.4165402756427,Chelmno,2011,9,18,21.4,16.8
53.3686185504856,18.4165402756427,Chelmno,2011,9,19,21.4,17.1
53.3686185504856,18.4165402756427,Chelmno,2011,9,20,21.52,16.8
53.3686185504856,18.4165402756427,Chelmno,2011,9,21,21.51,16.3
53.3686185504856,18.4165402756427,Chelmno,2011,9,22,21.26,16.1
53.3686185504856,18.4165402756427,Chelmno,2011,9,23,21.06,16.0
53.3686185504856,18.4165402756427,Chelmno,2011,9,24,21.17,15.0
53.3686185504856,18.4165402756427,Chelmno,2011,9,25,21.25,15.0
53.3686185504856,18.4165402756427,Chelmno,2011,9,26,21.32,15.0
53.3686185504856,18.4165402756427,Chelmno,2011,9,27,21.32,15.1
53.3686185504856,18.4165402756427,Chelmno,2011,9,28,21.26,15.2
53.3686185504856,18.4165402756427,Chelmno,2011,9,29,21.23,15.3
53.3686185504856,18.4165402756427,Chelmno,2011,9,30,21.11,15.1
53.3686185504856,18.4165402756427,Chelmno,2011,10,1,21.1,15.2
53.3686185504856,18.4165402756427,Chelmno,2011,10,2,21.15,15.0
53.3686185504856,18.4165402756427,Chelmno,2011,10,3,21.3,15.2
53.3686185504856,18.4165402756427,Chelmno,2011,10,4,21.11,15.3
53.3686185504856,18.4165402756427,Chelmno,2011,10,5,21.18,16.0
53.3686185504856,18.4165402756427,Chelmno,2011,10,6,21.15,16.2
53.3686185504856,18.4165402756427,Chelmno,2011,10,7,20.97,16.0
53.3686185504856,18.4165402756427,Chelmno,2011,10,8,21.06,15.3
53.3686185504856,18.4165402756427,Chelmno,2011,10,9,21.17,16.0
53.3686185504856,18.4165402756427,Chelmno,2011,10,10,21.29,13.3
53.3686185504856,18.4165402756427,Chelmno,2011,10,11,21.33,13.1
53.3686185504856,18.4165402756427,Chelmno,2011,10,12,21.07,12.2
53.3686185504856,18.4165402756427,Chelmno,2011,10,13,20.97,11.8
53.3686185504856,18.4165402756427,Chelmno,2011,10,14,21.08,10.8
53.3686185504856,18.4165402756427,Chelmno,2011,10,15,21.17,10.8
53.3686185504856,18.4165402756427,Chelmno,2011,10,16,21.35,11.0
53.3686185504856,18.4165402756427,Chelmno,2011,10,17,21.36,9.7
53.3686185504856,18.4165402756427,Chelmno,2011,10,18,21.38,9.9
53.3686185504856,18.4165402756427,Chelmno,2011,10,19,21.36,9.7
53.3686185504856,18.4165402756427,Chelmno,2011,10,20,21.3,9.9
53.3686185504856,18.4165402756427,Chelmno,2011,10,21,21.19,9.5
53.3686185504856,18.4165402756427,Chelmno,2011,10,22,21.34,9.4
53.3686185504856,18.4165402756427,Chelmno,2011,10,23,21.44,9.3
53.3686185504856,18.4165402756427,Chelmno,2011,10,24,21.28,8.2
53.3686185504856,18.4165402756427,Chelmno,2011,10,25,21.16,8.1
53.3686185504856,18.4165402756427,Chelmno,2011,10,26,21.33,7.9
53.3686185504856,18.4165402756427,Chelmno,2011,10,27,21.42,8.0
53.3686185504856,18.4165402756427,Chelmno,2011,10,28,21.37,7.7
53.3686185504856,18.4165402756427,Chelmno,2011,10,29,21.11,8.7
53.3686185504856,18.4165402756427,Chelmno,2011,10,30,21.1,9.0
53.3686185504856,18.4165402756427,Chelmno,2011,10,31,21.24,8.9
53.3686185504856,18.4165402756427,Chelmno,2011,11,1,21.29,8.9
53.3686185504856,18.4165402756427,Chelmno,2011,11,2,21.25,8.3
53.3686185504856,18.4165402756427,Chelmno,2011,11,3,21.19,8.7
53.3686185504856,18.4165402756427,Chelmno,2011,11,4,21.21,8.9
53.3686185504856,18.4165402756427,Chelmno,2011,11,5,21.32,8.0
53.3686185504856,18.4165402756427,Chelmno,2011,11,6,21.25,7.9
53.3686185504856,18.4165402756427,Chelmno,2011,11,7,21.14,7.9
53.3686185504856,18.4165402756427,Chelmno,2011,11,8,21.2,7.7
53.3686185504856,18.4165402756427,Chelmno,2011,11,9,21.26,7.9
53.3686185504856,18.4165402756427,Chelmno,2011,11,10,21.19,7.7
53.3686185504856,18.4165402756427,Chelmno,2011,11,11,21.12,7.8
53.3686185504856,18.4165402756427,Chelmno,2011,11,12,21.14,7.3
53.3686185504856,18.4165402756427,Chelmno,2011,11,13,21.2,6.7
53.3686185504856,18.4165402756427,Chelmno,2011,11,14,21.15,6.0
53.3686185504856,18.4165402756427,Chelmno,2011,11,15,21.03,6.0
53.3686185504856,18.4165402756427,Chelmno,2011,11,16,21.06,5.9
53.3686185504856,18.4165402756427,Chelmno,2011,11,17,21.17,5.7
53.3686185504856,18.4165402756427,Chelmno,2011,11,18,21.16,5.7
53.3686185504856,18.4165402756427,Chelmno,2011,11,19,21.1,5.7
53.3686185504856,18.4165402756427,Chelmno,2011,11,20,21.05,5.9
53.3686185504856,18.4165402756427,Chelmno,2011,11,21,20.98,6.0
53.3686185504856,18.4165402756427,Chelmno,2011,11,22,21.0,5.4
53.3686185504856,18.4165402756427,Chelmno,2011,11,23,21.72,5.3
53.3686185504856,18.4165402756427,Chelmno,2011,11,24,21.1,5.5
53.3686185504856,18.4165402756427,Chelmno,2011,11,25,20.85,5.1
53.3686185504856,18.4165402756427,Chelmno,2011,11,26,20.94,5.2
53.3686185504856,18.4165402756427,Chelmno,2011,11,27,21.05,5.1
53.3686185504856,18.4165402756427,Chelmno,2011,11,28,21.03,5.9
53.3686185504856,18.4165402756427,Chelmno,2011,11,29,20.99,6.0
53.3686185504856,18.4165402756427,Chelmno,2011,11,30,21.57,5.3
53.3686185504856,18.4165402756427,Chelmno,2012,5,1,22.47,15.0
53.3686185504856,18.4165402756427,Chelmno,2012,5,2,22.47,15.2
53.3686185504856,18.4165402756427,Chelmno,2012,5,3,22.16,15.3
53.3686185504856,18.4165402756427,Chelmno,2012,5,4,22.09,18.8
53.3686185504856,18.4165402756427,Chelmno,2012,5,5,22.14,18.3
53.3686185504856,18.4165402756427,Chelmno,2012,5,6,21.95,18.0
53.3686185504856,18.4165402756427,Chelmno,2012,5,7,21.94,17.9
53.3686185504856,18.4165402756427,Chelmno,2012,5,8,21.93,16.8
53.3686185504856,18.4165402756427,Chelmno,2012,5,9,21.94,16.7
53.3686185504856,18.4165402756427,Chelmno,2012,5,10,21.89,16.8
53.3686185504856,18.4165402756427,Chelmno,2012,5,11,22.03,18.7
53.3686185504856,18.4165402756427,Chelmno,2012,5,12,21.99,18.2
53.3686185504856,18.4165402756427,Chelmno,2012,5,13,21.94,18.0
53.3686185504856,18.4165402756427,Chelmno,2012,5,14,21.72,17.3
53.3686185504856,18.4165402756427,Chelmno,2012,5,15,21.85,17.1
53.3686185504856,18.4165402756427,Chelmno,2012,5,16,22.09,16.8
53.3686185504856,18.4165402756427,Chelmno,2012,5,17,22.01,16.7
53.3686185504856,18.4165402756427,Chelmno,2012,5,18,22.02,15.9
53.3686185504856,18.4165402756427,Chelmno,2012,5,19,21.82,15.2
53.3686185504856,18.4165402756427,Chelmno,2012,5,20,21.65,15.5
53.3686185504856,18.4165402756427,Chelmno,2012,5,21,21.76,17.0
53.3686185504856,18.4165402756427,Chelmno,2012,5,22,21.83,17.5
53.3686185504856,18.4165402756427,Chelmno,2012,5,23,21.97,18.0
53.3686185504856,18.4165402756427,Chelmno,2012,5,24,22.04,18.7
53.3686185504856,18.4165402756427,Chelmno,2012,5,25,22.07,18.9
53.3686185504856,18.4165402756427,Chelmno,2012,5,26,21.97,18.8
53.3686185504856,18.4165402756427,Chelmno,2012,5,27,21.82,18.7
53.3686185504856,18.4165402756427,Chelmno,2012,5,28,21.68,18.8
53.3686185504856,18.4165402756427,Chelmno,2012,5,29,21.49,20.0
53.3686185504856,18.4165402756427,Chelmno,2012,5,30,21.21,19.1
53.3686185504856,18.4165402756427,Chelmno,2012,5,31,21.3,18.2
53.3686185504856,18.4165402756427,Chelmno,2012,6,1,21.54,18.3
53.3686185504856,18.4165402756427,Chelmno,2012,6,2,21.47,17.3
53.3686185504856,18.4165402756427,Chelmno,2012,6,3,21.38,17.2
53.3686185504856,18.4165402756427,Chelmno,2012,6,4,21.28,15.6
53.3686185504856,18.4165402756427,Chelmno,2012,6,5,21.22,15.9
53.3686185504856,18.4165402756427,Chelmno,2012,6,6,21.33,15.8
53.3686185504856,18.4165402756427,Chelmno,2012,6,7,21.39,15.9
53.3686185504856,18.4165402756427,Chelmno,2012,6,8,21.37,16.4
53.3686185504856,18.4165402756427,Chelmno,2012,6,9,21.37,17.2
53.3686185504856,18.4165402756427,Chelmno,2012,6,10,21.4,17.0
53.3686185504856,18.4165402756427,Chelmno,2012,6,11,21.41,18.6
53.3686185504856,18.4165402756427,Chelmno,2012,6,12,21.42,18.8
53.3686185504856,18.4165402756427,Chelmno,2012,6,13,21.45,19.0
53.3686185504856,18.4165402756427,Chelmno,2012,6,14,21.67,19.1
53.3686185504856,18.4165402756427,Chelmno,2012,6,15,21.78,18.9
53.3686185504856,18.4165402756427,Chelmno,2012,6,16,21.88,19.0
53.3686185504856,18.4165402756427,Chelmno,2012,6,17,22.04,19.2
53.3686185504856,18.4165402756427,Chelmno,2012,6,18,22.06,20.0
53.3686185504856,18.4165402756427,Chelmno,2012,6,19,22.42,20.5
53.3686185504856,18.4165402756427,Chelmno,2012,6,20,22.68,20.6
53.3686185504856,18.4165402756427,Chelmno,2012,6,21,22.27,20.4
53.3686185504856,18.4165402756427,Chelmno,2012,6,22,22.4,20.5
53.3686185504856,18.4165402756427,Chelmno,2012,6,23,22.11,20.4
53.3686185504856,18.4165402756427,Chelmno,2012,6,24,22.16,20.5
53.3686185504856,18.4165402756427,Chelmno,2012,6,25,22.2,20.7
53.3686185504856,18.4165402756427,Chelmno,2012,6,26,22.17,20.1
53.3686185504856,18.4165402756427,Chelmno,2012,6,27,22.15,18.0
53.3686185504856,18.4165402756427,Chelmno,2012,6,28,22.18,19.0
53.3686185504856,18.4165402756427,Chelmno,2012,6,29,22.11,18.2
53.3686185504856,18.4165402756427,Chelmno,2012,6,30,22.12,20.5
53.3686185504856,18.4165402756427,Chelmno,2012,7,1,21.94,20.6
53.3686185504856,18.4165402756427,Chelmno,2012,7,2,21.83,21.3
53.3686185504856,18.4165402756427,Chelmno,2012,7,3,21.76,23.0
53.3686185504856,18.4165402756427,Chelmno,2012,7,4,21.54,22.5
53.3686185504856,18.4165402756427,Chelmno,2012,7,5,21.55,22.6
53.3686185504856,18.4165402756427,Chelmno,2012,7,6,21.66,23.6
53.3686185504856,18.4165402756427,Chelmno,2012,7,7,21.58,24.8
53.3686185504856,18.4165402756427,Chelmno,2012,7,8,21.69,24.6
53.3686185504856,18.4165402756427,Chelmno,2012,7,9,21.6,25.3
53.3686185504856,18.4165402756427,Chelmno,2012,7,10,21.5,24.6
53.3686185504856,18.4165402756427,Chelmno,2012,7,11,21.69,24.5
53.3686185504856,18.4165402756427,Chelmno,2012,7,12,21.79,24.3
53.3686185504856,18.4165402756427,Chelmno,2012,7,13,21.54,22.4
53.3686185504856,18.4165402756427,Chelmno,2012,7,14,21.39,22.2
53.3686185504856,18.4165402756427,Chelmno,2012,7,15,21.47,22.1
53.3686185504856,18.4165402756427,Chelmno,2012,7,16,21.56,21.7
53.3686185504856,18.4165402756427,Chelmno,2012,7,17,21.38,20.4
53.3686185504856,18.4165402756427,Chelmno,2012,7,18,21.18,20.0
53.3686185504856,18.4165402756427,Chelmno,2012,7,19,21.4,19.8
53.3686185504856,18.4165402756427,Chelmno,2012,7,20,21.44,19.8
53.3686185504856,18.4165402756427,Chelmno,2012,7,21,21.23,19.4
53.3686185504856,18.4165402756427,Chelmno,2012,7,22,21.1,19.3
53.3686185504856,18.4165402756427,Chelmno,2012,7,23,21.16,19.0
53.3686185504856,18.4165402756427,Chelmno,2012,7,24,21.29,20.1
53.3686185504856,18.4165402756427,Chelmno,2012,7,25,21.28,20.5
53.3686185504856,18.4165402756427,Chelmno,2012,7,26,21.24,20.6
53.3686185504856,18.4165402756427,Chelmno,2012,7,27,21.1,22.0
53.3686185504856,18.4165402756427,Chelmno,2012,7,28,21.0,22.7
53.3686185504856,18.4165402756427,Chelmno,2012,7,29,21.08,22.9
53.3686185504856,18.4165402756427,Chelmno,2012,7,30,20.99,22.5
53.3686185504856,18.4165402756427,Chelmno,2012,7,31,20.98,21.8
53.3686185504856,18.4165402756427,Chelmno,2012,8,1,21.0,21.8
53.3686185504856,18.4165402756427,Chelmno,2012,8,2,20.91,22.0
53.3686185504856,18.4165402756427,Chelmno,2012,8,3,20.97,23.0
53.3686185504856,18.4165402756427,Chelmno,2012,8,4,21.08,23.0
53.3686185504856,18.4165402756427,Chelmno,2012,8,5,21.02,23.0
53.3686185504856,18.4165402756427,Chelmno,2012,8,6,20.96,22.3
53.3686185504856,18.4165402756427,Chelmno,2012,8,7,21.04,21.8
53.3686185504856,18.4165402756427,Chelmno,2012,8,8,21.05,21.3
53.3686185504856,18.4165402756427,Chelmno,2012,8,9,20.96,21.0
53.3686185504856,18.4165402756427,Chelmno,2012,8,10,20.9,20.0
53.3686185504856,18.4165402756427,Chelmno,2012,8,11,20.89,20.1
53.3686185504856,18.4165402756427,Chelmno,2012,8,12,20.88,19.9
53.3686185504856,18.4165402756427,Chelmno,2012,8,13,20.88,19.8
53.3686185504856,18.4165402756427,Chelmno,2012,8,14,20.91,18.6
53.3686185504856,18.4165402756427,Chelmno,2012,8,15,20.95,18.4
53.3686185504856,18.4165402756427,Chelmno,2012,8,16,20.94,18.4
53.3686185504856,18.4165402756427,Chelmno,2012,8,17,20.88,19.2
53.3686185504856,18.4165402756427,Chelmno,2012,8,18,20.9,19.2
53.3686185504856,18.4165402756427,Chelmno,2012,8,19,20.98,19.8
53.3686185504856,18.4165402756427,Chelmno,2012,8,20,21.04,21.2
53.3686185504856,18.4165402756427,Chelmno,2012,8,21,21.11,21.3
53.3686185504856,18.4165402756427,Chelmno,2012,8,22,21.12,21.2
53.3686185504856,18.4165402756427,Chelmno,2012,8,23,20.96,21.4
53.3686185504856,18.4165402756427,Chelmno,2012,8,24,20.93,21.0
53.3686185504856,18.4165402756427,Chelmno,2012,8,25,20.98,21.1
53.3686185504856,18.4165402756427,Chelmno,2012,8,26,20.93,21.3
53.3686185504856,18.4165402756427,Chelmno,2012,8,27,20.92,20.0
53.3686185504856,18.4165402756427,Chelmno,2012,8,28,20.9,19.2
53.3686185504856,18.4165402756427,Chelmno,2012,8,29,20.9,19.2
53.3686185504856,18.4165402756427,Chelmno,2012,8,30,20.82,20.0
53.3686185504856,18.4165402756427,Chelmno,2012,8,31,20.85,20.1
53.3686185504856,18.4165402756427,Chelmno,2012,9,1,20.91,19.7
53.3686185504856,18.4165402756427,Chelmno,2012,9,2,20.9,19.5
53.3686185504856,18.4165402756427,Chelmno,2012,9,3,20.93,19.6
53.3686185504856,18.4165402756427,Chelmno,2012,9,4,20.92,19.7
53.3686185504856,18.4165402756427,Chelmno,2012,9,5,20.83,19.9
53.3686185504856,18.4165402756427,Chelmno,2012,9,6,20.8,18.8
53.3686185504856,18.4165402756427,Chelmno,2012,9,7,20.8,19.6
53.3686185504856,18.4165402756427,Chelmno,2012,9,8,20.76,19.7
53.3686185504856,18.4165402756427,Chelmno,2012,9,9,20.68,19.9
53.3686185504856,18.4165402756427,Chelmno,2012,9,10,20.66,19.7
53.3686185504856,18.4165402756427,Chelmno,2012,9,11,20.64,19.8
53.3686185504856,18.4165402756427,Chelmno,2012,9,12,20.67,19.2
53.3686185504856,18.4165402756427,Chelmno,2012,9,13,20.74,18.7
53.3686185504856,18.4165402756427,Chelmno,2012,9,14,20.77,16.3
53.3686185504856,18.4165402756427,Chelmno,2012,9,15,20.78,17.0
53.3686185504856,18.4165402756427,Chelmno,2012,9,16,20.79,16.5
53.3686185504856,18.4165402756427,Chelmno,2012,9,17,20.77,16.5
53.3686185504856,18.4165402756427,Chelmno,2012,9,18,20.71,16.2
53.3686185504856,18.4165402756427,Chelmno,2012,9,19,20.69,17.0
53.3686185504856,18.4165402756427,Chelmno,2012,9,20,20.69,16.4
53.3686185504856,18.4165402756427,Chelmno,2012,9,21,20.69,15.4
53.3686185504856,18.4165402756427,Chelmno,2012,9,22,20.7,15.1
53.3686185504856,18.4165402756427,Chelmno,2012,9,23,20.67,15.2
53.3686185504856,18.4165402756427,Chelmno,2012,9,24,20.7,14.6
53.3686185504856,18.4165402756427,Chelmno,2012,9,25,20.75,14.8
53.3686185504856,18.4165402756427,Chelmno,2012,9,26,20.71,14.7
53.3686185504856,18.4165402756427,Chelmno,2012,9,27,20.67,14.5
53.3686185504856,18.4165402756427,Chelmno,2012,9,28,20.69,14.1
53.3686185504856,18.4165402756427,Chelmno,2012,9,29,20.75,13.9
53.3686185504856,18.4165402756427,Chelmno,2012,9,30,20.76,13.9
53.3686185504856,18.4165402756427,Chelmno,2012,10,1,20.72,13.5
53.3686185504856,18.4165402756427,Chelmno,2012,10,2,20.71,13.7
53.3686185504856,18.4165402756427,Chelmno,2012,10,3,20.73,13.2
53.3686185504856,18.4165402756427,Chelmno,2012,10,4,20.76,13.3
53.3686185504856,18.4165402756427,Chelmno,2012,10,5,20.73,13.1
53.3686185504856,18.4165402756427,Chelmno,2012,10,6,20.73,12.9
53.3686185504856,18.4165402756427,Chelmno,2012,10,7,20.74,13.0
53.3686185504856,18.4165402756427,Chelmno,2012,10,8,20.75,12.0
53.3686185504856,18.4165402756427,Chelmno,2012,10,9,20.76,11.7
53.3686185504856,18.4165402756427,Chelmno,2012,10,10,20.86,11.6
53.3686185504856,18.4165402756427,Chelmno,2012,10,11,20.94,11.5
53.3686185504856,18.4165402756427,Chelmno,2012,10,12,20.98,10.2
53.3686185504856,18.4165402756427,Chelmno,2012,10,13,21.06,10.3
53.3686185504856,18.4165402756427,Chelmno,2012,10,14,21.11,10.2
53.3686185504856,18.4165402756427,Chelmno,2012,10,15,21.11,10.3
53.3686185504856,18.4165402756427,Chelmno,2012,10,16,21.0,10.4
53.3686185504856,18.4165402756427,Chelmno,2012,10,17,21.05,10.3
53.3686185504856,18.4165402756427,Chelmno,2012,10,18,21.07,10.7
53.3686185504856,18.4165402756427,Chelmno,2012,10,19,21.13,10.8
53.3686185504856,18.4165402756427,Chelmno,2012,10,20,21.18,10.7
53.3686185504856,18.4165402756427,Chelmno,2012,10,21,21.2,10.6
53.3686185504856,18.4165402756427,Chelmno,2012,10,22,21.1,10.8
53.3686185504856,18.4165402756427,Chelmno,2012,10,23,20.98,10.7
53.3686185504856,18.4165402756427,Chelmno,2012,10,24,20.98,10.9
53.3686185504856,18.4165402756427,Chelmno,2012,10,25,21.05,10.9
53.3686185504856,18.4165402756427,Chelmno,2012,10,26,21.06,10.7
53.3686185504856,18.4165402756427,Chelmno,2012,10,27,21.08,9.4
53.3686185504856,18.4165402756427,Chelmno,2012,10,28,20.98,9.3
53.3686185504856,18.4165402756427,Chelmno,2012,10,29,20.91,8.0
53.3686185504856,18.4165402756427,Chelmno,2012,10,30,20.93,7.9
53.3686185504856,18.4165402756427,Chelmno,2012,10,31,21.0,8.1
53.3686185504856,18.4165402756427,Chelmno,2012,11,1,21.06,8.0
53.3686185504856,18.4165402756427,Chelmno,2012,11,2,21.11,7.1
53.3686185504856,18.4165402756427,Chelmno,2012,11,3,21.13,7.3
53.3686185504856,18.4165402756427,Chelmno,2012,11,4,21.18,7.4
53.3686185504856,18.4165402756427,Chelmno,2012,11,5,21.28,7.3
53.3686185504856,18.4165402756427,Chelmno,2012,11,6,21.37,7.3
53.3686185504856,18.4165402756427,Chelmno,2012,11,7,21.38,6.9
53.3686185504856,18.4165402756427,Chelmno,2012,11,8,21.43,7.0
53.3686185504856,18.4165402756427,Chelmno,2012,11,9,21.44,7.1
53.3686185504856,18.4165402756427,Chelmno,2012,11,10,21.47,7.1
53.3686185504856,18.4165402756427,Chelmno,2012,11,11,21.58,7.2
53.3686185504856,18.4165402756427,Chelmno,2012,11,12,21.66,7.1
53.3686185504856,18.4165402756427,Chelmno,2012,11,13,21.72,7.2
53.3686185504856,18.4165402756427,Chelmno,2012,11,14,21.69,6.9
53.3686185504856,18.4165402756427,Chelmno,2012,11,15,21.7,7.0
53.3686185504856,18.4165402756427,Chelmno,2012,11,16,21.74,5.9
53.3686185504856,18.4165402756427,Chelmno,2012,11,17,22.25,6.0
53.3686185504856,18.4165402756427,Chelmno,2012,11,18,21.71,5.8
53.3686185504856,18.4165402756427,Chelmno,2012,11,19,21.47,5.8
53.3686185504856,18.4165402756427,Chelmno,2012,11,20,21.24,5.9
53.3686185504856,18.4165402756427,Chelmno,2012,11,21,20.98,6.0
53.3686185504856,18.4165402756427,Chelmno,2012,11,22,21.06,5.9
53.3686185504856,18.4165402756427,Chelmno,2012,11,23,21.28,5.9
53.3686185504856,18.4165402756427,Chelmno,2012,11,24,21.38,5.9
53.3686185504856,18.4165402756427,Chelmno,2012,11,25,21.32,5.8
53.3686185504856,18.4165402756427,Chelmno,2012,11,26,21.26,5.8
53.3686185504856,18.4165402756427,Chelmno,2012,11,27,21.2,5.7
53.3686185504856,18.4165402756427,Chelmno,2012,11,28,21.23,5.7
53.3686185504856,18.4165402756427,Chelmno,2012,11,29,21.28,5.7
53.3686185504856,18.4165402756427,Chelmno,2012,11,30,21.14,5.7
53.3686185504856,18.4165402756427,Chelmno,2013,5,1,23.9,10.8
53.3686185504856,18.4165402756427,Chelmno,2013,5,2,23.82,10.4
53.3686185504856,18.4165402756427,Chelmno,2013,5,3,23.74,10.4
53.3686185504856,18.4165402756427,Chelmno,2013,5,4,23.61,11.2
53.3686185504856,18.4165402756427,Chelmno,2013,5,5,23.54,12.1
53.3686185504856,18.4165402756427,Chelmno,2013,5,6,23.5,12.9
53.3686185504856,18.4165402756427,Chelmno,2013,5,7,23.49,13.8
53.3686185504856,18.4165402756427,Chelmno,2013,5,8,23.48,14.9
53.3686185504856,18.4165402756427,Chelmno,2013,5,9,23.67,16.6
53.3686185504856,18.4165402756427,Chelmno,2013,5,10,23.84,16.8
53.3686185504856,18.4165402756427,Chelmno,2013,5,11,23.72,15.9
53.3686185504856,18.4165402756427,Chelmno,2013,5,12,23.53,15.4
53.3686185504856,18.4165402756427,Chelmno,2013,5,13,23.38,14.8
53.3686185504856,18.4165402756427,Chelmno,2013,5,14,23.25,14.2
53.3686185504856,18.4165402756427,Chelmno,2013,5,15,23.2,14.9
53.3686185504856,18.4165402756427,Chelmno,2013,5,16,22.97,16.3
53.3686185504856,18.4165402756427,Chelmno,2013,5,17,22.97,17.8
53.3686185504856,18.4165402756427,Chelmno,2013,5,18,22.93,17.3
53.3686185504856,18.4165402756427,Chelmno,2013,5,19,22.83,16.9
53.3686185504856,18.4165402756427,Chelmno,2013,5,20,22.59,17.0
53.3686185504856,18.4165402756427,Chelmno,2013,5,21,22.57,16.8
53.3686185504856,18.4165402756427,Chelmno,2013,5,22,22.61,17.2
53.3686185504856,18.4165402756427,Chelmno,2013,5,23,22.33,16.0
53.3686185504856,18.4165402756427,Chelmno,2013,5,24,22.13,15.2
53.3686185504856,18.4165402756427,Chelmno,2013,5,25,22.16,15.0
53.3686185504856,18.4165402756427,Chelmno,2013,5,26,22.16,13.1
53.3686185504856,18.4165402756427,Chelmno,2013,5,27,22.42,13.0
53.3686185504856,18.4165402756427,Chelmno,2013,5,28,22.56,13.8
53.3686185504856,18.4165402756427,Chelmno,2013,5,29,22.68,15.3
53.3686185504856,18.4165402756427,Chelmno,2013,5,30,22.79,17.8
53.3686185504856,18.4165402756427,Chelmno,2013,5,31,22.99,17.4
53.3686185504856,18.4165402756427,Chelmno,2013,6,1,23.14,17.0
53.3686185504856,18.4165402756427,Chelmno,2013,6,2,23.31,16.8
53.3686185504856,18.4165402756427,Chelmno,2013,6,3,23.19,16.4
53.3686185504856,18.4165402756427,Chelmno,2013,6,4,23.02,16.2
53.3686185504856,18.4165402756427,Chelmno,2013,6,5,23.04,16.3
53.3686185504856,18.4165402756427,Chelmno,2013,6,6,23.07,16.8
53.3686185504856,18.4165402756427,Chelmno,2013,6,7,23.15,16.9
53.3686185504856,18.4165402756427,Chelmno,2013,6,8,23.33,17.2
53.3686185504856,18.4165402756427,Chelmno,2013,6,9,23.55,18.6
53.3686185504856,18.4165402756427,Chelmno,2013,6,10,23.98,20.2
53.3686185504856,18.4165402756427,Chelmno,2013,6,11,24.18,20.5
53.3686185504856,18.4165402756427,Chelmno,2013,6,12,24.24,20.6
53.3686185504856,18.4165402756427,Chelmno,2013,6,13,24.44,20.1
53.3686185504856,18.4165402756427,Chelmno,2013,6,14,24.28,19.1
53.3686185504856,18.4165402756427,Chelmno,2013,6,15,24.08,19.3
53.3686185504856,18.4165402756427,Chelmno,2013,6,16,23.97,19.8
53.3686185504856,18.4165402756427,Chelmno,2013,6,17,23.98,20.1
53.3686185504856,18.4165402756427,Chelmno,2013,6,18,24.2,20.8
53.3686185504856,18.4165402756427,Chelmno,2013,6,19,24.08,21.0
53.3686185504856,18.4165402756427,Chelmno,2013,6,20,23.82,21.1
53.3686185504856,18.4165402756427,Chelmno,2013,6,21,23.39,21.3
53.3686185504856,18.4165402756427,Chelmno,2013,6,22,23.15,21.5
53.3686185504856,18.4165402756427,Chelmno,2013,6,23,23.08,21.9
53.3686185504856,18.4165402756427,Chelmno,2013,6,24,22.95,22.1
53.3686185504856,18.4165402756427,Chelmno,2013,6,25,22.94,20.9
53.3686185504856,18.4165402756427,Chelmno,2013,6,26,22.85,18.8
53.3686185504856,18.4165402756427,Chelmno,2013,6,27,22.83,18.2
53.3686185504856,18.4165402756427,Chelmno,2013,6,28,22.88,18.3
53.3686185504856,18.4165402756427,Chelmno,2013,6,29,22.84,17.9
53.3686185504856,18.4165402756427,Chelmno,2013,6,30,22.98,17.7
53.3686185504856,18.4165402756427,Chelmno,2013,7,1,23.31,17.5
53.3686185504856,18.4165402756427,Chelmno,2013,7,2,23.38,19.2
53.3686185504856,18.4165402756427,Chelmno,2013,7,3,23.28,21.0
53.3686185504856,18.4165402756427,Chelmno,2013,7,4,23.22,20.3
53.3686185504856,18.4165402756427,Chelmno,2013,7,5,23.17,21.0
53.3686185504856,18.4165402756427,Chelmno,2013,7,6,22.93,20.2
53.3686185504856,18.4165402756427,Chelmno,2013,7,7,22.7,20.3
53.3686185504856,18.4165402756427,Chelmno,2013,7,8,22.58,19.2
53.3686185504856,18.4165402756427,Chelmno,2013,7,9,22.45,19.6
53.3686185504856,18.4165402756427,Chelmno,2013,7,10,22.32,19.8
53.3686185504856,18.4165402756427,Chelmno,2013,7,11,22.16,19.7
53.3686185504856,18.4165402756427,Chelmno,2013,7,12,22.08,18.0
53.3686185504856,18.4165402756427,Chelmno,2013,7,13,22.15,17.8
53.3686185504856,18.4165402756427,Chelmno,2013,7,14,22.1,17.0
53.3686185504856,18.4165402756427,Chelmno,2013,7,15,22.03,16.3
53.3686185504856,18.4165402756427,Chelmno,2013,7,16,21.98,16.3
53.3686185504856,18.4165402756427,Chelmno,2013,7,17,21.96,16.5
53.3686185504856,18.4165402756427,Chelmno,2013,7,18,21.99,17.2
53.3686185504856,18.4165402756427,Chelmno,2013,7,19,22.1,18.4
53.3686185504856,18.4165402756427,Chelmno,2013,7,20,22.22,18.6
53.3686185504856,18.4165402756427,Chelmno,2013,7,21,22.3,18.5
53.3686185504856,18.4165402756427,Chelmno,2013,7,22,22.4,18.3
53.3686185504856,18.4165402756427,Chelmno,2013,7,23,22.28,18.0
53.3686185504856,18.4165402756427,Chelmno,2013,7,24,22.03,17.6
53.3686185504856,18.4165402756427,Chelmno,2013,7,25,21.69,18.2
53.3686185504856,18.4165402756427,Chelmno,2013,7,26,21.74,18.8
53.3686185504856,18.4165402756427,Chelmno,2013,7,27,21.87,19.6
53.3686185504856,18.4165402756427,Chelmno,2013,7,28,21.82,21.4
53.3686185504856,18.4165402756427,Chelmno,2013,7,29,21.75,22.0
53.3686185504856,18.4165402756427,Chelmno,2013,7,30,21.69,20.2
53.3686185504856,18.4165402756427,Chelmno,2013,7,31,21.63,19.8
53.3686185504856,18.4165402756427,Chelmno,2013,8,1,21.54,18.8
53.3686185504856,18.4165402756427,Chelmno,2013,8,2,21.47,19.2
53.3686185504856,18.4165402756427,Chelmno,2013,8,3,21.64,19.9
53.3686185504856,18.4165402756427,Chelmno,2013,8,4,21.76,20.0
53.3686185504856,18.4165402756427,Chelmno,2013,8,5,21.67,21.8
53.3686185504856,18.4165402756427,Chelmno,2013,8,6,21.5,21.0
53.3686185504856,18.4165402756427,Chelmno,2013,8,7,21.42,21.2
53.3686185504856,18.4165402756427,Chelmno,2013,8,8,21.18,22.1
53.3686185504856,18.4165402756427,Chelmno,2013,8,9,21.21,21.8
53.3686185504856,18.4165402756427,Chelmno,2013,8,10,21.19,20.7
53.3686185504856,18.4165402756427,Chelmno,2013,8,11,21.14,19.2
53.3686185504856,18.4165402756427,Chelmno,2013,8,12,21.16,18.0
53.3686185504856,18.4165402756427,Chelmno,2013,8,13,21.25,17.8
53.3686185504856,18.4165402756427,Chelmno,2013,8,14,21.05,17.0
53.3686185504856,18.4165402756427,Chelmno,2013,8,15,21.16,17.4
53.3686185504856,18.4165402756427,Chelmno,2013,8,16,21.22,18.5
53.3686185504856,18.4165402756427,Chelmno,2013,8,17,21.16,19.2
53.3686185504856,18.4165402756427,Chelmno,2013,8,18,21.07,19.8
53.3686185504856,18.4165402756427,Chelmno,2013,8,19,21.06,18.2
53.3686185504856,18.4165402756427,Chelmno,2013,8,20,21.06,19.6
53.3686185504856,18.4165402756427,Chelmno,2013,8,21,21.06,18.4
53.3686185504856,18.4165402756427,Chelmno,2013,8,22,21.08,17.5
53.3686185504856,18.4165402756427,Chelmno,2013,8,23,21.12,16.6
53.3686185504856,18.4165402756427,Chelmno,2013,8,24,21.05,17.0
53.3686185504856,18.4165402756427,Chelmno,2013,8,25,20.98,16.9
53.3686185504856,18.4165402756427,Chelmno,2013,8,26,21.05,16.8
53.3686185504856,18.4165402756427,Chelmno,2013,8,27,21.05,16.7
53.3686185504856,18.4165402756427,Chelmno,2013,8,28,20.99,16.6
53.3686185504856,18.4165402756427,Chelmno,2013,8,29,20.99,15.2
53.3686185504856,18.4165402756427,Chelmno,2013,8,30,20.98,15.4
53.3686185504856,18.4165402756427,Chelmno,2013,8,31,20.95,15.5
53.3686185504856,18.4165402756427,Chelmno,2013,9,1,20.92,13.8
53.3686185504856,18.4165402756427,Chelmno,2013,9,2,20.89,13.5
53.3686185504856,18.4165402756427,Chelmno,2013,9,3,20.81,13.2
53.3686185504856,18.4165402756427,Chelmno,2013,9,4,20.85,13.6
53.3686185504856,18.4165402756427,Chelmno,2013,9,5,21.01,14.7
53.3686185504856,18.4165402756427,Chelmno,2013,9,6,20.88,14.8
53.3686185504856,18.4165402756427,Chelmno,2013,9,7,20.87,14.8
53.3686185504856,18.4165402756427,Chelmno,2013,9,8,20.95,14.9
53.3686185504856,18.4165402756427,Chelmno,2013,9,9,20.95,14.9
53.3686185504856,18.4165402756427,Chelmno,2013,9,10,20.88,13.9
53.3686185504856,18.4165402756427,Chelmno,2013,9,11,20.84,13.7
53.3686185504856,18.4165402756427,Chelmno,2013,9,12,20.98,13.5
53.3686185504856,18.4165402756427,Chelmno,2013,9,13,20.93,13.4
53.3686185504856,18.4165402756427,Chelmno,2013,9,14,20.99,13.0
53.3686185504856,18.4165402756427,Chelmno,2013,9,15,21.1,13.4
53.3686185504856,18.4165402756427,Chelmno,2013,9,16,21.09,14.0
53.3686185504856,18.4165402756427,Chelmno,2013,9,17,21.04,13.8
53.3686185504856,18.4165402756427,Chelmno,2013,9,18,21.14,13.0
53.3686185504856,18.4165402756427,Chelmno,2013,9,19,21.34,12.8
53.3686185504856,18.4165402756427,Chelmno,2013,9,20,21.48,12.6
53.3686185504856,18.4165402756427,Chelmno,2013,9,21,21.47,11.8
53.3686185504856,18.4165402756427,Chelmno,2013,9,22,21.43,12.0
53.3686185504856,18.4165402756427,Chelmno,2013,9,23,21.47,11.6
53.3686185504856,18.4165402756427,Chelmno,2013,9,24,21.57,11.4
53.3686185504856,18.4165402756427,Chelmno,2013,9,25,21.61,10.2
53.3686185504856,18.4165402756427,Chelmno,2013,9,26,21.81,10.0
53.3686185504856,18.4165402756427,Chelmno,2013,9,27,21.76,10.8
53.3686185504856,18.4165402756427,Chelmno,2013,9,28,21.66,11.8
53.3686185504856,18.4165402756427,Chelmno,2013,9,29,21.63,10.6
53.3686185504856,18.4165402756427,Chelmno,2013,9,30,21.63,11.0
53.3686185504856,18.4165402756427,Chelmno,2013,10,1,21.62,8.4
53.3686185504856,18.4165402756427,Chelmno,2013,10,2,21.63,7.8
53.3686185504856,18.4165402756427,Chelmno,2013,10,3,21.64,7.0
53.3686185504856,18.4165402756427,Chelmno,2013,10,4,21.64,7.2
53.3686185504856,18.4165402756427,Chelmno,2013,10,5,21.67,7.9
53.3686185504856,18.4165402756427,Chelmno,2013,10,6,21.64,8.2
53.3686185504856,18.4165402756427,Chelmno,2013,10,7,21.61,9.8
53.3686185504856,18.4165402756427,Chelmno,2013,10,8,21.62,11.1
53.3686185504856,18.4165402756427,Chelmno,2013,10,9,21.61,11.0
53.3686185504856,18.4165402756427,Chelmno,2013,10,10,21.55,11.0
53.3686185504856,18.4165402756427,Chelmno,2013,10,11,21.5,10.4
53.3686185504856,18.4165402756427,Chelmno,2013,10,12,21.5,10.5
53.3686185504856,18.4165402756427,Chelmno,2013,10,13,21.52,10.3
53.3686185504856,18.4165402756427,Chelmno,2013,10,14,21.53,10.0
53.3686185504856,18.4165402756427,Chelmno,2013,10,15,21.51,9.8
53.3686185504856,18.4165402756427,Chelmno,2013,10,16,21.49,10.4
53.3686185504856,18.4165402756427,Chelmno,2013,10,17,21.48,11.0
53.3686185504856,18.4165402756427,Chelmno,2013,10,18,21.48,11.0
53.3686185504856,18.4165402756427,Chelmno,2013,10,19,21.47,8.4
53.3686185504856,18.4165402756427,Chelmno,2013,10,20,21.51,8.8
53.3686185504856,18.4165402756427,Chelmno,2013,10,21,21.42,8.9
53.3686185504856,18.4165402756427,Chelmno,2013,10,22,21.38,9.0
53.3686185504856,18.4165402756427,Chelmno,2013,10,23,21.43,9.1
53.3686185504856,18.4165402756427,Chelmno,2013,10,24,21.52,11.8
53.3686185504856,18.4165402756427,Chelmno,2013,10,25,21.55,12.0
53.3686185504856,18.4165402756427,Chelmno,2013,10,26,21.54,11.1
53.3686185504856,18.4165402756427,Chelmno,2013,10,27,21.57,10.5
53.3686185504856,18.4165402756427,Chelmno,2013,10,28,21.58,10.0
53.3686185504856,18.4165402756427,Chelmno,2013,10,29,21.33,9.8
53.3686185504856,18.4165402756427,Chelmno,2013,10,30,21.45,9.8
53.3686185504856,18.4165402756427,Chelmno,2013,10,31,21.5,9.9
53.3686185504856,18.4165402756427,Chelmno,2013,11,1,21.61,8.2
53.3686185504856,18.4165402756427,Chelmno,2013,11,2,21.26,8.1
53.3686185504856,18.4165402756427,Chelmno,2013,11,3,21.0,8.0
53.3686185504856,18.4165402756427,Chelmno,2013,11,4,21.06,7.8
53.3686185504856,18.4165402756427,Chelmno,2013,11,5,21.29,7.2
53.3686185504856,18.4165402756427,Chelmno,2013,11,6,21.41,7.1
53.3686185504856,18.4165402756427,Chelmno,2013,11,7,21.33,7.0
53.3686185504856,18.4165402756427,Chelmno,2013,11,8,21.39,7.0
53.3686185504856,18.4165402756427,Chelmno,2013,11,9,21.49,6.9
53.3686185504856,18.4165402756427,Chelmno,2013,11,10,21.5,6.8
53.3686185504856,18.4165402756427,Chelmno,2013,11,11,21.55,6.6
53.3686185504856,18.4165402756427,Chelmno,2013,11,12,21.63,6.4
53.3686185504856,18.4165402756427,Chelmno,2013,11,13,21.84,6.1
53.3686185504856,18.4165402756427,Chelmno,2013,11,14,22.06,6.0
53.3686185504856,18.4165402756427,Chelmno,2013,11,15,22.07,5.8
53.3686185504856,18.4165402756427,Chelmno,2013,11,16,21.97,5.2
53.3686185504856,18.4165402756427,Chelmno,2013,11,17,21.99,5.5
53.3686185504856,18.4165402756427,Chelmno,2013,11,18,22.25,5.8
53.3686185504856,18.4165402756427,Chelmno,2013,11,19,22.15,6.2
53.3686185504856,18.4165402756427,Chelmno,2013,11,20,22.07,6.3
53.3686185504856,18.4165402756427,Chelmno,2013,11,21,21.94,6.2
53.3686185504856,18.4165402756427,Chelmno,2013,11,22,21.73,6.2
53.3686185504856,18.4165402756427,Chelmno,2013,11,23,21.64,5.6
53.3686185504856,18.4165402756427,Chelmno,2013,11,24,21.71,5.0
53.3686185504856,18.4165402756427,Chelmno,2013,11,25,21.76,4.1
53.3686185504856,18.4165402756427,Chelmno,2013,11,26,21.73,3.9
53.3686185504856,18.4165402756427,Chelmno,2013,11,27,21.7,2.3
53.3686185504856,18.4165402756427,Chelmno,2013,11,28,21.71,2.6
53.3686185504856,18.4165402756427,Chelmno,2013,11,29,21.74,2.9
53.3686185504856,18.4165402756427,Chelmno,2013,11,30,21.81,3.3
53.3686185504856,18.4165402756427,Chelmno,2014,5,1,21.92,13.1
53.3686185504856,18.4165402756427,Chelmno,2014,5,2,22.06,12.9
53.3686185504856,18.4165402756427,Chelmno,2014,5,3,22.11,12.0
53.3686185504856,18.4165402756427,Chelmno,2014,5,4,22.11,11.0
53.3686185504856,18.4165402756427,Chelmno,2014,5,5,22.08,11.1
53.3686185504856,18.4165402756427,Chelmno,2014,5,6,22.09,12.2
53.3686185504856,18.4165402756427,Chelmno,2014,5,7,22.06,12.5
53.3686185504856,18.4165402756427,Chelmno,2014,5,8,22.23,13.0
53.3686185504856,18.4165402756427,Chelmno,2014,5,9,22.05,13.0
53.3686185504856,18.4165402756427,Chelmno,2014,5,10,21.79,12.8
53.3686185504856,18.4165402756427,Chelmno,2014,5,11,21.65,13.0
53.3686185504856,18.4165402756427,Chelmno,2014,5,12,21.59,13.4
53.3686185504856,18.4165402756427,Chelmno,2014,5,13,21.69,13.3
53.3686185504856,18.4165402756427,Chelmno,2014,5,14,21.75,13.5
53.3686185504856,18.4165402756427,Chelmno,2014,5,15,21.69,13.5
53.3686185504856,18.4165402756427,Chelmno,2014,5,16,21.64,14.0
53.3686185504856,18.4165402756427,Chelmno,2014,5,17,21.63,13.2
53.3686185504856,18.4165402756427,Chelmno,2014,5,18,21.8,13.4
53.3686185504856,18.4165402756427,Chelmno,2014,5,19,22.4,13.8
53.3686185504856,18.4165402756427,Chelmno,2014,5,20,22.99,14.0
53.3686185504856,18.4165402756427,Chelmno,2014,5,21,23.04,15.9
53.3686185504856,18.4165402756427,Chelmno,2014,5,22,24.58,17.4
53.3686185504856,18.4165402756427,Chelmno,2014,5,23,25.6,18.0
53.3686185504856,18.4165402756427,Chelmno,2014,5,24,25.88,18.4
53.3686185504856,18.4165402756427,Chelmno,2014,5,25,25.3,18.0
53.3686185504856,18.4165402756427,Chelmno,2014,5,26,24.86,18.8
53.3686185504856,18.4165402756427,Chelmno,2014,5,27,24.09,18.0
53.3686185504856,18.4165402756427,Chelmno,2014,5,28,23.38,17.8
53.3686185504856,18.4165402756427,Chelmno,2014,5,29,23.0,16.9
53.3686185504856,18.4165402756427,Chelmno,2014,5,30,22.9,17.0
53.3686185504856,18.4165402756427,Chelmno,2014,5,31,22.91,17.1
53.3686185504856,18.4165402756427,Chelmno,2014,6,1,22.94,16.8
53.3686185504856,18.4165402756427,Chelmno,2014,6,2,22.94,16.7
53.3686185504856,18.4165402756427,Chelmno,2014,6,3,22.92,16.6
53.3686185504856,18.4165402756427,Chelmno,2014,6,4,22.92,17.2
53.3686185504856,18.4165402756427,Chelmno,2014,6,5,22.93,18.0
53.3686185504856,18.4165402756427,Chelmno,2014,6,6,22.73,18.1
53.3686185504856,18.4165402756427,Chelmno,2014,6,7,22.57,18.2
53.3686185504856,18.4165402756427,Chelmno,2014,6,8,22.52,18.9
53.3686185504856,18.4165402756427,Chelmno,2014,6,9,22.47,17.8
53.3686185504856,18.4165402756427,Chelmno,2014,6,10,22.42,18.8
53.3686185504856,18.4165402756427,Chelmno,2014,6,11,22.35,19.0
53.3686185504856,18.4165402756427,Chelmno,2014,6,12,22.24,18.8
53.3686185504856,18.4165402756427,Chelmno,2014,6,13,22.09,18.0
53.3686185504856,18.4165402756427,Chelmno,2014,6,14,22.09,18.2
53.3686185504856,18.4165402756427,Chelmno,2014,6,15,22.11,18.0
53.3686185504856,18.4165402756427,Chelmno,2014,6,16,21.97,18.2
53.3686185504856,18.4165402756427,Chelmno,2014,6,17,22.0,18.4
53.3686185504856,18.4165402756427,Chelmno,2014,6,18,21.94,18.6
53.3686185504856,18.4165402756427,Chelmno,2014,6,19,21.82,18.8
53.3686185504856,18.4165402756427,Chelmno,2014,6,20,21.79,17.2
53.3686185504856,18.4165402756427,Chelmno,2014,6,21,21.8,17.0
53.3686185504856,18.4165402756427,Chelmno,2014,6,22,21.67,17.0
53.3686185504856,18.4165402756427,Chelmno,2014,6,23,21.61,16.8
53.3686185504856,18.4165402756427,Chelmno,2014,6,24,21.65,17.3
53.3686185504856,18.4165402756427,Chelmno,2014,6,25,21.56,18.0
53.3686185504856,18.4165402756427,Chelmno,2014,6,26,21.5,18.4
53.3686185504856,18.4165402756427,Chelmno,2014,6,27,21.47,18.0
53.3686185504856,18.4165402756427,Chelmno,2014,6,28,21.43,17.8
53.3686185504856,18.4165402756427,Chelmno,2014,6,29,21.41,17.5
53.3686185504856,18.4165402756427,Chelmno,2014,6,30,21.42,17.8
53.3686185504856,18.4165402756427,Chelmno,2014,7,1,21.41,17.4
53.3686185504856,18.4165402756427,Chelmno,2014,7,2,21.48,18.3
53.3686185504856,18.4165402756427,Chelmno,2014,7,3,21.5,18.0
53.3686185504856,18.4165402756427,Chelmno,2014,7,4,21.38,19.0
53.3686185504856,18.4165402756427,Chelmno,2014,7,5,21.48,19.0
53.3686185504856,18.4165402756427,Chelmno,2014,7,6,21.48,19.0
53.3686185504856,18.4165402756427,Chelmno,2014,7,7,21.56,19.8
53.3686185504856,18.4165402756427,Chelmno,2014,7,8,21.96,19.8
53.3686185504856,18.4165402756427,Chelmno,2014,7,9,21.94,20.0
53.3686185504856,18.4165402756427,Chelmno,2014,7,10,21.89,19.8
53.3686185504856,18.4165402756427,Chelmno,2014,7,11,21.81,20.3
53.3686185504856,18.4165402756427,Chelmno,2014,7,12,21.67,20.5
53.3686185504856,18.4165402756427,Chelmno,2014,7,13,21.44,19.3
53.3686185504856,18.4165402756427,Chelmno,2014,7,14,21.48,19.8
53.3686185504856,18.4165402756427,Chelmno,2014,7,15,21.57,20.0
53.3686185504856,18.4165402756427,Chelmno,2014,7,16,21.75,20.9
53.3686185504856,18.4165402756427,Chelmno,2014,7,17,22.07,20.0
53.3686185504856,18.4165402756427,Chelmno,2014,7,18,22.67,20.2
53.3686185504856,18.4165402756427,Chelmno,2014,7,19,23.07,21.0
53.3686185504856,18.4165402756427,Chelmno,2014,7,20,22.8,22.5
53.3686185504856,18.4165402756427,Chelmno,2014,7,21,22.38,22.5
53.3686185504856,18.4165402756427,Chelmno,2014,7,22,22.22,23.0
53.3686185504856,18.4165402756427,Chelmno,2014,7,23,22.13,23.0
53.3686185504856,18.4165402756427,Chelmno,2014,7,24,22.12,22.1
53.3686185504856,18.4165402756427,Chelmno,2014,7,25,22.14,22.0
53.3686185504856,18.4165402756427,Chelmno,2014,7,26,22.09,22.2
53.3686185504856,18.4165402756427,Chelmno,2014,7,27,21.82,22.4
53.3686185504856,18.4165402756427,Chelmno,2014,7,28,21.82,22.3
53.3686185504856,18.4165402756427,Chelmno,2014,7,29,21.91,23.0
53.3686185504856,18.4165402756427,Chelmno,2014,7,30,22.18,23.0
53.3686185504856,18.4165402756427,Chelmno,2014,7,31,22.28,23.1
53.3686185504856,18.4165402756427,Chelmno,2014,8,1,22.08,22.1
53.3686185504856,18.4165402756427,Chelmno,2014,8,2,22.3,23.1
53.3686185504856,18.4165402756427,Chelmno,2014,8,3,22.07,23.3
53.3686185504856,18.4165402756427,Chelmno,2014,8,4,21.92,23.0
53.3686185504856,18.4165402756427,Chelmno,2014,8,5,21.9,22.2
53.3686185504856,18.4165402756427,Chelmno,2014,8,6,21.8,22.0
53.3686185504856,18.4165402756427,Chelmno,2014,8,7,21.92,22.0
53.3686185504856,18.4165402756427,Chelmno,2014,8,8,22.16,22.0
53.3686185504856,18.4165402756427,Chelmno,2014,8,9,21.97,21.9
53.3686185504856,18.4165402756427,Chelmno,2014,8,10,21.84,22.2
53.3686185504856,18.4165402756427,Chelmno,2014,8,11,21.77,21.9
53.3686185504856,18.4165402756427,Chelmno,2014,8,12,21.87,20.9
53.3686185504856,18.4165402756427,Chelmno,2014,8,13,22.16,20.8
53.3686185504856,18.4165402756427,Chelmno,2014,8,14,22.27,20.0
53.3686185504856,18.4165402756427,Chelmno,2014,8,15,22.05,19.9
53.3686185504856,18.4165402756427,Chelmno,2014,8,16,21.93,19.8
53.3686185504856,18.4165402756427,Chelmno,2014,8,17,21.89,19.9
53.3686185504856,18.4165402756427,Chelmno,2014,8,18,22.04,18.0
53.3686185504856,18.4165402756427,Chelmno,2014,8,19,22.02,17.0
53.3686185504856,18.4165402756427,Chelmno,2014,8,20,21.99,17.4
53.3686185504856,18.4165402756427,Chelmno,2014,8,21,22.12,17.0
53.3686185504856,18.4165402756427,Chelmno,2014,8,22,22.04,17.0
53.3686185504856,18.4165402756427,Chelmno,2014,8,23,21.93,17.2
53.3686185504856,18.4165402756427,Chelmno,2014,8,24,21.79,17.4
53.3686185504856,18.4165402756427,Chelmno,2014,8,25,21.7,16.8
53.3686185504856,18.4165402756427,Chelmno,2014,8,26,21.62,16.7
53.3686185504856,18.4165402756427,Chelmno,2014,8,27,21.65,16.6
53.3686185504856,18.4165402756427,Chelmno,2014,8,28,21.72,16.7
53.3686185504856,18.4165402756427,Chelmno,2014,8,29,21.83,17.0
53.3686185504856,18.4165402756427,Chelmno,2014,8,30,21.8,17.8
53.3686185504856,18.4165402756427,Chelmno,2014,8,31,21.85,17.7
53.3686185504856,18.4165402756427,Chelmno,2014,9,1,21.91,17.8
53.3686185504856,18.4165402756427,Chelmno,2014,9,2,21.98,17.9
53.3686185504856,18.4165402756427,Chelmno,2014,9,3,21.98,17.6
53.3686185504856,18.4165402756427,Chelmno,2014,9,4,21.88,17.4
53.3686185504856,18.4165402756427,Chelmno,2014,9,5,21.8,16.8
53.3686185504856,18.4165402756427,Chelmno,2014,9,6,21.77,16.6
53.3686185504856,18.4165402756427,Chelmno,2014,9,7,21.68,16.2
53.3686185504856,18.4165402756427,Chelmno,2014,9,8,21.66,16.2
53.3686185504856,18.4165402756427,Chelmno,2014,9,9,21.68,16.0
53.3686185504856,18.4165402756427,Chelmno,2014,9,10,21.62,15.6
53.3686185504856,18.4165402756427,Chelmno,2014,9,11,21.52,15.6
53.3686185504856,18.4165402756427,Chelmno,2014,9,12,21.41,16.0
53.3686185504856,18.4165402756427,Chelmno,2014,9,13,21.33,17.6
53.3686185504856,18.4165402756427,Chelmno,2014,9,14,21.25,18.1
53.3686185504856,18.4165402756427,Chelmno,2014,9,15,21.29,18.0
53.3686185504856,18.4165402756427,Chelmno,2014,9,16,21.35,17.9
53.3686185504856,18.4165402756427,Chelmno,2014,9,17,21.41,17.6
53.3686185504856,18.4165402756427,Chelmno,2014,9,18,21.47,17.0
53.3686185504856,18.4165402756427,Chelmno,2014,9,19,21.46,17.4
53.3686185504856,18.4165402756427,Chelmno,2014,9,20,21.41,16.3
53.3686185504856,18.4165402756427,Chelmno,2014,9,21,21.39,16.3
53.3686185504856,18.4165402756427,Chelmno,2014,9,22,21.35,16.0
53.3686185504856,18.4165402756427,Chelmno,2014,9,23,21.28,15.0
53.3686185504856,18.4165402756427,Chelmno,2014,9,24,21.09,14.8
53.3686185504856,18.4165402756427,Chelmno,2014,9,25,21.17,14.6
53.3686185504856,18.4165402756427,Chelmno,2014,9,26,21.13,14.2
53.3686185504856,18.4165402756427,Chelmno,2014,9,27,21.1,14.2
53.3686185504856,18.4165402756427,Chelmno,2014,9,28,21.37,14.0
53.3686185504856,18.4165402756427,Chelmno,2014,9,29,21.67,14.5
53.3686185504856,18.4165402756427,Chelmno,2014,9,30,21.74,14.6
53.3686185504856,18.4165402756427,Chelmno,2014,10,1,21.74,14.6
53.3686185504856,18.4165402756427,Chelmno,2014,10,2,21.65,14.5
53.3686185504856,18.4165402756427,Chelmno,2014,10,3,21.62,14.4
53.3686185504856,18.4165402756427,Chelmno,2014,10,4,21.58,12.9
53.3686185504856,18.4165402756427,Chelmno,2014,10,5,21.5,12.8
53.3686185504856,18.4165402756427,Chelmno,2014,10,6,21.46,12.4
53.3686185504856,18.4165402756427,Chelmno,2014,10,7,21.46,12.0
53.3686185504856,18.4165402756427,Chelmno,2014,10,8,21.52,12.4
53.3686185504856,18.4165402756427,Chelmno,2014,10,9,21.52,12.8
53.3686185504856,18.4165402756427,Chelmno,2014,10,10,21.51,12.8
53.3686185504856,18.4165402756427,Chelmno,2014,10,11,21.5,13.0
53.3686185504856,18.4165402756427,Chelmno,2014,10,12,21.48,12.9
53.3686185504856,18.4165402756427,Chelmno,2014,10,13,21.47,12.8
53.3686185504856,18.4165402756427,Chelmno,2014,10,14,21.47,13.0
53.3686185504856,18.4165402756427,Chelmno,2014,10,15,21.5,12.7
53.3686185504856,18.4165402756427,Chelmno,2014,10,16,21.53,12.3
53.3686185504856,18.4165402756427,Chelmno,2014,10,17,21.52,12.3
53.3686185504856,18.4165402756427,Chelmno,2014,10,18,21.44,12.8
53.3686185504856,18.4165402756427,Chelmno,2014,10,19,21.3,12.8
53.3686185504856,18.4165402756427,Chelmno,2014,10,20,21.22,12.4
53.3686185504856,18.4165402756427,Chelmno,2014,10,21,21.2,12.2
53.3686185504856,18.4165402756427,Chelmno,2014,10,22,21.19,12.2
53.3686185504856,18.4165402756427,Chelmno,2014,10,23,21.19,11.9
53.3686185504856,18.4165402756427,Chelmno,2014,10,24,21.25,11.0
53.3686185504856,18.4165402756427,Chelmno,2014,10,25,21.41,9.0
53.3686185504856,18.4165402756427,Chelmno,2014,10,26,21.5,8.9
53.3686185504856,18.4165402756427,Chelmno,2014,10,27,21.45,8.5
53.3686185504856,18.4165402756427,Chelmno,2014,10,28,21.4,7.9
53.3686185504856,18.4165402756427,Chelmno,2014,10,29,21.66,7.1
53.3686185504856,18.4165402756427,Chelmno,2014,10,30,22.1,7.0
53.3686185504856,18.4165402756427,Chelmno,2014,10,31,22.09,7.1
53.3686185504856,18.4165402756427,Chelmno,2014,11,1,21.77,8.1
53.3686185504856,18.4165402756427,Chelmno,2014,11,2,21.49,8.0
53.3686185504856,18.4165402756427,Chelmno,2014,11,3,21.36,8.0
53.3686185504856,18.4165402756427,Chelmno,2014,11,4,21.5,7.9
53.3686185504856,18.4165402756427,Chelmno,2014,11,5,21.51,7.9
53.3686185504856,18.4165402756427,Chelmno,2014,11,6,21.38,7.8
53.3686185504856,18.4165402756427,Chelmno,2014,11,7,21.45,7.8
53.3686185504856,18.4165402756427,Chelmno,2014,11,8,21.43,7.9
53.3686185504856,18.4165402756427,Chelmno,2014,11,9,21.35,7.0
53.3686185504856,18.4165402756427,Chelmno,2014,11,10,21.4,7.2
53.3686185504856,18.4165402756427,Chelmno,2014,11,11,21.41,7.3
53.3686185504856,18.4165402756427,Chelmno,2014,11,12,21.36,7.2
53.3686185504856,18.4165402756427,Chelmno,2014,11,13,21.36,7.1
53.3686185504856,18.4165402756427,Chelmno,2014,11,14,21.36,7.2
53.3686185504856,18.4165402756427,Chelmno,2014,11,15,21.38,7.2
53.3686185504856,18.4165402756427,Chelmno,2014,11,16,21.48,7.0
53.3686185504856,18.4165402756427,Chelmno,2014,11,17,21.53,6.8
53.3686185504856,18.4165402756427,Chelmno,2014,11,18,21.29,6.4
53.3686185504856,18.4165402756427,Chelmno,2014,11,19,21.26,6.0
53.3686185504856,18.4165402756427,Chelmno,2014,11,20,21.23,6.1
53.3686185504856,18.4165402756427,Chelmno,2014,11,21,21.21,6.0
53.3686185504856,18.4165402756427,Chelmno,2014,11,22,21.21,5.7
53.3686185504856,18.4165402756427,Chelmno,2014,11,23,21.23,5.6
53.3686185504856,18.4165402756427,Chelmno,2014,11,24,21.35,5.3
53.3686185504856,18.4165402756427,Chelmno,2014,11,25,21.2,5.5
53.3686185504856,18.4165402756427,Chelmno,2014,11,26,21.23,5.6
53.3686185504856,18.4165402756427,Chelmno,2014,11,27,21.46,4.5
53.3686185504856,18.4165402756427,Chelmno,2014,11,28,21.32,3.3
53.3686185504856,18.4165402756427,Chelmno,2014,11,29,21.27,3.0
53.3686185504856,18.4165402756427,Chelmno,2014,11,30,21.3,2.9
53.3686185504856,18.4165402756427,Chelmno,2015,5,1,21.64,11.8
53.3686185504856,18.4165402756427,Chelmno,2015,5,2,21.6,11.4
53.3686185504856,18.4165402756427,Chelmno,2015,5,3,21.6,12.2
53.3686185504856,18.4165402756427,Chelmno,2015,5,4,21.6,13.2
53.3686185504856,18.4165402756427,Chelmno,2015,5,5,21.71,13.2
53.3686185504856,18.4165402756427,Chelmno,2015,5,6,21.82,14.2
53.3686185504856,18.4165402756427,Chelmno,2015,5,7,21.73,15.0
53.3686185504856,18.4165402756427,Chelmno,2015,5,8,21.64,14.8
53.3686185504856,18.4165402756427,Chelmno,2015,5,9,21.62,15.0
53.3686185504856,18.4165402756427,Chelmno,2015,5,10,21.63,14.6
53.3686185504856,18.4165402756427,Chelmno,2015,5,11,21.7,14.8
53.3686185504856,18.4165402756427,Chelmno,2015,5,12,21.73,15.6
53.3686185504856,18.4165402756427,Chelmno,2015,5,13,21.74,16.1
53.3686185504856,18.4165402756427,Chelmno,2015,5,14,21.75,15.0
53.3686185504856,18.4165402756427,Chelmno,2015,5,15,21.73,14.4
53.3686185504856,18.4165402756427,Chelmno,2015,5,16,21.68,14.2
53.3686185504856,18.4165402756427,Chelmno,2015,5,17,21.63,14.0
53.3686185504856,18.4165402756427,Chelmno,2015,5,18,21.66,13.8
53.3686185504856,18.4165402756427,Chelmno,2015,5,19,21.65,15.2
53.3686185504856,18.4165402756427,Chelmno,2015,5,20,21.59,14.8
53.3686185504856,18.4165402756427,Chelmno,2015,5,21,21.59,14.6
53.3686185504856,18.4165402756427,Chelmno,2015,5,22,21.56,15.2
53.3686185504856,18.4165402756427,Chelmno,2015,5,23,21.5,15.8
53.3686185504856,18.4165402756427,Chelmno,2015,5,24,21.47,16.3
53.3686185504856,18.4165402756427,Chelmno,2015,5,25,21.47,16.9
53.3686185504856,18.4165402756427,Chelmno,2015,5,26,21.48,16.5
53.3686185504856,18.4165402756427,Chelmno,2015,5,27,21.61,16.1
53.3686185504856,18.4165402756427,Chelmno,2015,5,28,22.01,15.9
53.3686185504856,18.4165402756427,Chelmno,2015,5,29,22.28,15.9
53.3686185504856,18.4165402756427,Chelmno,2015,5,30,22.25,15.9
53.3686185504856,18.4165402756427,Chelmno,2015,5,31,22.19,16.1
53.3686185504856,18.4165402756427,Chelmno,2015,6,1,22.39,16.1
53.3686185504856,18.4165402756427,Chelmno,2015,6,2,23.24,16.7
53.3686185504856,18.4165402756427,Chelmno,2015,6,3,23.3,17.1
53.3686185504856,18.4165402756427,Chelmno,2015,6,4,23.2,17.5
53.3686185504856,18.4165402756427,Chelmno,2015,6,5,22.46,17.9
53.3686185504856,18.4165402756427,Chelmno,2015,6,6,22.21,17.7
53.3686185504856,18.4165402756427,Chelmno,2015,6,7,22.34,17.7
53.3686185504856,18.4165402756427,Chelmno,2015,6,8,22.22,17.5
53.3686185504856,18.4165402756427,Chelmno,2015,6,9,22.03,17.3
53.3686185504856,18.4165402756427,Chelmno,2015,6,10,21.84,17.1
53.3686185504856,18.4165402756427,Chelmno,2015,6,11,21.75,16.9
53.3686185504856,18.4165402756427,Chelmno,2015,6,12,21.62,17.9
53.3686185504856,18.4165402756427,Chelmno,2015,6,13,21.49,18.9
53.3686185504856,18.4165402756427,Chelmno,2015,6,14,21.42,19.3
53.3686185504856,18.4165402756427,Chelmno,2015,6,15,21.37,19.9
53.3686185504856,18.4165402756427,Chelmno,2015,6,16,21.32,19.5
53.3686185504856,18.4165402756427,Chelmno,2015,6,17,21.34,18.3
53.3686185504856,18.4165402756427,Chelmno,2015,6,18,21.25,17.5
53.3686185504856,18.4165402756427,Chelmno,2015,6,19,21.14,16.9
53.3686185504856,18.4165402756427,Chelmno,2015,6,20,21.11,17.3
53.3686185504856,18.4165402756427,Chelmno,2015,6,21,21.09,17.1
53.3686185504856,18.4165402756427,Chelmno,2015,6,22,21.1,16.9
53.3686185504856,18.4165402756427,Chelmno,2015,6,23,21.16,16.7
53.3686185504856,18.4165402756427,Chelmno,2015,6,24,21.2,16.7
53.3686185504856,18.4165402756427,Chelmno,2015,6,25,21.21,16.9
53.3686185504856,18.4165402756427,Chelmno,2015,6,26,21.17,16.9
53.3686185504856,18.4165402756427,Chelmno,2015,6,27,21.08,17.9
53.3686185504856,18.4165402756427,Chelmno,2015,6,28,21.02,18.5
53.3686185504856,18.4165402756427,Chelmno,2015,6,29,21.01,19.1
53.3686185504856,18.4165402756427,Chelmno,2015,6,30,20.98,19.7
53.3686185504856,18.4165402756427,Chelmno,2015,7,1,20.93,18.9
53.3686185504856,18.4165402756427,Chelmno,2015,7,2,20.9,19.5
53.3686185504856,18.4165402756427,Chelmno,2015,7,3,20.92,19.7
53.3686185504856,18.4165402756427,Chelmno,2015,7,4,20.89,20.9
53.3686185504856,18.4165402756427,Chelmno,2015,7,5,20.83,22.7
53.3686185504856,18.4165402756427,Chelmno,2015,7,6,20.82,22.9
53.3686185504856,18.4165402756427,Chelmno,2015,7,7,20.84,21.5
53.3686185504856,18.4165402756427,Chelmno,2015,7,8,20.86,21.3
53.3686185504856,18.4165402756427,Chelmno,2015,7,9,20.77,21.1
53.3686185504856,18.4165402756427,Chelmno,2015,7,10,20.76,18.5
53.3686185504856,18.4165402756427,Chelmno,2015,7,11,20.71,17.3
53.3686185504856,18.4165402756427,Chelmno,2015,7,12,20.7,16.7
53.3686185504856,18.4165402756427,Chelmno,2015,7,13,20.64,17.9
53.3686185504856,18.4165402756427,Chelmno,2015,7,14,20.63,18.9
53.3686185504856,18.4165402756427,Chelmno,2015,7,15,20.65,18.7
53.3686185504856,18.4165402756427,Chelmno,2015,7,16,20.72,18.5
53.3686185504856,18.4165402756427,Chelmno,2015,7,17,20.74,19.1
53.3686185504856,18.4165402756427,Chelmno,2015,7,18,20.71,19.5
53.3686185504856,18.4165402756427,Chelmno,2015,7,19,20.72,19.9
53.3686185504856,18.4165402756427,Chelmno,2015,7,20,20.76,20.5
53.3686185504856,18.4165402756427,Chelmno,2015,7,21,20.76,20.1
53.3686185504856,18.4165402756427,Chelmno,2015,7,22,20.74,19.5
53.3686185504856,18.4165402756427,Chelmno,2015,7,23,20.76,21.3
53.3686185504856,18.4165402756427,Chelmno,2015,7,24,20.78,20.5
53.3686185504856,18.4165402756427,Chelmno,2015,7,25,20.76,20.1
53.3686185504856,18.4165402756427,Chelmno,2015,7,26,20.75,19.1
53.3686185504856,18.4165402756427,Chelmno,2015,7,27,20.71,17.9
53.3686185504856,18.4165402756427,Chelmno,2015,7,28,20.68,17.9
53.3686185504856,18.4165402756427,Chelmno,2015,7,29,20.66,17.7
53.3686185504856,18.4165402756427,Chelmno,2015,7,30,20.65,17.1
53.3686185504856,18.4165402756427,Chelmno,2015,7,31,20.64,16.7
53.3686185504856,18.4165402756427,Chelmno,2015,8,1,20.65,16.9
53.3686185504856,18.4165402756427,Chelmno,2015,8,2,20.64,17.1
53.3686185504856,18.4165402756427,Chelmno,2015,8,3,20.63,17.9
53.3686185504856,18.4165402756427,Chelmno,2015,8,4,20.64,19.1
53.3686185504856,18.4165402756427,Chelmno,2015,8,5,20.64,20.1
53.3686185504856,18.4165402756427,Chelmno,2015,8,6,20.63,21.3
53.3686185504856,18.4165402756427,Chelmno,2015,8,7,20.61,22.5
53.3686185504856,18.4165402756427,Chelmno,2015,8,8,20.59,23.5
53.3686185504856,18.4165402756427,Chelmno,2015,8,9,20.58,23.7
53.3686185504856,18.4165402756427,Chelmno,2015,8,10,20.57,23.9
53.3686185504856,18.4165402756427,Chelmno,2015,8,11,20.56,24.1
53.3686185504856,18.4165402756427,Chelmno,2015,8,12,20.56,24.3
53.3686185504856,18.4165402756427,Chelmno,2015,8,13,20.57,23.7
53.3686185504856,18.4165402756427,Chelmno,2015,8,14,20.54,23.1
53.3686185504856,18.4165402756427,Chelmno,2015,8,15,20.54,23.3
53.3686185504856,18.4165402756427,Chelmno,2015,8,16,20.52,23.1
53.3686185504856,18.4165402756427,Chelmno,2015,8,17,20.38,22.3
53.3686185504856,18.4165402756427,Chelmno,2015,8,18,20.36,21.5
53.3686185504856,18.4165402756427,Chelmno,2015,8,19,20.34,19.9
53.3686185504856,18.4165402756427,Chelmno,2015,8,20,20.34,19.1
53.3686185504856,18.4165402756427,Chelmno,2015,8,21,20.33,19.1
53.3686185504856,18.4165402756427,Chelmno,2015,8,22,20.33,18.9
53.3686185504856,18.4165402756427,Chelmno,2015,8,23,20.32,18.9
53.3686185504856,18.4165402756427,Chelmno,2015,8,24,20.3,19.1
53.3686185504856,18.4165402756427,Chelmno,2015,8,25,20.28,19.1
53.3686185504856,18.4165402756427,Chelmno,2015,8,26,20.29,18.9
53.3686185504856,18.4165402756427,Chelmno,2015,8,27,20.33,18.9
53.3686185504856,18.4165402756427,Chelmno,2015,8,28,20.4,18.7
53.3686185504856,18.4165402756427,Chelmno,2015,8,29,20.36,18.5
53.3686185504856,18.4165402756427,Chelmno,2015,8,30,20.32,18.3
53.3686185504856,18.4165402756427,Chelmno,2015,8,31,20.28,18.3
53.3686185504856,18.4165402756427,Chelmno,2015,9,1,20.28,19.7
53.3686185504856,18.4165402756427,Chelmno,2015,9,2,20.28,18.7
53.3686185504856,18.4165402756427,Chelmno,2015,9,3,20.27,18.5
53.3686185504856,18.4165402756427,Chelmno,2015,9,4,20.26,17.5
53.3686185504856,18.4165402756427,Chelmno,2015,9,5,20.27,16.5
53.3686185504856,18.4165402756427,Chelmno,2015,9,6,20.26,15.9
53.3686185504856,18.4165402756427,Chelmno,2015,9,7,20.26,15.4
53.3686185504856,18.4165402756427,Chelmno,2015,9,8,20.26,14.8
53.3686185504856,18.4165402756427,Chelmno,2015,9,9,20.26,14.0
53.3686185504856,18.4165402756427,Chelmno,2015,9,10,20.28,14.4
53.3686185504856,18.4165402756427,Chelmno,2015,9,11,20.35,14.8
53.3686185504856,18.4165402756427,Chelmno,2015,9,12,20.37,14.8
53.3686185504856,18.4165402756427,Chelmno,2015,9,13,20.42,15.0
53.3686185504856,18.4165402756427,Chelmno,2015,9,14,20.42,15.0
53.3686185504856,18.4165402756427,Chelmno,2015,9,15,20.39,15.6
53.3686185504856,18.4165402756427,Chelmno,2015,9,16,20.35,15.9
53.3686185504856,18.4165402756427,Chelmno,2015,9,17,20.33,16.7
53.3686185504856,18.4165402756427,Chelmno,2015,9,18,20.29,17.5
53.3686185504856,18.4165402756427,Chelmno,2015,9,19,20.33,16.1
53.3686185504856,18.4165402756427,Chelmno,2015,9,20,20.37,15.0
53.3686185504856,18.4165402756427,Chelmno,2015,9,21,20.37,14.2
53.3686185504856,18.4165402756427,Chelmno,2015,9,22,20.3,13.6
53.3686185504856,18.4165402756427,Chelmno,2015,9,23,20.28,14.2
53.3686185504856,18.4165402756427,Chelmno,2015,9,24,20.3,15.0
53.3686185504856,18.4165402756427,Chelmno,2015,9,25,20.32,14.8
53.3686185504856,18.4165402756427,Chelmno,2015,9,26,20.33,14.8
53.3686185504856,18.4165402756427,Chelmno,2015,9,27,20.33,14.6
53.3686185504856,18.4165402756427,Chelmno,2015,9,28,20.34,14.2
53.3686185504856,18.4165402756427,Chelmno,2015,9,29,20.36,13.4
53.3686185504856,18.4165402756427,Chelmno,2015,9,30,20.48,12.6
53.3686185504856,18.4165402756427,Chelmno,2015,10,1,20.66,11.0
53.3686185504856,18.4165402756427,Chelmno,2015,10,2,20.68,11.2
53.3686185504856,18.4165402756427,Chelmno,2015,10,3,20.64,11.6
53.3686185504856,18.4165402756427,Chelmno,2015,10,4,20.68,12.4
53.3686185504856,18.4165402756427,Chelmno,2015,10,5,20.62,13.6
53.3686185504856,18.4165402756427,Chelmno,2015,10,6,20.66,13.4
53.3686185504856,18.4165402756427,Chelmno,2015,10,7,20.68,13.4
53.3686185504856,18.4165402756427,Chelmno,2015,10,8,20.66,11.6
53.3686185504856,18.4165402756427,Chelmno,2015,10,9,20.67,9.9
53.3686185504856,18.4165402756427,Chelmno,2015,10,10,20.66,9.3
53.3686185504856,18.4165402756427,Chelmno,2015,10,11,20.66,8.9
53.3686185504856,18.4165402756427,Chelmno,2015,10,12,20.65,9.3
53.3686185504856,18.4165402756427,Chelmno,2015,10,13,20.55,9.7
53.3686185504856,18.4165402756427,Chelmno,2015,10,14,20.52,10.5
53.3686185504856,18.4165402756427,Chelmno,2015,10,15,20.52,11.0
53.3686185504856,18.4165402756427,Chelmno,2015,10,16,20.54,11.0
53.3686185504856,18.4165402756427,Chelmno,2015,10,17,20.52,11.6
53.3686185504856,18.4165402756427,Chelmno,2015,10,18,20.54,12.0
53.3686185504856,18.4165402756427,Chelmno,2015,10,19,20.57,11.8
53.3686185504856,18.4165402756427,Chelmno,2015,10,20,20.57,11.8
53.3686185504856,18.4165402756427,Chelmno,2015,10,21,20.67,11.4
53.3686185504856,18.4165402756427,Chelmno,2015,10,22,20.82,11.0
53.3686185504856,18.4165402756427,Chelmno,2015,10,23,20.96,11.6
53.3686185504856,18.4165402756427,Chelmno,2015,10,24,20.86,12.4
53.3686185504856,18.4165402756427,Chelmno,2015,10,25,20.69,11.4
53.3686185504856,18.4165402756427,Chelmno,2015,10,26,20.81,10.6
53.3686185504856,18.4165402756427,Chelmno,2015,10,27,20.86,9.5
53.3686185504856,18.4165402756427,Chelmno,2015,10,28,20.88,8.3
53.3686185504856,18.4165402756427,Chelmno,2015,10,29,20.99,8.5
53.3686185504856,18.4165402756427,Chelmno,2015,10,30,21.1,8.5
53.3686185504856,18.4165402756427,Chelmno,2015,10,31,21.12,8.3
53.3686185504856,18.4165402756427,Chelmno,2015,11,1,20.92,8.3
53.3686185504856,18.4165402756427,Chelmno,2015,11,2,20.69,8.7
53.3686185504856,18.4165402756427,Chelmno,2015,11,3,20.71,9.1
53.3686185504856,18.4165402756427,Chelmno,2015,11,4,20.78,9.5
53.3686185504856,18.4165402756427,Chelmno,2015,11,5,20.74,9.7
53.3686185504856,18.4165402756427,Chelmno,2015,11,6,20.74,10.1
53.3686185504856,18.4165402756427,Chelmno,2015,11,7,20.79,10.3
53.3686185504856,18.4165402756427,Chelmno,2015,11,8,20.72,10.6
53.3686185504856,18.4165402756427,Chelmno,2015,11,9,20.75,11.0
53.3686185504856,18.4165402756427,Chelmno,2015,11,10,20.8,12.4
53.3686185504856,18.4165402756427,Chelmno,2015,11,11,20.73,13.0
53.3686185504856,18.4165402756427,Chelmno,2015,11,12,20.7,12.0
53.3686185504856,18.4165402756427,Chelmno,2015,11,13,20.79,11.0
53.3686185504856,18.4165402756427,Chelmno,2015,11,14,20.82,10.3
53.3686185504856,18.4165402756427,Chelmno,2015,11,15,20.78,9.7
53.3686185504856,18.4165402756427,Chelmno,2015,11,16,20.79,9.1
53.3686185504856,18.4165402756427,Chelmno,2015,11,17,20.82,9.5
53.3686185504856,18.4165402756427,Chelmno,2015,11,18,20.86,10.1
53.3686185504856,18.4165402756427,Chelmno,2015,11,19,20.94,10.1
53.3686185504856,18.4165402756427,Chelmno,2015,11,20,20.98,10.3
53.3686185504856,18.4165402756427,Chelmno,2015,11,21,20.99,9.4
53.3686185504856,18.4165402756427,Chelmno,2015,11,22,20.98,9.1
53.3686185504856,18.4165402756427,Chelmno,2015,11,23,20.95,7.1
53.3686185504856,18.4165402756427,Chelmno,2015,11,24,21.0,6.9
53.3686185504856,18.4165402756427,Chelmno,2015,11,25,21.13,6.3
53.3686185504856,18.4165402756427,Chelmno,2015,11,26,21.26,7.3
53.3686185504856,18.4165402756427,Chelmno,2015,11,27,21.52,8.1
53.3686185504856,18.4165402756427,Chelmno,2015,11,28,21.55,7.7
53.3686185504856,18.4165402756427,Chelmno,2015,11,29,21.87,7.3
53.3686185504856,18.4165402756427,Chelmno,2015,11,30,21.62,6.5
53.3686185504856,18.4165402756427,Chelmno,2016,5,1,21.77,10.8
53.3686185504856,18.4165402756427,Chelmno,2016,5,2,21.78,11.7
53.3686185504856,18.4165402756427,Chelmno,2016,5,3,21.82,12.2
53.3686185504856,18.4165402756427,Chelmno,2016,5,4,21.89,12.8
53.3686185504856,18.4165402756427,Chelmno,2016,5,5,21.94,13.4
53.3686185504856,18.4165402756427,Chelmno,2016,5,6,21.95,13.8
53.3686185504856,18.4165402756427,Chelmno,2016,5,7,21.93,14.2
53.3686185504856,18.4165402756427,Chelmno,2016,5,8,21.92,15.0
53.3686185504856,18.4165402756427,Chelmno,2016,5,9,21.89,16.1
53.3686185504856,18.4165402756427,Chelmno,2016,5,10,21.85,16.9
53.3686185504856,18.4165402756427,Chelmno,2016,5,11,21.65,17.1
53.3686185504856,18.4165402756427,Chelmno,2016,5,12,21.59,16.7
53.3686185504856,18.4165402756427,Chelmno,2016,5,13,21.62,16.3
53.3686185504856,18.4165402756427,Chelmno,2016,5,14,21.65,15.9
53.3686185504856,18.4165402756427,Chelmno,2016,5,15,21.57,15.2
53.3686185504856,18.4165402756427,Chelmno,2016,5,16,21.53,14.4
53.3686185504856,18.4165402756427,Chelmno,2016,5,17,21.5,13.4
53.3686185504856,18.4165402756427,Chelmno,2016,5,18,21.47,14.6
53.3686185504856,18.4165402756427,Chelmno,2016,5,19,21.52,15.0
53.3686185504856,18.4165402756427,Chelmno,2016,5,20,21.73,15.4
53.3686185504856,18.4165402756427,Chelmno,2016,5,21,21.99,16.1
53.3686185504856,18.4165402756427,Chelmno,2016,5,22,22.07,17.3
53.3686185504856,18.4165402756427,Chelmno,2016,5,23,21.95,18.5
53.3686185504856,18.4165402756427,Chelmno,2016,5,24,21.84,18.3
53.3686185504856,18.4165402756427,Chelmno,2016,5,25,21.72,18.1
53.3686185504856,18.4165402756427,Chelmno,2016,5,26,21.67,17.9
53.3686185504856,18.4165402756427,Chelmno,2016,5,27,21.66,18.3
53.3686185504856,18.4165402756427,Chelmno,2016,5,28,21.61,18.5
53.3686185504856,18.4165402756427,Chelmno,2016,5,29,21.49,19.1
53.3686185504856,18.4165402756427,Chelmno,2016,5,30,21.3,19.5
53.3686185504856,18.4165402756427,Chelmno,2016,5,31,21.3,19.9
53.3686185504856,18.4165402756427,Chelmno,2016,6,1,21.32,20.5
53.3686185504856,18.4165402756427,Chelmno,2016,6,2,21.27,20.5
53.3686185504856,18.4165402756427,Chelmno,2016,6,3,21.25,20.7
53.3686185504856,18.4165402756427,Chelmno,2016,6,4,21.24,20.7
53.3686185504856,18.4165402756427,Chelmno,2016,6,5,21.15,19.5
53.3686185504856,18.4165402756427,Chelmno,2016,6,6,21.13,18.7
53.3686185504856,18.4165402756427,Chelmno,2016,6,7,21.25,17.9
53.3686185504856,18.4165402756427,Chelmno,2016,6,8,21.34,16.7
53.3686185504856,18.4165402756427,Chelmno,2016,6,9,21.37,16.9
53.3686185504856,18.4165402756427,Chelmno,2016,6,10,21.37,16.7
53.3686185504856,18.4165402756427,Chelmno,2016,6,11,21.25,16.7
53.3686185504856,18.4165402756427,Chelmno,2016,6,12,21.11,16.9
53.3686185504856,18.4165402756427,Chelmno,2016,6,13,21.01,17.1
53.3686185504856,18.4165402756427,Chelmno,2016,6,14,20.95,17.7
53.3686185504856,18.4165402756427,Chelmno,2016,6,15,20.94,18.1
53.3686185504856,18.4165402756427,Chelmno,2016,6,16,20.91,19.5
53.3686185504856,18.4165402756427,Chelmno,2016,6,17,20.87,18.7
53.3686185504856,18.4165402756427,Chelmno,2016,6,18,20.8,19.1
53.3686185504856,18.4165402756427,Chelmno,2016,6,19,20.82,19.1
53.3686185504856,18.4165402756427,Chelmno,2016,6,20,20.84,19.3
53.3686185504856,18.4165402756427,Chelmno,2016,6,21,20.85,19.7
53.3686185504856,18.4165402756427,Chelmno,2016,6,22,20.84,20.3
53.3686185504856,18.4165402756427,Chelmno,2016,6,23,20.89,20.5
53.3686185504856,18.4165402756427,Chelmno,2016,6,24,20.96,21.1
53.3686185504856,18.4165402756427,Chelmno,2016,6,25,20.89,21.3
53.3686185504856,18.4165402756427,Chelmno,2016,6,26,20.8,21.1
53.3686185504856,18.4165402756427,Chelmno,2016,6,27,20.78,20.9
53.3686185504856,18.4165402756427,Chelmno,2016,6,28,20.77,20.7
53.3686185504856,18.4165402756427,Chelmno,2016,6,29,20.78,20.7
53.3686185504856,18.4165402756427,Chelmno,2016,6,30,20.78,20.5
53.3686185504856,18.4165402756427,Chelmno,2016,7,1,20.78,20.1
53.3686185504856,18.4165402756427,Chelmno,2016,7,2,20.79,19.9
53.3686185504856,18.4165402756427,Chelmno,2016,7,3,20.77,19.5
53.3686185504856,18.4165402756427,Chelmno,2016,7,4,20.75,19.1
53.3686185504856,18.4165402756427,Chelmno,2016,7,5,20.72,17.9
53.3686185504856,18.4165402756427,Chelmno,2016,7,6,20.7,17.1
53.3686185504856,18.4165402756427,Chelmno,2016,7,7,20.66,16.5
53.3686185504856,18.4165402756427,Chelmno,2016,7,8,20.67,17.1
53.3686185504856,18.4165402756427,Chelmno,2016,7,9,20.67,17.9
53.3686185504856,18.4165402756427,Chelmno,2016,7,10,20.66,18.7
53.3686185504856,18.4165402756427,Chelmno,2016,7,11,20.67,20.1
53.3686185504856,18.4165402756427,Chelmno,2016,7,12,20.71,20.1
53.3686185504856,18.4165402756427,Chelmno,2016,7,13,20.67,20.3
53.3686185504856,18.4165402756427,Chelmno,2016,7,14,20.68,20.5
53.3686185504856,18.4165402756427,Chelmno,2016,7,15,20.89,20.3
53.3686185504856,18.4165402756427,Chelmno,2016,7,16,21.07,19.9
53.3686185504856,18.4165402756427,Chelmno,2016,7,17,20.99,19.7
53.3686185504856,18.4165402756427,Chelmno,2016,7,18,20.92,19.5
53.3686185504856,18.4165402756427,Chelmno,2016,7,19,20.83,19.5
53.3686185504856,18.4165402756427,Chelmno,2016,7,20,20.81,19.7
53.3686185504856,18.4165402756427,Chelmno,2016,7,21,20.79,19.9
53.3686185504856,18.4165402756427,Chelmno,2016,7,22,21.0,19.9
53.3686185504856,18.4165402756427,Chelmno,2016,7,23,21.18,20.3
53.3686185504856,18.4165402756427,Chelmno,2016,7,24,21.49,20.5
53.3686185504856,18.4165402756427,Chelmno,2016,7,25,21.69,20.9
53.3686185504856,18.4165402756427,Chelmno,2016,7,26,21.73,21.1
53.3686185504856,18.4165402756427,Chelmno,2016,7,27,21.52,20.9
53.3686185504856,18.4165402756427,Chelmno,2016,7,28,21.14,20.7
53.3686185504856,18.4165402756427,Chelmno,2016,7,29,20.98,20.9
53.3686185504856,18.4165402756427,Chelmno,2016,7,30,21.04,20.9
53.3686185504856,18.4165402756427,Chelmno,2016,7,31,21.06,20.7
53.3686185504856,18.4165402756427,Chelmno,2016,8,1,21.0,20.5
53.3686185504856,18.4165402756427,Chelmno,2016,8,2,21.02,20.3
53.3686185504856,18.4165402756427,Chelmno,2016,8,3,21.11,20.1
53.3686185504856,18.4165402756427,Chelmno,2016,8,4,21.23,20.1
53.3686185504856,18.4165402756427,Chelmno,2016,8,5,21.49,19.7
53.3686185504856,18.4165402756427,Chelmno,2016,8,6,21.57,19.3
53.3686185504856,18.4165402756427,Chelmno,2016,8,7,21.38,19.1
53.3686185504856,18.4165402756427,Chelmno,2016,8,8,21.36,18.5
53.3686185504856,18.4165402756427,Chelmno,2016,8,9,21.44,18.1
53.3686185504856,18.4165402756427,Chelmno,2016,8,10,21.31,17.7
53.3686185504856,18.4165402756427,Chelmno,2016,8,11,21.18,17.7
53.3686185504856,18.4165402756427,Chelmno,2016,8,12,21.11,17.9
53.3686185504856,18.4165402756427,Chelmno,2016,8,13,21.07,18.1
53.3686185504856,18.4165402756427,Chelmno,2016,8,14,21.04,18.3
53.3686185504856,18.4165402756427,Chelmno,2016,8,15,21.01,18.3
53.3686185504856,18.4165402756427,Chelmno,2016,8,16,20.99,17.9
53.3686185504856,18.4165402756427,Chelmno,2016,8,17,20.99,17.5
53.3686185504856,18.4165402756427,Chelmno,2016,8,18,21.01,16.9
53.3686185504856,18.4165402756427,Chelmno,2016,8,19,21.25,15.9
53.3686185504856,18.4165402756427,Chelmno,2016,8,20,21.32,16.3
53.3686185504856,18.4165402756427,Chelmno,2016,8,21,21.16,16.9
53.3686185504856,18.4165402756427,Chelmno,2016,8,22,20.98,17.3
53.3686185504856,18.4165402756427,Chelmno,2016,8,23,20.95,17.7
53.3686185504856,18.4165402756427,Chelmno,2016,8,24,21.04,17.9
53.3686185504856,18.4165402756427,Chelmno,2016,8,25,21.02,18.3
53.3686185504856,18.4165402756427,Chelmno,2016,8,26,20.99,18.7
53.3686185504856,18.4165402756427,Chelmno,2016,8,27,20.92,18.9
53.3686185504856,18.4165402756427,Chelmno,2016,8,28,20.85,18.5
53.3686185504856,18.4165402756427,Chelmno,2016,8,29,20.84,18.3
53.3686185504856,18.4165402756427,Chelmno,2016,8,30,20.9,17.9
53.3686185504856,18.4165402756427,Chelmno,2016,8,31,20.95,17.7
53.3686185504856,18.4165402756427,Chelmno,2016,9,1,20.94,17.7
53.3686185504856,18.4165402756427,Chelmno,2016,9,2,20.91,17.9
53.3686185504856,18.4165402756427,Chelmno,2016,9,3,20.86,17.9
53.3686185504856,18.4165402756427,Chelmno,2016,9,4,20.78,18.1
53.3686185504856,18.4165402756427,Chelmno,2016,9,5,20.72,18.1
53.3686185504856,18.4165402756427,Chelmno,2016,9,6,20.73,17.7
53.3686185504856,18.4165402756427,Chelmno,2016,9,7,20.74,17.5
53.3686185504856,18.4165402756427,Chelmno,2016,9,8,20.73,17.1
53.3686185504856,18.4165402756427,Chelmno,2016,9,9,20.72,17.5
53.3686185504856,18.4165402756427,Chelmno,2016,9,10,20.71,17.9
53.3686185504856,18.4165402756427,Chelmno,2016,9,11,20.66,18.5
53.3686185504856,18.4165402756427,Chelmno,2016,9,12,20.69,18.9
53.3686185504856,18.4165402756427,Chelmno,2016,9,13,20.77,18.1
53.3686185504856,18.4165402756427,Chelmno,2016,9,14,20.85,17.3
53.3686185504856,18.4165402756427,Chelmno,2016,9,15,21.06,16.3
53.3686185504856,18.4165402756427,Chelmno,2016,9,16,20.98,15.6
53.3686185504856,18.4165402756427,Chelmno,2016,9,17,20.85,15.0
53.3686185504856,18.4165402756427,Chelmno,2016,9,18,20.71,14.6
53.3686185504856,18.4165402756427,Chelmno,2016,9,19,20.65,14.0
53.3686185504856,18.4165402756427,Chelmno,2016,9,20,20.65,14.6
53.3686185504856,18.4165402756427,Chelmno,2016,9,21,20.6,15.0
53.3686185504856,18.4165402756427,Chelmno,2016,9,22,20.5,15.4
53.3686185504856,18.4165402756427,Chelmno,2016,9,23,20.49,15.0
53.3686185504856,18.4165402756427,Chelmno,2016,9,24,20.5,14.8
53.3686185504856,18.4165402756427,Chelmno,2016,9,25,20.51,14.6
53.3686185504856,18.4165402756427,Chelmno,2016,9,26,20.54,14.2
53.3686185504856,18.4165402756427,Chelmno,2016,9,27,20.6,14.0
53.3686185504856,18.4165402756427,Chelmno,2016,9,28,20.62,14.8
53.3686185504856,18.4165402756427,Chelmno,2016,9,29,20.61,15.4
53.3686185504856,18.4165402756427,Chelmno,2016,9,30,20.53,15.9
53.3686185504856,18.4165402756427,Chelmno,2016,10,1,20.52,15.2
53.3686185504856,18.4165402756427,Chelmno,2016,10,2,20.52,14.8
53.3686185504856,18.4165402756427,Chelmno,2016,10,3,20.55,14.2
53.3686185504856,18.4165402756427,Chelmno,2016,10,4,20.62,13.6
53.3686185504856,18.4165402756427,Chelmno,2016,10,5,20.65,12.8
53.3686185504856,18.4165402756427,Chelmno,2016,10,6,20.7,12.2
53.3686185504856,18.4165402756427,Chelmno,2016,10,7,20.71,11.8
53.3686185504856,18.4165402756427,Chelmno,2016,10,8,20.7,11.4
53.3686185504856,18.4165402756427,Chelmno,2016,10,9,20.9,11.0
53.3686185504856,18.4165402756427,Chelmno,2016,10,10,21.55,10.8
53.3686185504856,18.4165402756427,Chelmno,2016,10,11,22.0,10.6
53.3686185504856,18.4165402756427,Chelmno,2016,10,12,22.34,10.3
53.3686185504856,18.4165402756427,Chelmno,2016,10,13,22.29,10.1
53.3686185504856,18.4165402756427,Chelmno,2016,10,14,22.33,9.7
53.3686185504856,18.4165402756427,Chelmno,2016,10,15,21.89,9.9
53.3686185504856,18.4165402756427,Chelmno,2016,10,16,21.89,10.1
53.3686185504856,18.4165402756427,Chelmno,2016,10,17,21.83,10.1
53.3686185504856,18.4165402756427,Chelmno,2016,10,18,21.73,10.3
53.3686185504856,18.4165402756427,Chelmno,2016,10,19,21.65,10.5
53.3686185504856,18.4165402756427,Chelmno,2016,10,20,21.74,10.6
53.3686185504856,18.4165402756427,Chelmno,2016,10,21,21.8,10.6
53.3686185504856,18.4165402756427,Chelmno,2016,10,22,21.63,10.5
53.3686185504856,18.4165402756427,Chelmno,2016,10,23,21.5,10.3
53.3686185504856,18.4165402756427,Chelmno,2016,10,24,21.64,10.5
53.3686185504856,18.4165402756427,Chelmno,2016,10,25,21.69,10.5
53.3686185504856,18.4165402756427,Chelmno,2016,10,26,21.66,10.3
53.3686185504856,18.4165402756427,Chelmno,2016,10,27,21.84,10.3
53.3686185504856,18.4165402756427,Chelmno,2016,10,28,22.11,10.1
53.3686185504856,18.4165402756427,Chelmno,2016,10,29,22.13,9.9
53.3686185504856,18.4165402756427,Chelmno,2016,10,30,22.03,9.7
53.3686185504856,18.4165402756427,Chelmno,2016,10,31,21.99,9.5
53.3686185504856,18.4165402756427,Chelmno,2016,11,1,22.09,9.3
53.3686185504856,18.4165402756427,Chelmno,2016,11,2,22.05,9.1
53.3686185504856,18.4165402756427,Chelmno,2016,11,3,21.88,9.1
53.3686185504856,18.4165402756427,Chelmno,2016,11,4,21.69,8.9
53.3686185504856,18.4165402756427,Chelmno,2016,11,5,21.85,8.9
53.3686185504856,18.4165402756427,Chelmno,2016,11,6,22.06,8.7
53.3686185504856,18.4165402756427,Chelmno,2016,11,7,21.65,8.7
53.3686185504856,18.4165402756427,Chelmno,2016,11,8,21.74,7.7
53.3686185504856,18.4165402756427,Chelmno,2016,11,9,21.83,7.1
53.3686185504856,18.4165402756427,Chelmno,2016,11,10,21.85,6.3
53.3686185504856,18.4165402756427,Chelmno,2016,11,11,21.83,5.9
53.3686185504856,18.4165402756427,Chelmno,2016,11,12,21.81,5.3
53.3686185504856,18.4165402756427,Chelmno,2016,11,13,22.02,4.7
53.3686185504856,18.4165402756427,Chelmno,2016,11,14,22.38,4.1
53.3686185504856,18.4165402756427,Chelmno,2016,11,15,22.46,4.5
53.3686185504856,18.4165402756427,Chelmno,2016,11,16,22.32,5.1
53.3686185504856,18.4165402756427,Chelmno,2016,11,17,22.23,5.5
53.3686185504856,18.4165402756427,Chelmno,2016,11,18,22.15,5.9
53.3686185504856,18.4165402756427,Chelmno,2016,11,19,21.99,6.3
53.3686185504856,18.4165402756427,Chelmno,2016,11,20,21.91,6.9
53.3686185504856,18.4165402756427,Chelmno,2016,11,21,21.95,7.5
53.3686185504856,18.4165402756427,Chelmno,2016,11,22,21.98,8.1
53.3686185504856,18.4165402756427,Chelmno,2016,11,23,22.01,7.9
53.3686185504856,18.4165402756427,Chelmno,2016,11,24,22.02,7.5
53.3686185504856,18.4165402756427,Chelmno,2016,11,25,22.11,7.3
53.3686185504856,18.4165402756427,Chelmno,2016,11,26,22.16,6.9
53.3686185504856,18.4165402756427,Chelmno,2016,11,27,22.34,6.5
53.3686185504856,18.4165402756427,Chelmno,2016,11,28,22.45,6.1
53.3686185504856,18.4165402756427,Chelmno,2016,11,29,22.35,5.7
53.3686185504856,18.4165402756427,Chelmno,2016,11,30,21.93,5.1
53.3686185504856,18.4165402756427,Chelmno,2017,5,1,22.5,10.1
53.3686185504856,18.4165402756427,Chelmno,2017,5,2,22.64,10.5
53.3686185504856,18.4165402756427,Chelmno,2017,5,3,22.99,10.8
53.3686185504856,18.4165402756427,Chelmno,2017,5,4,23.33,10.6
53.3686185504856,18.4165402756427,Chelmno,2017,5,5,23.68,10.8
53.3686185504856,18.4165402756427,Chelmno,2017,5,6,23.87,11.0
53.3686185504856,18.4165402756427,Chelmno,2017,5,7,23.74,11.0
53.3686185504856,18.4165402756427,Chelmno,2017,5,8,23.49,11.2
53.3686185504856,18.4165402756427,Chelmno,2017,5,9,23.55,11.0
53.3686185504856,18.4165402756427,Chelmno,2017,5,10,23.7,10.8
53.3686185504856,18.4165402756427,Chelmno,2017,5,11,23.81,10.8
53.3686185504856,18.4165402756427,Chelmno,2017,5,12,23.82,11.0
53.3686185504856,18.4165402756427,Chelmno,2017,5,13,23.74,11.4
53.3686185504856,18.4165402756427,Chelmno,2017,5,14,23.52,11.8
53.3686185504856,18.4165402756427,Chelmno,2017,5,15,23.31,12.4
53.3686185504856,18.4165402756427,Chelmno,2017,5,16,23.1,13.0
53.3686185504856,18.4165402756427,Chelmno,2017,5,17,23.0,14.6
53.3686185504856,18.4165402756427,Chelmno,2017,5,18,22.87,14.4
53.3686185504856,18.4165402756427,Chelmno,2017,5,19,22.78,14.8
53.3686185504856,18.4165402756427,Chelmno,2017,5,20,22.66,15.2
53.3686185504856,18.4165402756427,Chelmno,2017,5,21,22.53,15.6
53.3686185504856,18.4165402756427,Chelmno,2017,5,22,22.45,15.8
53.3686185504856,18.4165402756427,Chelmno,2017,5,23,22.41,15.4
53.3686185504856,18.4165402756427,Chelmno,2017,5,24,22.33,15.0
53.3686185504856,18.4165402756427,Chelmno,2017,5,25,22.23,14.6
53.3686185504856,18.4165402756427,Chelmno,2017,5,26,22.13,14.2
53.3686185504856,18.4165402756427,Chelmno,2017,5,27,22.08,14.8
53.3686185504856,18.4165402756427,Chelmno,2017,5,28,21.93,15.6
53.3686185504856,18.4165402756427,Chelmno,2017,5,29,21.89,16.1
53.3686185504856,18.4165402756427,Chelmno,2017,5,30,21.93,16.7
53.3686185504856,18.4165402756427,Chelmno,2017,5,31,22.01,17.3
53.3686185504856,18.4165402756427,Chelmno,2017,6,1,21.9,16.9
53.3686185504856,18.4165402756427,Chelmno,2017,6,2,21.8,16.5
53.3686185504856,18.4165402756427,Chelmno,2017,6,3,21.74,16.1
53.3686185504856,18.4165402756427,Chelmno,2017,6,4,21.45,15.8
53.3686185504856,18.4165402756427,Chelmno,2017,6,5,21.27,15.6
53.3686185504856,18.4165402756427,Chelmno,2017,6,6,21.53,15.9
53.3686185504856,18.4165402756427,Chelmno,2017,6,7,21.65,16.3
53.3686185504856,18.4165402756427,Chelmno,2017,6,8,21.56,16.9
53.3686185504856,18.4165402756427,Chelmno,2017,6,9,21.62,17.5
53.3686185504856,18.4165402756427,Chelmno,2017,6,10,21.6,17.7
53.3686185504856,18.4165402756427,Chelmno,2017,6,11,21.43,17.9
53.3686185504856,18.4165402756427,Chelmno,2017,6,12,21.34,18.1
53.3686185504856,18.4165402756427,Chelmno,2017,6,13,21.39,18.3
53.3686185504856,18.4165402756427,Chelmno,2017,6,14,21.38,18.5
53.3686185504856,18.4165402756427,Chelmno,2017,6,15,21.31,18.7
53.3686185504856,18.4165402756427,Chelmno,2017,6,16,21.22,18.9
53.3686185504856,18.4165402756427,Chelmno,2017,6,17,21.22,18.7
53.3686185504856,18.4165402756427,Chelmno,2017,6,18,21.23,18.5
53.3686185504856,18.4165402756427,Chelmno,2017,6,19,21.21,18.3
53.3686185504856,18.4165402756427,Chelmno,2017,6,20,21.11,17.9
53.3686185504856,18.4165402756427,Chelmno,2017,6,21,21.03,17.7
53.3686185504856,18.4165402756427,Chelmno,2017,6,22,21.07,17.3
53.3686185504856,18.4165402756427,Chelmno,2017,6,23,21.11,17.5
53.3686185504856,18.4165402756427,Chelmno,2017,6,24,21.12,17.7
53.3686185504856,18.4165402756427,Chelmno,2017,6,25,21.05,17.9
53.3686185504856,18.4165402756427,Chelmno,2017,6,26,21.06,18.1
53.3686185504856,18.4165402756427,Chelmno,2017,6,27,21.15,18.5
53.3686185504856,18.4165402756427,Chelmno,2017,6,28,21.14,18.3
53.3686185504856,18.4165402756427,Chelmno,2017,6,29,21.14,18.1
53.3686185504856,18.4165402756427,Chelmno,2017,6,30,21.26,17.9
53.3686185504856,18.4165402756427,Chelmno,2017,7,1,21.31,17.7
53.3686185504856,18.4165402756427,Chelmno,2017,7,2,21.2,17.5
53.3686185504856,18.4165402756427,Chelmno,2017,7,3,21.13,17.7
53.3686185504856,18.4165402756427,Chelmno,2017,7,4,21.07,17.5
53.3686185504856,18.4165402756427,Chelmno,2017,7,5,21.26,17.3
53.3686185504856,18.4165402756427,Chelmno,2017,7,6,21.38,17.7
53.3686185504856,18.4165402756427,Chelmno,2017,7,7,21.31,18.1
53.3686185504856,18.4165402756427,Chelmno,2017,7,8,21.13,18.5
53.3686185504856,18.4165402756427,Chelmno,2017,7,9,21.09,19.1
53.3686185504856,18.4165402756427,Chelmno,2017,7,10,21.16,19.5
53.3686185504856,18.4165402756427,Chelmno,2017,7,11,21.17,19.9
53.3686185504856,18.4165402756427,Chelmno,2017,7,12,21.17,19.5
53.3686185504856,18.4165402756427,Chelmno,2017,7,13,21.21,18.9
53.3686185504856,18.4165402756427,Chelmno,2017,7,14,21.18,18.5
53.3686185504856,18.4165402756427,Chelmno,2017,7,15,21.17,18.1
53.3686185504856,18.4165402756427,Chelmno,2017,7,16,21.17,17.7
53.3686185504856,18.4165402756427,Chelmno,2017,7,17,21.16,17.9
53.3686185504856,18.4165402756427,Chelmno,2017,7,18,21.13,18.1
53.3686185504856,18.4165402756427,Chelmno,2017,7,19,21.12,18.5
53.3686185504856,18.4165402756427,Chelmno,2017,7,20,21.19,18.7
53.3686185504856,18.4165402756427,Chelmno,2017,7,21,21.17,18.9
53.3686185504856,18.4165402756427,Chelmno,2017,7,22,21.08,19.1
53.3686185504856,18.4165402756427,Chelmno,2017,7,23,21.08,18.7
53.3686185504856,18.4165402756427,Chelmno,2017,7,24,21.14,18.3
53.3686185504856,18.4165402756427,Chelmno,2017,7,25,21.18,17.9
53.3686185504856,18.4165402756427,Chelmno,2017,7,26,21.07,17.7
53.3686185504856,18.4165402756427,Chelmno,2017,7,27,20.98,17.5
53.3686185504856,18.4165402756427,Chelmno,2017,7,28,21.05,17.9
53.3686185504856,18.4165402756427,Chelmno,2017,7,29,21.08,18.7
53.3686185504856,18.4165402756427,Chelmno,2017,7,30,21.19,19.7
53.3686185504856,18.4165402756427,Chelmno,2017,7,31,21.19,21.1
53.3686185504856,18.4165402756427,Chelmno,2017,8,1,21.07,20.7
53.3686185504856,18.4165402756427,Chelmno,2017,8,2,21.05,20.5
53.3686185504856,18.4165402756427,Chelmno,2017,8,3,21.13,20.1
53.3686185504856,18.4165402756427,Chelmno,2017,8,4,21.13,20.1
53.3686185504856,18.4165402756427,Chelmno,2017,8,5,21.04,19.9
53.3686185504856,18.4165402756427,Chelmno,2017,8,6,20.92,19.7
53.3686185504856,18.4165402756427,Chelmno,2017,8,7,20.82,19.3
53.3686185504856,18.4165402756427,Chelmno,2017,8,8,20.81,19.1
53.3686185504856,18.4165402756427,Chelmno,2017,8,9,20.85,18.7
53.3686185504856,18.4165402756427,Chelmno,2017,8,10,20.94,18.3
53.3686185504856,18.4165402756427,Chelmno,2017,8,11,20.89,17.9
53.3686185504856,18.4165402756427,Chelmno,2017,8,12,20.82,17.7
53.3686185504856,18.4165402756427,Chelmno,2017,8,13,20.86,17.3
53.3686185504856,18.4165402756427,Chelmno,2017,8,14,20.85,17.1
53.3686185504856,18.4165402756427,Chelmno,2017,8,15,20.84,16.9
53.3686185504856,18.4165402756427,Chelmno,2017,8,16,20.83,17.1
53.3686185504856,18.4165402756427,Chelmno,2017,8,17,20.82,17.3
53.3686185504856,18.4165402756427,Chelmno,2017,8,18,20.8,17.5
53.3686185504856,18.4165402756427,Chelmno,2017,8,19,20.77,17.5
53.3686185504856,18.4165402756427,Chelmno,2017,8,20,20.78,17.7
53.3686185504856,18.4165402756427,Chelmno,2017,8,21,20.79,17.5
53.3686185504856,18.4165402756427,Chelmno,2017,8,22,20.82,17.3
53.3686185504856,18.4165402756427,Chelmno,2017,8,23,20.83,16.9
53.3686185504856,18.4165402756427,Chelmno,2017,8,24,20.83,16.7
53.3686185504856,18.4165402756427,Chelmno,2017,8,25,20.82,16.7
53.3686185504856,18.4165402756427,Chelmno,2017,8,26,20.85,16.5
53.3686185504856,18.4165402756427,Chelmno,2017,8,27,21.13,16.7
53.3686185504856,18.4165402756427,Chelmno,2017,8,28,21.77,16.7
53.3686185504856,18.4165402756427,Chelmno,2017,8,29,21.37,16.9
53.3686185504856,18.4165402756427,Chelmno,2017,8,30,20.97,17.1
53.3686185504856,18.4165402756427,Chelmno,2017,8,31,20.89,17.1
53.3686185504856,18.4165402756427,Chelmno,2017,9,1,20.89,17.0
53.3686185504856,18.4165402756427,Chelmno,2017,9,2,20.89,16.7
53.3686185504856,18.4165402756427,Chelmno,2017,9,3,20.93,16.3
53.3686185504856,18.4165402756427,Chelmno,2017,9,4,20.94,16.2
53.3686185504856,18.4165402756427,Chelmno,2017,9,5,21.01,16.0
53.3686185504856,18.4165402756427,Chelmno,2017,9,6,20.96,15.9
53.3686185504856,18.4165402756427,Chelmno,2017,9,7,20.89,15.9
53.3686185504856,18.4165402756427,Chelmno,2017,9,8,21.0,15.4
53.3686185504856,18.4165402756427,Chelmno,2017,9,9,21.13,15.4
53.3686185504856,18.4165402756427,Chelmno,2017,9,10,21.13,15.3
53.3686185504856,18.4165402756427,Chelmno,2017,9,11,21.16,15.1
53.3686185504856,18.4165402756427,Chelmno,2017,9,12,21.27,14.8
53.3686185504856,18.4165402756427,Chelmno,2017,9,13,21.41,14.2
53.3686185504856,18.4165402756427,Chelmno,2017,9,14,21.53,14.5
53.3686185504856,18.4165402756427,Chelmno,2017,9,15,21.59,14.8
53.3686185504856,18.4165402756427,Chelmno,2017,9,16,21.46,13.0
53.3686185504856,18.4165402756427,Chelmno,2017,9,17,21.28,13.0
53.3686185504856,18.4165402756427,Chelmno,2017,9,18,21.29,12.0
53.3686185504856,18.4165402756427,Chelmno,2017,9,19,21.49,13.3
53.3686185504856,18.4165402756427,Chelmno,2017,9,20,21.71,13.2
53.3686185504856,18.4165402756427,Chelmno,2017,9,21,21.94,13.5
53.3686185504856,18.4165402756427,Chelmno,2017,9,22,22.22,13.6
53.3686185504856,18.4165402756427,Chelmno,2017,9,23,22.13,13.7
53.3686185504856,18.4165402756427,Chelmno,2017,9,24,22.07,13.8
53.3686185504856,18.4165402756427,Chelmno,2017,9,25,22.48,13.6
53.3686185504856,18.4165402756427,Chelmno,2017,9,26,22.71,13.7
53.3686185504856,18.4165402756427,Chelmno,2017,9,27,22.94,14.4
53.3686185504856,18.4165402756427,Chelmno,2017,9,28,23.26,14.0
53.3686185504856,18.4165402756427,Chelmno,2017,9,29,23.55,13.6
53.3686185504856,18.4165402756427,Chelmno,2017,9,30,23.72,13.2
53.3686185504856,18.4165402756427,Chelmno,2017,10,1,23.55,13.2
53.3686185504856,18.4165402756427,Chelmno,2017,10,2,23.09,13.0
53.3686185504856,18.4165402756427,Chelmno,2017,10,3,22.71,13.0
53.3686185504856,18.4165402756427,Chelmno,2017,10,4,22.56,12.8
53.3686185504856,18.4165402756427,Chelmno,2017,10,5,22.52,12.6
53.3686185504856,18.4165402756427,Chelmno,2017,10,6,22.41,12.8
53.3686185504856,18.4165402756427,Chelmno,2017,10,7,22.21,12.6
53.3686185504856,18.4165402756427,Chelmno,2017,10,8,22.29,12.0
53.3686185504856,18.4165402756427,Chelmno,2017,10,9,22.46,11.6
53.3686185504856,18.4165402756427,Chelmno,2017,10,10,22.43,11.2
53.3686185504856,18.4165402756427,Chelmno,2017,10,11,22.39,11.2
53.3686185504856,18.4165402756427,Chelmno,2017,10,12,22.34,11.4
53.3686185504856,18.4165402756427,Chelmno,2017,10,13,22.48,11.2
53.3686185504856,18.4165402756427,Chelmno,2017,10,14,22.52,11.0
53.3686185504856,18.4165402756427,Chelmno,2017,10,15,22.44,11.2
53.3686185504856,18.4165402756427,Chelmno,2017,10,16,22.44,11.4
53.3686185504856,18.4165402756427,Chelmno,2017,10,17,22.55,11.6
53.3686185504856,18.4165402756427,Chelmno,2017,10,18,22.58,11.6
53.3686185504856,18.4165402756427,Chelmno,2017,10,19,22.52,11.8
53.3686185504856,18.4165402756427,Chelmno,2017,10,20,22.31,11.6
53.3686185504856,18.4165402756427,Chelmno,2017,10,21,22.21,11.4
53.3686185504856,18.4165402756427,Chelmno,2017,10,22,22.04,11.2
53.3686185504856,18.4165402756427,Chelmno,2017,10,23,22.02,11.0
53.3686185504856,18.4165402756427,Chelmno,2017,10,24,22.1,10.8
53.3686185504856,18.4165402756427,Chelmno,2017,10,25,22.05,10.6
53.3686185504856,18.4165402756427,Chelmno,2017,10,26,22.01,10.1
53.3686185504856,18.4165402756427,Chelmno,2017,10,27,22.06,9.7
53.3686185504856,18.4165402756427,Chelmno,2017,10,28,22.0,9.3
53.3686185504856,18.4165402756427,Chelmno,2017,10,29,22.22,8.5
53.3686185504856,18.4165402756427,Chelmno,2017,10,30,22.5,8.1
53.3686185504856,18.4165402756427,Chelmno,2017,10,31,22.64,7.7
53.3686185504856,18.4165402756427,Chelmno,2017,11,1,22.67,11.6
53.3686185504856,18.4165402756427,Chelmno,2017,11,2,22.93,11.2
53.3686185504856,18.4165402756427,Chelmno,2017,11,3,23.1,10.8
53.3686185504856,18.4165402756427,Chelmno,2017,11,4,23.14,10.5
53.3686185504856,18.4165402756427,Chelmno,2017,11,5,23.51,10.6
53.3686185504856,18.4165402756427,Chelmno,2017,11,6,23.66,9.7
53.3686185504856,18.4165402756427,Chelmno,2017,11,7,23.52,9.3
53.3686185504856,18.4165402756427,Chelmno,2017,11,8,23.51,8.9
53.3686185504856,18.4165402756427,Chelmno,2017,11,9,23.75,8.5
53.3686185504856,18.4165402756427,Chelmno,2017,11,10,23.74,8.3
53.3686185504856,18.4165402756427,Chelmno,2017,11,11,23.27,7.7
53.3686185504856,18.4165402756427,Chelmno,2017,11,12,23.01,7.5
53.3686185504856,18.4165402756427,Chelmno,2017,11,13,23.0,7.1
53.3686185504856,18.4165402756427,Chelmno,2017,11,14,22.91,6.7
53.3686185504856,18.4165402756427,Chelmno,2017,11,15,22.86,6.3
53.3686185504856,18.4165402756427,Chelmno,2017,11,16,22.83,5.9
53.3686185504856,18.4165402756427,Chelmno,2017,11,17,22.76,5.5
53.3686185504856,18.4165402756427,Chelmno,2017,11,18,22.86,5.1
53.3686185504856,18.4165402756427,Chelmno,2017,11,19,22.79,4.9
53.3686185504856,18.4165402756427,Chelmno,2017,11,20,22.78,4.5
53.3686185504856,18.4165402756427,Chelmno,2017,11,21,22.79,4.1
53.3686185504856,18.4165402756427,Chelmno,2017,11,22,22.76,4.3
53.3686185504856,18.4165402756427,Chelmno,2017,11,23,22.74,4.5
53.3686185504856,18.4165402756427,Chelmno,2017,11,24,22.75,4.9
53.3686185504856,18.4165402756427,Chelmno,2017,11,25,22.76,5.1
53.3686185504856,18.4165402756427,Chelmno,2017,11,26,22.8,5.5
53.3686185504856,18.4165402756427,Chelmno,2017,11,27,22.81,5.3
53.3686185504856,18.4165402756427,Chelmno,2017,11,28,22.75,4.9
53.3686185504856,18.4165402756427,Chelmno,2017,11,29,22.74,4.7
53.3686185504856,18.4165402756427,Chelmno,2017,11,30,22.76,4.5
53.3686185504856,18.4165402756427,Chelmno,2018,5,1,22.13,15.0
53.3686185504856,18.4165402756427,Chelmno,2018,5,2,22.11,15.2
53.3686185504856,18.4165402756427,Chelmno,2018,5,3,22.07,14.8
53.3686185504856,18.4165402756427,Chelmno,2018,5,4,21.86,15.0
53.3686185504856,18.4165402756427,Chelmno,2018,5,5,21.94,14.8
53.3686185504856,18.4165402756427,Chelmno,2018,5,6,21.95,14.6
53.3686185504856,18.4165402756427,Chelmno,2018,5,7,21.87,14.4
53.3686185504856,18.4165402756427,Chelmno,2018,5,8,21.73,14.2
53.3686185504856,18.4165402756427,Chelmno,2018,5,9,21.68,14.0
53.3686185504856,18.4165402756427,Chelmno,2018,5,10,21.66,14.2
53.3686185504856,18.4165402756427,Chelmno,2018,5,11,21.66,14.4
53.3686185504856,18.4165402756427,Chelmno,2018,5,12,21.67,14.2
53.3686185504856,18.4165402756427,Chelmno,2018,5,13,21.48,14.4
53.3686185504856,18.4165402756427,Chelmno,2018,5,14,21.4,14.6
53.3686185504856,18.4165402756427,Chelmno,2018,5,15,21.35,14.8
53.3686185504856,18.4165402756427,Chelmno,2018,5,16,21.43,15.0
53.3686185504856,18.4165402756427,Chelmno,2018,5,17,21.47,15.2
53.3686185504856,18.4165402756427,Chelmno,2018,5,18,21.44,15.4
53.3686185504856,18.4165402756427,Chelmno,2018,5,19,21.39,15.6
53.3686185504856,18.4165402756427,Chelmno,2018,5,20,21.38,16.5
53.3686185504856,18.4165402756427,Chelmno,2018,5,21,21.39,16.1
53.3686185504856,18.4165402756427,Chelmno,2018,5,22,21.45,16.5
53.3686185504856,18.4165402756427,Chelmno,2018,5,23,21.51,16.7
53.3686185504856,18.4165402756427,Chelmno,2018,5,24,21.5,16.9
53.3686185504856,18.4165402756427,Chelmno,2018,5,25,21.41,17.5
53.3686185504856,18.4165402756427,Chelmno,2018,5,26,21.42,17.7
53.3686185504856,18.4165402756427,Chelmno,2018,5,27,22.02,18.1
53.3686185504856,18.4165402756427,Chelmno,2018,5,28,21.37,18.7
53.3686185504856,18.4165402756427,Chelmno,2018,5,29,21.12,19.5
53.3686185504856,18.4165402756427,Chelmno,2018,5,30,21.17,20.3
53.3686185504856,18.4165402756427,Chelmno,2018,5,31,21.32,21.5
53.3686185504856,18.4165402756427,Chelmno,2018,6,1,21.26,21.3
53.3686185504856,18.4165402756427,Chelmno,2018,6,2,21.26,21.1
53.3686185504856,18.4165402756427,Chelmno,2018,6,3,21.23,20.7
53.3686185504856,18.4165402756427,Chelmno,2018,6,4,21.17,20.1
53.3686185504856,18.4165402756427,Chelmno,2018,6,5,21.13,19.5
53.3686185504856,18.4165402756427,Chelmno,2018,6,6,21.03,19.1
53.3686185504856,18.4165402756427,Chelmno,2018,6,7,20.95,18.7
53.3686185504856,18.4165402756427,Chelmno,2018,6,8,20.94,19.1
53.3686185504856,18.4165402756427,Chelmno,2018,6,9,20.92,19.3
53.3686185504856,18.4165402756427,Chelmno,2018,6,10,20.92,19.1
53.3686185504856,18.4165402756427,Chelmno,2018,6,11,20.97,18.9
53.3686185504856,18.4165402756427,Chelmno,2018,6,12,20.97,18.7
53.3686185504856,18.4165402756427,Chelmno,2018,6,13,20.94,18.5
53.3686185504856,18.4165402756427,Chelmno,2018,6,14,20.95,18.7
53.3686185504856,18.4165402756427,Chelmno,2018,6,15,20.85,18.9
53.3686185504856,18.4165402756427,Chelmno,2018,6,16,20.9,18.5
53.3686185504856,18.4165402756427,Chelmno,2018,6,17,21.06,18.7
53.3686185504856,18.4165402756427,Chelmno,2018,6,18,21.12,18.9
53.3686185504856,18.4165402756427,Chelmno,2018,6,19,21.13,19.1
53.3686185504856,18.4165402756427,Chelmno,2018,6,20,20.85,18.9
53.3686185504856,18.4165402756427,Chelmno,2018,6,21,20.75,19.1
53.3686185504856,18.4165402756427,Chelmno,2018,6,22,20.69,19.5
53.3686185504856,18.4165402756427,Chelmno,2018,6,23,20.69,19.9
53.3686185504856,18.4165402756427,Chelmno,2018,6,24,20.76,19.9
53.3686185504856,18.4165402756427,Chelmno,2018,6,25,20.76,19.5
53.3686185504856,18.4165402756427,Chelmno,2018,6,26,20.78,19.3
53.3686185504856,18.4165402756427,Chelmno,2018,6,27,20.74,19.1
53.3686185504856,18.4165402756427,Chelmno,2018,6,28,20.79,18.9
53.3686185504856,18.4165402756427,Chelmno,2018,6,29,20.81,18.7
53.3686185504856,18.4165402756427,Chelmno,2018,6,30,20.81,18.5
53.3686185504856,18.4165402756427,Chelmno,2018,7,1,20.74,18.3
53.3686185504856,18.4165402756427,Chelmno,2018,7,2,20.7,17.9
53.3686185504856,18.4165402756427,Chelmno,2018,7,3,20.73,18.1
53.3686185504856,18.4165402756427,Chelmno,2018,7,4,20.78,18.3
53.3686185504856,18.4165402756427,Chelmno,2018,7,5,20.93,18.7
53.3686185504856,18.4165402756427,Chelmno,2018,7,6,21.11,18.9
53.3686185504856,18.4165402756427,Chelmno,2018,7,7,21.12,19.1
53.3686185504856,18.4165402756427,Chelmno,2018,7,8,21.05,19.5
53.3686185504856,18.4165402756427,Chelmno,2018,7,9,21.0,19.7
53.3686185504856,18.4165402756427,Chelmno,2018,7,10,20.94,19.9
53.3686185504856,18.4165402756427,Chelmno,2018,7,11,20.85,20.3
53.3686185504856,18.4165402756427,Chelmno,2018,7,12,20.88,20.3
53.3686185504856,18.4165402756427,Chelmno,2018,7,13,20.88,20.5
53.3686185504856,18.4165402756427,Chelmno,2018,7,14,20.79,20.7
53.3686185504856,18.4165402756427,Chelmno,2018,7,15,20.75,20.5
53.3686185504856,18.4165402756427,Chelmno,2018,7,16,20.77,20.7
53.3686185504856,18.4165402756427,Chelmno,2018,7,17,20.89,20.9
53.3686185504856,18.4165402756427,Chelmno,2018,7,18,21.06,21.1
53.3686185504856,18.4165402756427,Chelmno,2018,7,19,21.17,21.3
53.3686185504856,18.4165402756427,Chelmno,2018,7,20,21.23,21.5
53.3686185504856,18.4165402756427,Chelmno,2018,7,21,21.13,21.7
53.3686185504856,18.4165402756427,Chelmno,2018,7,22,21.02,21.9
53.3686185504856,18.4165402756427,Chelmno,2018,7,23,21.31,22.3
53.3686185504856,18.4165402756427,Chelmno,2018,7,24,21.34,22.7
53.3686185504856,18.4165402756427,Chelmno,2018,7,25,22.07,22.9
53.3686185504856,18.4165402756427,Chelmno,2018,7,26,22.82,23.3
53.3686185504856,18.4165402756427,Chelmno,2018,7,27,22.95,23.5
53.3686185504856,18.4165402756427,Chelmno,2018,7,28,22.62,23.7
53.3686185504856,18.4165402756427,Chelmno,2018,7,29,22.26,23.9
53.3686185504856,18.4165402756427,Chelmno,2018,7,30,22.08,24.3
53.3686185504856,18.4165402756427,Chelmno,2018,7,31,21.94,24.5
53.3686185504856,18.4165402756427,Chelmno,2018,8,1,21.88,24.1
53.3686185504856,18.4165402756427,Chelmno,2018,8,2,21.77,23.7
53.3686185504856,18.4165402756427,Chelmno,2018,8,3,21.68,23.3
53.3686185504856,18.4165402756427,Chelmno,2018,8,4,21.56,22.9
53.3686185504856,18.4165402756427,Chelmno,2018,8,5,21.57,22.5
53.3686185504856,18.4165402756427,Chelmno,2018,8,6,21.53,22.1
53.3686185504856,18.4165402756427,Chelmno,2018,8,7,21.44,22.1
53.3686185504856,18.4165402756427,Chelmno,2018,8,8,21.37,21.9
53.3686185504856,18.4165402756427,Chelmno,2018,8,9,21.37,21.7
53.3686185504856,18.4165402756427,Chelmno,2018,8,10,21.39,21.7
53.3686185504856,18.4165402756427,Chelmno,2018,8,11,21.18,21.5
53.3686185504856,18.4165402756427,Chelmno,2018,8,12,20.96,21.3
53.3686185504856,18.4165402756427,Chelmno,2018,8,13,20.94,21.1
53.3686185504856,18.4165402756427,Chelmno,2018,8,14,21.13,20.9
53.3686185504856,18.4165402756427,Chelmno,2018,8,15,21.14,20.7
53.3686185504856,18.4165402756427,Chelmno,2018,8,16,20.97,20.7
53.3686185504856,18.4165402756427,Chelmno,2018,8,17,20.95,20.5
53.3686185504856,18.4165402756427,Chelmno,2018,8,18,20.97,20.3
53.3686185504856,18.4165402756427,Chelmno,2018,8,19,21.09,20.3
53.3686185504856,18.4165402756427,Chelmno,2018,8,20,21.14,20.1
53.3686185504856,18.4165402756427,Chelmno,2018,8,21,21.12,19.9
53.3686185504856,18.4165402756427,Chelmno,2018,8,22,20.95,19.9
53.3686185504856,18.4165402756427,Chelmno,2018,8,23,20.99,19.7
53.3686185504856,18.4165402756427,Chelmno,2018,8,24,21.12,19.7
53.3686185504856,18.4165402756427,Chelmno,2018,8,25,21.05,19.9
53.3686185504856,18.4165402756427,Chelmno,2018,8,26,20.96,19.7
53.3686185504856,18.4165402756427,Chelmno,2018,8,27,20.84,19.5
53.3686185504856,18.4165402756427,Chelmno,2018,8,28,20.84,19.5
53.3686185504856,18.4165402756427,Chelmno,2018,8,29,20.87,19.3
53.3686185504856,18.4165402756427,Chelmno,2018,8,30,20.78,19.3
53.3686185504856,18.4165402756427,Chelmno,2018,8,31,20.76,19.3
53.3686185504856,18.4165402756427,Chelmno,2018,9,1,20.8,19.3
53.3686185504856,18.4165402756427,Chelmno,2018,9,2,20.82,19.1
53.3686185504856,18.4165402756427,Chelmno,2018,9,3,20.83,18.9
53.3686185504856,18.4165402756427,Chelmno,2018,9,4,20.82,18.5
53.3686185504856,18.4165402756427,Chelmno,2018,9,5,20.78,18.3
53.3686185504856,18.4165402756427,Chelmno,2018,9,6,20.74,18.1
53.3686185504856,18.4165402756427,Chelmno,2018,9,7,20.71,18.5
53.3686185504856,18.4165402756427,Chelmno,2018,9,8,20.69,18.5
53.3686185504856,18.4165402756427,Chelmno,2018,9,9,20.68,18.3
53.3686185504856,18.4165402756427,Chelmno,2018,9,10,20.68,18.3
53.3686185504856,18.4165402756427,Chelmno,2018,9,11,20.7,18.5
53.3686185504856,18.4165402756427,Chelmno,2018,9,12,20.68,18.5
53.3686185504856,18.4165402756427,Chelmno,2018,9,13,20.71,18.3
53.3686185504856,18.4165402756427,Chelmno,2018,9,14,20.69,18.1
53.3686185504856,18.4165402756427,Chelmno,2018,9,15,20.75,17.9
53.3686185504856,18.4165402756427,Chelmno,2018,9,16,20.78,17.7
53.3686185504856,18.4165402756427,Chelmno,2018,9,17,20.7,17.5
53.3686185504856,18.4165402756427,Chelmno,2018,9,18,20.7,17.3
53.3686185504856,18.4165402756427,Chelmno,2018,9,19,20.69,16.9
53.3686185504856,18.4165402756427,Chelmno,2018,9,20,20.69,16.7
53.3686185504856,18.4165402756427,Chelmno,2018,9,21,20.69,16.3
53.3686185504856,18.4165402756427,Chelmno,2018,9,22,20.68,16.7
53.3686185504856,18.4165402756427,Chelmno,2018,9,23,20.69,15.9
53.3686185504856,18.4165402756427,Chelmno,2018,9,24,20.69,15.7
53.3686185504856,18.4165402756427,Chelmno,2018,9,25,20.66,15.9
53.3686185504856,18.4165402756427,Chelmno,2018,9,26,20.54,15.7
53.3686185504856,18.4165402756427,Chelmno,2018,9,27,20.62,15.3
53.3686185504856,18.4165402756427,Chelmno,2018,9,28,20.68,14.9
53.3686185504856,18.4165402756427,Chelmno,2018,9,29,20.68,14.7
53.3686185504856,18.4165402756427,Chelmno,2018,9,30,20.67,14.5
53.3686185504856,18.4165402756427,Chelmno,2018,10,1,20.65,14.5
53.3686185504856,18.4165402756427,Chelmno,2018,10,2,20.66,14.3
53.3686185504856,18.4165402756427,Chelmno,2018,10,3,20.64,14.3
53.3686185504856,18.4165402756427,Chelmno,2018,10,4,20.66,14.1
53.3686185504856,18.4165402756427,Chelmno,2018,10,5,20.67,14.3
53.3686185504856,18.4165402756427,Chelmno,2018,10,6,20.67,14.1
53.3686185504856,18.4165402756427,Chelmno,2018,10,7,20.66,13.9
53.3686185504856,18.4165402756427,Chelmno,2018,10,8,20.66,13.7
53.3686185504856,18.4165402756427,Chelmno,2018,10,9,20.7,13.7
53.3686185504856,18.4165402756427,Chelmno,2018,10,10,20.7,13.5
53.3686185504856,18.4165402756427,Chelmno,2018,10,11,20.72,13.7
53.3686185504856,18.4165402756427,Chelmno,2018,10,12,20.75,13.5
53.3686185504856,18.4165402756427,Chelmno,2018,10,13,20.72,13.3
53.3686185504856,18.4165402756427,Chelmno,2018,10,14,20.7,13.1
53.3686185504856,18.4165402756427,Chelmno,2018,10,15,20.69,12.9
53.3686185504856,18.4165402756427,Chelmno,2018,10,16,20.68,12.7
53.3686185504856,18.4165402756427,Chelmno,2018,10,17,20.69,12.7
53.3686185504856,18.4165402756427,Chelmno,2018,10,18,20.69,12.9
53.3686185504856,18.4165402756427,Chelmno,2018,10,19,20.69,12.7
53.3686185504856,18.4165402756427,Chelmno,2018,10,20,20.71,12.5
53.3686185504856,18.4165402756427,Chelmno,2018,10,21,20.7,11.9
53.3686185504856,18.4165402756427,Chelmno,2018,10,22,20.63,11.9
53.3686185504856,18.4165402756427,Chelmno,2018,10,23,20.6,11.5
53.3686185504856,18.4165402756427,Chelmno,2018,10,24,20.63,10.9
53.3686185504856,18.4165402756427,Chelmno,2018,10,25,20.63,9.9
53.3686185504856,18.4165402756427,Chelmno,2018,10,26,20.69,10.5
53.3686185504856,18.4165402756427,Chelmno,2018,10,27,20.67,10.7
53.3686185504856,18.4165402756427,Chelmno,2018,10,28,20.64,10.9
53.3686185504856,18.4165402756427,Chelmno,2018,10,29,20.87,11.3
53.3686185504856,18.4165402756427,Chelmno,2018,10,30,20.97,11.5
53.3686185504856,18.4165402756427,Chelmno,2018,10,31,20.77,11.9
53.3686185504856,18.4165402756427,Chelmno,2018,11,1,21.07,11.5
53.3686185504856,18.4165402756427,Chelmno,2018,11,2,20.97,11.3
53.3686185504856,18.4165402756427,Chelmno,2018,11,3,21.12,11.3
53.3686185504856,18.4165402756427,Chelmno,2018,11,4,21.24,10.9
53.3686185504856,18.4165402756427,Chelmno,2018,11,5,21.21,10.7
53.3686185504856,18.4165402756427,Chelmno,2018,11,6,21.08,10.5
53.3686185504856,18.4165402756427,Chelmno,2018,11,7,21.18,10.5
53.3686185504856,18.4165402756427,Chelmno,2018,11,8,21.27,10.3
53.3686185504856,18.4165402756427,Chelmno,2018,11,9,21.17,10.3
53.3686185504856,18.4165402756427,Chelmno,2018,11,10,20.87,10.1
53.3686185504856,18.4165402756427,Chelmno,2018,11,11,20.86,10.1
53.3686185504856,18.4165402756427,Chelmno,2018,11,12,21.04,9.9
53.3686185504856,18.4165402756427,Chelmno,2018,11,13,21.33,9.7
53.3686185504856,18.4165402756427,Chelmno,2018,11,14,21.09,9.5
53.3686185504856,18.4165402756427,Chelmno,2018,11,15,20.77,9.1
53.3686185504856,18.4165402756427,Chelmno,2018,11,16,20.76,8.9
53.3686185504856,18.4165402756427,Chelmno,2018,11,17,20.86,8.3
53.3686185504856,18.4165402756427,Chelmno,2018,11,18,20.96,8.3
53.3686185504856,18.4165402756427,Chelmno,2018,11,19,21.03,8.1
53.3686185504856,18.4165402756427,Chelmno,2018,11,20,21.08,7.9
53.3686185504856,18.4165402756427,Chelmno,2018,11,21,20.98,7.7
53.3686185504856,18.4165402756427,Chelmno,2018,11,22,20.95,7.5
53.3686185504856,18.4165402756427,Chelmno,2018,11,23,20.97,7.5
53.3686185504856,18.4165402756427,Chelmno,2018,11,24,20.92,7.1
53.3686185504856,18.4165402756427,Chelmno,2018,11,25,20.77,6.9
53.3686185504856,18.4165402756427,Chelmno,2018,11,26,20.8,7.3
53.3686185504856,18.4165402756427,Chelmno,2018,11,27,20.91,6.9
53.3686185504856,18.4165402756427,Chelmno,2018,11,28,20.94,6.3
53.3686185504856,18.4165402756427,Chelmno,2018,11,29,20.94,4.9
53.3686185504856,18.4165402756427,Chelmno,2018,11,30,20.92,4.3
53.3686185504856,18.4165402756427,Chelmno,2019,5,1,21.03,12.7
53.3686185504856,18.4165402756427,Chelmno,2019,5,2,21.07,13.2
53.3686185504856,18.4165402756427,Chelmno,2019,5,3,21.17,12.9
53.3686185504856,18.4165402756427,Chelmno,2019,5,4,21.21,13.1
53.3686185504856,18.4165402756427,Chelmno,2019,5,5,21.42,13.3
53.3686185504856,18.4165402756427,Chelmno,2019,5,6,22.0,13.3
53.3686185504856,18.4165402756427,Chelmno,2019,5,7,22.24,13.5
53.3686185504856,18.4165402756427,Chelmno,2019,5,8,22.2,13.7
53.3686185504856,18.4165402756427,Chelmno,2019,5,9,21.96,13.9
53.3686185504856,18.4165402756427,Chelmno,2019,5,10,21.87,14.1
53.3686185504856,18.4165402756427,Chelmno,2019,5,11,21.83,14.3
53.3686185504856,18.4165402756427,Chelmno,2019,5,12,21.9,14.3
53.3686185504856,18.4165402756427,Chelmno,2019,5,13,22.13,14.1
53.3686185504856,18.4165402756427,Chelmno,2019,5,14,22.13,14.3
53.3686185504856,18.4165402756427,Chelmno,2019,5,15,21.9,14.5
53.3686185504856,18.4165402756427,Chelmno,2019,5,16,21.64,14.5
53.3686185504856,18.4165402756427,Chelmno,2019,5,17,21.72,14.7
53.3686185504856,18.4165402756427,Chelmno,2019,5,18,21.79,14.7
53.3686185504856,18.4165402756427,Chelmno,2019,5,19,21.68,14.9
53.3686185504856,18.4165402756427,Chelmno,2019,5,20,21.84,15.1
53.3686185504856,18.4165402756427,Chelmno,2019,5,21,22.58,15.3
53.3686185504856,18.4165402756427,Chelmno,2019,5,22,22.94,15.3
53.3686185504856,18.4165402756427,Chelmno,2019,5,23,22.9,15.5
53.3686185504856,18.4165402756427,Chelmno,2019,5,24,22.92,15.7
53.3686185504856,18.4165402756427,Chelmno,2019,5,25,22.84,15.9
53.3686185504856,18.4165402756427,Chelmno,2019,5,26,22.55,16.1
53.3686185504856,18.4165402756427,Chelmno,2019,5,27,22.85,16.1
53.3686185504856,18.4165402756427,Chelmno,2019,5,28,23.41,16.3
53.3686185504856,18.4165402756427,Chelmno,2019,5,29,23.98,16.5
53.3686185504856,18.4165402756427,Chelmno,2019,5,30,24.71,16.7
53.3686185504856,18.4165402756427,Chelmno,2019,5,31,25.1,16.9
53.3686185504856,18.4165402756427,Chelmno,2019,6,1,25.08,17.3
53.3686185504856,18.4165402756427,Chelmno,2019,6,2,24.5,17.7
53.3686185504856,18.4165402756427,Chelmno,2019,6,3,23.76,17.9
53.3686185504856,18.4165402756427,Chelmno,2019,6,4,23.14,18.3
53.3686185504856,18.4165402756427,Chelmno,2019,6,5,22.97,18.7
53.3686185504856,18.4165402756427,Chelmno,2019,6,6,23.03,19.1
53.3686185504856,18.4165402756427,Chelmno,2019,6,7,22.95,19.5
53.3686185504856,18.4165402756427,Chelmno,2019,6,8,22.53,19.7
53.3686185504856,18.4165402756427,Chelmno,2019,6,9,22.15,20.1
53.3686185504856,18.4165402756427,Chelmno,2019,6,10,22.03,20.5
53.3686185504856,18.4165402756427,Chelmno,2019,6,11,22.09,20.9
53.3686185504856,18.4165402756427,Chelmno,2019,6,12,22.0,20.9
53.3686185504856,18.4165402756427,Chelmno,2019,6,13,21.83,21.1
53.3686185504856,18.4165402756427,Chelmno,2019,6,14,21.82,21.3
53.3686185504856,18.4165402756427,Chelmno,2019,6,15,21.71,21.1
53.3686185504856,18.4165402756427,Chelmno,2019,6,16,21.64,21.3
53.3686185504856,18.4165402756427,Chelmno,2019,6,17,21.54,21.5
53.3686185504856,18.4165402756427,Chelmno,2019,6,18,21.48,21.3
53.3686185504856,18.4165402756427,Chelmno,2019,6,19,21.51,21.7
53.3686185504856,18.4165402756427,Chelmno,2019,6,20,21.43,21.5
53.3686185504856,18.4165402756427,Chelmno,2019,6,21,21.44,21.5
53.3686185504856,18.4165402756427,Chelmno,2019,6,22,21.4,21.3
53.3686185504856,18.4165402756427,Chelmno,2019,6,23,21.31,21.5
53.3686185504856,18.4165402756427,Chelmno,2019,6,24,21.3,21.3
53.3686185504856,18.4165402756427,Chelmno,2019,6,25,21.3,21.1
53.3686185504856,18.4165402756427,Chelmno,2019,6,26,21.45,20.9
53.3686185504856,18.4165402756427,Chelmno,2019,6,27,21.44,20.7
53.3686185504856,18.4165402756427,Chelmno,2019,6,28,21.21,20.9
53.3686185504856,18.4165402756427,Chelmno,2019,6,29,21.2,21.1
53.3686185504856,18.4165402756427,Chelmno,2019,6,30,21.18,21.3
53.3686185504856,18.4165402756427,Chelmno,2019,7,1,21.16,23.7
53.3686185504856,18.4165402756427,Chelmno,2019,7,2,21.11,21.5
53.3686185504856,18.4165402756427,Chelmno,2019,7,3,21.0,18.7
53.3686185504856,18.4165402756427,Chelmno,2019,7,4,20.95,17.5
53.3686185504856,18.4165402756427,Chelmno,2019,7,5,20.95,18.3
53.3686185504856,18.4165402756427,Chelmno,2019,7,6,20.89,17.5
53.3686185504856,18.4165402756427,Chelmno,2019,7,7,20.9,17.4
53.3686185504856,18.4165402756427,Chelmno,2019,7,8,21.06,17.5
53.3686185504856,18.4165402756427,Chelmno,2019,7,9,21.03,17.3
53.3686185504856,18.4165402756427,Chelmno,2019,7,10,20.8,17.5
53.3686185504856,18.4165402756427,Chelmno,2019,7,11,20.74,17.0
53.3686185504856,18.4165402756427,Chelmno,2019,7,12,20.76,16.9
53.3686185504856,18.4165402756427,Chelmno,2019,7,13,20.77,18.9
53.3686185504856,18.4165402756427,Chelmno,2019,7,14,20.76,19.4
53.3686185504856,18.4165402756427,Chelmno,2019,7,15,20.7,20.3
53.3686185504856,18.4165402756427,Chelmno,2019,7,16,20.66,18.5
53.3686185504856,18.4165402756427,Chelmno,2019,7,17,20.66,18.8
53.3686185504856,18.4165402756427,Chelmno,2019,7,18,20.65,19.7
53.3686185504856,18.4165402756427,Chelmno,2019,7,19,20.63,21.5
53.3686185504856,18.4165402756427,Chelmno,2019,7,20,20.67,21.2
53.3686185504856,18.4165402756427,Chelmno,2019,7,21,20.64,21.4
53.3686185504856,18.4165402756427,Chelmno,2019,7,22,20.63,21.2
53.3686185504856,18.4165402756427,Chelmno,2019,7,23,20.6,20.9
53.3686185504856,18.4165402756427,Chelmno,2019,7,24,20.64,20.6
53.3686185504856,18.4165402756427,Chelmno,2019,7,25,20.62,21.7
53.3686185504856,18.4165402756427,Chelmno,2019,7,26,20.58,21.6
53.3686185504856,18.4165402756427,Chelmno,2019,7,27,20.58,21.9
53.3686185504856,18.4165402756427,Chelmno,2019,7,28,20.61,23.1
53.3686185504856,18.4165402756427,Chelmno,2019,7,29,20.6,24.3
53.3686185504856,18.4165402756427,Chelmno,2019,7,30,20.66,24.2
53.3686185504856,18.4165402756427,Chelmno,2019,7,31,20.67,22.8
53.3686185504856,18.4165402756427,Chelmno,2019,8,1,20.64,21.3
53.3686185504856,18.4165402756427,Chelmno,2019,8,2,20.63,21.5
53.3686185504856,18.4165402756427,Chelmno,2019,8,3,20.6,19.9
53.3686185504856,18.4165402756427,Chelmno,2019,8,4,20.56,20.3
53.3686185504856,18.4165402756427,Chelmno,2019,8,5,20.51,20.4
53.3686185504856,18.4165402756427,Chelmno,2019,8,6,20.5,21.0
53.3686185504856,18.4165402756427,Chelmno,2019,8,7,20.53,22.9
53.3686185504856,18.4165402756427,Chelmno,2019,8,8,20.54,22.1
53.3686185504856,18.4165402756427,Chelmno,2019,8,9,20.55,21.8
53.3686185504856,18.4165402756427,Chelmno,2019,8,10,20.5,20.3
53.3686185504856,18.4165402756427,Chelmno,2019,8,11,20.55,20.9
53.3686185504856,18.4165402756427,Chelmno,2019,8,12,20.53,21.7
53.3686185504856,18.4165402756427,Chelmno,2019,8,13,20.48,21.9
53.3686185504856,18.4165402756427,Chelmno,2019,8,14,20.49,21.0
53.3686185504856,18.4165402756427,Chelmno,2019,8,15,20.49,20.7
53.3686185504856,18.4165402756427,Chelmno,2019,8,16,20.54,20.5
53.3686185504856,18.4165402756427,Chelmno,2019,8,17,20.64,19.0
53.3686185504856,18.4165402756427,Chelmno,2019,8,18,20.62,20.1
53.3686185504856,18.4165402756427,Chelmno,2019,8,19,20.61,20.9
53.3686185504856,18.4165402756427,Chelmno,2019,8,20,20.62,20.4
53.3686185504856,18.4165402756427,Chelmno,2019,8,21,20.68,20.7
53.3686185504856,18.4165402756427,Chelmno,2019,8,22,21.04,19.9
53.3686185504856,18.4165402756427,Chelmno,2019,8,23,21.44,18.9
53.3686185504856,18.4165402756427,Chelmno,2019,8,24,21.06,19.1
53.3686185504856,18.4165402756427,Chelmno,2019,8,25,20.74,18.9
53.3686185504856,18.4165402756427,Chelmno,2019,8,26,20.75,19.4
53.3686185504856,18.4165402756427,Chelmno,2019,8,27,20.77,21.3
53.3686185504856,18.4165402756427,Chelmno,2019,8,28,20.75,21.5
53.3686185504856,18.4165402756427,Chelmno,2019,8,29,20.78,21.7
53.3686185504856,18.4165402756427,Chelmno,2019,8,30,20.72,22.3
53.3686185504856,18.4165402756427,Chelmno,2019,8,31,20.69,23.0
53.3686185504856,18.4165402756427,Chelmno,2019,9,1,20.67,23.0
53.3686185504856,18.4165402756427,Chelmno,2019,9,2,20.66,22.9
53.3686185504856,18.4165402756427,Chelmno,2019,9,3,20.59,22.4
53.3686185504856,18.4165402756427,Chelmno,2019,9,4,20.55,22.2
53.3686185504856,18.4165402756427,Chelmno,2019,9,5,20.6,21.7
53.3686185504856,18.4165402756427,Chelmno,2019,9,6,20.57,20.7
53.3686185504856,18.4165402756427,Chelmno,2019,9,7,20.54,19.9
53.3686185504856,18.4165402756427,Chelmno,2019,9,8,20.54,17.9
53.3686185504856,18.4165402756427,Chelmno,2019,9,9,20.6,18.2
53.3686185504856,18.4165402756427,Chelmno,2019,9,10,20.66,18.1
53.3686185504856,18.4165402756427,Chelmno,2019,9,11,20.82,17.9
53.3686185504856,18.4165402756427,Chelmno,2019,9,12,20.88,18.1
53.3686185504856,18.4165402756427,Chelmno,2019,9,13,20.81,17.9
53.3686185504856,18.4165402756427,Chelmno,2019,9,14,20.64,17.7
53.3686185504856,18.4165402756427,Chelmno,2019,9,15,20.58,17.5
53.3686185504856,18.4165402756427,Chelmno,2019,9,16,20.56,16.8
53.3686185504856,18.4165402756427,Chelmno,2019,9,17,20.63,16.1
53.3686185504856,18.4165402756427,Chelmno,2019,9,18,20.67,15.9
53.3686185504856,18.4165402756427,Chelmno,2019,9,19,20.56,15.7
53.3686185504856,18.4165402756427,Chelmno,2019,9,20,20.68,15.4
53.3686185504856,18.4165402756427,Chelmno,2019,9,21,20.68,15.2
53.3686185504856,18.4165402756427,Chelmno,2019,9,22,20.58,14.6
53.3686185504856,18.4165402756427,Chelmno,2019,9,23,20.55,13.9
53.3686185504856,18.4165402756427,Chelmno,2019,9,24,20.6,13.7
53.3686185504856,18.4165402756427,Chelmno,2019,9,25,20.59,13.6
53.3686185504856,18.4165402756427,Chelmno,2019,9,26,20.54,13.4
53.3686185504856,18.4165402756427,Chelmno,2019,9,27,20.49,12.8
53.3686185504856,18.4165402756427,Chelmno,2019,9,28,20.48,12.6
53.3686185504856,18.4165402756427,Chelmno,2019,9,29,20.48,12.4
53.3686185504856,18.4165402756427,Chelmno,2019,9,30,20.52,12.2
53.3686185504856,18.4165402756427,Chelmno,2019,10,1,20.6,11.9
53.3686185504856,18.4165402756427,Chelmno,2019,10,2,20.59,12.4
53.3686185504856,18.4165402756427,Chelmno,2019,10,3,20.64,12.2
53.3686185504856,18.4165402756427,Chelmno,2019,10,4,20.62,12.4
53.3686185504856,18.4165402756427,Chelmno,2019,10,5,20.57,12.1
53.3686185504856,18.4165402756427,Chelmno,2019,10,6,20.65,11.7
53.3686185504856,18.4165402756427,Chelmno,2019,10,7,20.6,10.9
53.3686185504856,18.4165402756427,Chelmno,2019,10,8,20.62,10.4
53.3686185504856,18.4165402756427,Chelmno,2019,10,9,20.62,9.9
53.3686185504856,18.4165402756427,Chelmno,2019,10,10,20.69,10.2
53.3686185504856,18.4165402756427,Chelmno,2019,10,11,20.67,10.5
53.3686185504856,18.4165402756427,Chelmno,2019,10,12,20.76,10.7
53.3686185504856,18.4165402756427,Chelmno,2019,10,13,20.82,10.6
53.3686185504856,18.4165402756427,Chelmno,2019,10,14,20.82,10.9
53.3686185504856,18.4165402756427,Chelmno,2019,10,15,20.85,10.7
53.3686185504856,18.4165402756427,Chelmno,2019,10,16,20.86,10.4
53.3686185504856,18.4165402756427,Chelmno,2019,10,17,20.9,10.1
53.3686185504856,18.4165402756427,Chelmno,2019,10,18,20.88,10.7
53.3686185504856,18.4165402756427,Chelmno,2019,10,19,20.89,10.9
53.3686185504856,18.4165402756427,Chelmno,2019,10,20,20.9,11.1
53.3686185504856,18.4165402756427,Chelmno,2019,10,21,20.86,11.4
53.3686185504856,18.4165402756427,Chelmno,2019,10,22,20.82,11.5
53.3686185504856,18.4165402756427,Chelmno,2019,10,23,20.78,11.4
53.3686185504856,18.4165402756427,Chelmno,2019,10,24,20.83,11.6
53.3686185504856,18.4165402756427,Chelmno,2019,10,25,20.82,11.7
53.3686185504856,18.4165402756427,Chelmno,2019,10,26,20.76,11.8
53.3686185504856,18.4165402756427,Chelmno,2019,10,27,20.7,11.9
53.3686185504856,18.4165402756427,Chelmno,2019,10,28,20.68,11.7
53.3686185504856,18.4165402756427,Chelmno,2019,10,29,20.69,11.6
53.3686185504856,18.4165402756427,Chelmno,2019,10,30,20.71,11.6
53.3686185504856,18.4165402756427,Chelmno,2019,10,31,20.67,11.5
53.3686185504856,18.4165402756427,Chelmno,2019,11,1,20.65,10.6
53.3686185504856,18.4165402756427,Chelmno,2019,11,2,20.71,10.4
53.3686185504856,18.4165402756427,Chelmno,2019,11,3,20.71,10.1
53.3686185504856,18.4165402756427,Chelmno,2019,11,4,20.67,10.1
53.3686185504856,18.4165402756427,Chelmno,2019,11,5,20.66,9.9
53.3686185504856,18.4165402756427,Chelmno,2019,11,6,20.65,9.8
53.3686185504856,18.4165402756427,Chelmno,2019,11,7,20.66,9.6
53.3686185504856,18.4165402756427,Chelmno,2019,11,8,20.7,9.7
53.3686185504856,18.4165402756427,Chelmno,2019,11,9,20.75,9.7
53.3686185504856,18.4165402756427,Chelmno,2019,11,10,20.71,9.6
53.3686185504856,18.4165402756427,Chelmno,2019,11,11,20.67,9.5
53.3686185504856,18.4165402756427,Chelmno,2019,11,12,20.65,9.6
53.3686185504856,18.4165402756427,Chelmno,2019,11,13,20.79,9.4
53.3686185504856,18.4165402756427,Chelmno,2019,11,14,20.91,9.4
53.3686185504856,18.4165402756427,Chelmno,2019,11,15,21.07,9.3
53.3686185504856,18.4165402756427,Chelmno,2019,11,16,21.12,9.1
53.3686185504856,18.4165402756427,Chelmno,2019,11,17,21.14,8.9
53.3686185504856,18.4165402756427,Chelmno,2019,11,18,21.08,8.7
53.3686185504856,18.4165402756427,Chelmno,2019,11,19,21.3,8.7
53.3686185504856,18.4165402756427,Chelmno,2019,11,20,21.33,8.6
53.3686185504856,18.4165402756427,Chelmno,2019,11,21,21.25,8.7
53.3686185504856,18.4165402756427,Chelmno,2019,11,22,21.24,8.6
53.3686185504856,18.4165402756427,Chelmno,2019,11,23,21.22,8.5
53.3686185504856,18.4165402756427,Chelmno,2019,11,24,21.09,8.3
53.3686185504856,18.4165402756427,Chelmno,2019,11,25,21.01,8.0
53.3686185504856,18.4165402756427,Chelmno,2019,11,26,20.96,7.7
53.3686185504856,18.4165402756427,Chelmno,2019,11,27,20.93,7.6
53.3686185504856,18.4165402756427,Chelmno,2019,11,28,20.89,7.4
53.3686185504856,18.4165402756427,Chelmno,2019,11,29,20.89,7.2
53.3686185504856,18.4165402756427,Chelmno,2019,11,30,20.93,6.9
53.3686185504856,18.4165402756427,Chelmno,2020,5,1,20.77,13.1
53.3686185504856,18.4165402756427,Chelmno,2020,5,2,20.81,13.4
53.3686185504856,18.4165402756427,Chelmno,2020,5,3,20.76,13.7
53.3686185504856,18.4165402756427,Chelmno,2020,5,4,20.75,13.9
53.3686185504856,18.4165402756427,Chelmno,2020,5,5,20.76,13.8
53.3686185504856,18.4165402756427,Chelmno,2020,5,6,20.81,13.9
53.3686185504856,18.4165402756427,Chelmno,2020,5,7,20.78,13.7
53.3686185504856,18.4165402756427,Chelmno,2020,5,8,20.82,14.1
53.3686185504856,18.4165402756427,Chelmno,2020,5,9,20.98,14.4
53.3686185504856,18.4165402756427,Chelmno,2020,5,10,20.93,14.6
53.3686185504856,18.4165402756427,Chelmno,2020,5,11,20.88,15.1
53.3686185504856,18.4165402756427,Chelmno,2020,5,12,20.85,14.9
53.3686185504856,18.4165402756427,Chelmno,2020,5,13,21.0,15.2
53.3686185504856,18.4165402756427,Chelmno,2020,5,14,21.19,15.2
53.3686185504856,18.4165402756427,Chelmno,2020,5,15,21.28,15.4
53.3686185504856,18.4165402756427,Chelmno,2020,5,16,21.17,15.6
53.3686185504856,18.4165402756427,Chelmno,2020,5,17,21.03,15.5
53.3686185504856,18.4165402756427,Chelmno,2020,5,18,20.96,15.4
53.3686185504856,18.4165402756427,Chelmno,2020,5,19,20.92,15.6
53.3686185504856,18.4165402756427,Chelmno,2020,5,20,20.98,15.7
53.3686185504856,18.4165402756427,Chelmno,2020,5,21,21.1,15.9
53.3686185504856,18.4165402756427,Chelmno,2020,5,22,21.1,15.9
53.3686185504856,18.4165402756427,Chelmno,2020,5,23,21.05,16.2
53.3686185504856,18.4165402756427,Chelmno,2020,5,24,21.11,16.4
53.3686185504856,18.4165402756427,Chelmno,2020,5,25,21.08,16.3
53.3686185504856,18.4165402756427,Chelmno,2020,5,26,21.01,16.5
53.3686185504856,18.4165402756427,Chelmno,2020,5,27,20.96,16.6
53.3686185504856,18.4165402756427,Chelmno,2020,5,28,20.94,16.4
53.3686185504856,18.4165402756427,Chelmno,2020,5,29,20.95,16.5
53.3686185504856,18.4165402756427,Chelmno,2020,5,30,20.92,16.7
53.3686185504856,18.4165402756427,Chelmno,2020,5,31,20.9,16.9
53.3686185504856,18.4165402756427,Chelmno,2020,6,1,20.97,17.0
53.3686185504856,18.4165402756427,Chelmno,2020,6,2,21.04,17.2
53.3686185504856,18.4165402756427,Chelmno,2020,6,3,21.2,17.4
53.3686185504856,18.4165402756427,Chelmno,2020,6,4,21.33,17.2
53.3686185504856,18.4165402756427,Chelmno,2020,6,5,21.36,17.4
53.3686185504856,18.4165402756427,Chelmno,2020,6,6,21.58,17.3
53.3686185504856,18.4165402756427,Chelmno,2020,6,7,22.06,17.5
53.3686185504856,18.4165402756427,Chelmno,2020,6,8,22.37,17.4
53.3686185504856,18.4165402756427,Chelmno,2020,6,9,22.25,17.4
53.3686185504856,18.4165402756427,Chelmno,2020,6,10,22.11,17.5
53.3686185504856,18.4165402756427,Chelmno,2020,6,11,21.82,17.6
53.3686185504856,18.4165402756427,Chelmno,2020,6,12,21.66,17.7
53.3686185504856,18.4165402756427,Chelmno,2020,6,13,21.58,17.9
53.3686185504856,18.4165402756427,Chelmno,2020,6,14,21.56,18.0
53.3686185504856,18.4165402756427,Chelmno,2020,6,15,21.63,18.2
53.3686185504856,18.4165402756427,Chelmno,2020,6,16,21.67,18.4
53.3686185504856,18.4165402756427,Chelmno,2020,6,17,21.54,18.3
53.3686185504856,18.4165402756427,Chelmno,2020,6,18,21.53,18.5
53.3686185504856,18.4165402756427,Chelmno,2020,6,19,21.63,18.8
53.3686185504856,18.4165402756427,Chelmno,2020,6,20,21.57,19.2
53.3686185504856,18.4165402756427,Chelmno,2020,6,21,21.52,19.5
53.3686185504856,18.4165402756427,Chelmno,2020,6,22,21.53,19.8
53.3686185504856,18.4165402756427,Chelmno,2020,6,23,21.55,20.3
53.3686185504856,18.4165402756427,Chelmno,2020,6,24,21.66,20.8
53.3686185504856,18.4165402756427,Chelmno,2020,6,25,22.18,21.7
53.3686185504856,18.4165402756427,Chelmno,2020,6,26,22.76,22.4
53.3686185504856,18.4165402756427,Chelmno,2020,6,27,22.84,23.3
53.3686185504856,18.4165402756427,Chelmno,2020,6,28,23.25,23.2
53.3686185504856,18.4165402756427,Chelmno,2020,6,29,23.75,23.4
53.3686185504856,18.4165402756427,Chelmno,2020,6,30,24.27,23.3
53.3686185504856,18.4165402756427,Chelmno,2020,7,1,24.16,23.6
53.3686185504856,18.4165402756427,Chelmno,2020,7,2,23.76,23.7
53.3686185504856,18.4165402756427,Chelmno,2020,7,3,23.52,23.9
53.3686185504856,18.4165402756427,Chelmno,2020,7,4,23.28,24.1
53.3686185504856,18.4165402756427,Chelmno,2020,7,5,23.05,23.9
53.3686185504856,18.4165402756427,Chelmno,2020,7,6,22.9,23.6
53.3686185504856,18.4165402756427,Chelmno,2020,7,7,22.76,24.0
53.3686185504856,18.4165402756427,Chelmno,2020,7,8,22.59,23.5
53.3686185504856,18.4165402756427,Chelmno,2020,7,9,22.46,23.7
53.3686185504856,18.4165402756427,Chelmno,2020,7,10,22.49,24.0
53.3686185504856,18.4165402756427,Chelmno,2020,7,11,22.33,23.9
53.3686185504856,18.4165402756427,Chelmno,2020,7,12,22.11,23.9
53.3686185504856,18.4165402756427,Chelmno,2020,7,13,21.97,24.3
53.3686185504856,18.4165402756427,Chelmno,2020,7,14,22.03,24.0
53.3686185504856,18.4165402756427,Chelmno,2020,7,15,21.99,23.6
53.3686185504856,18.4165402756427,Chelmno,2020,7,16,21.9,23.4
53.3686185504856,18.4165402756427,Chelmno,2020,7,17,21.87,23.6
53.3686185504856,18.4165402756427,Chelmno,2020,7,18,21.89,23.9
53.3686185504856,18.4165402756427,Chelmno,2020,7,19,22.08,24.0
53.3686185504856,18.4165402756427,Chelmno,2020,7,20,22.0,23.9
53.3686185504856,18.4165402756427,Chelmno,2020,7,21,21.68,23.6
53.3686185504856,18.4165402756427,Chelmno,2020,7,22,21.66,23.7
53.3686185504856,18.4165402756427,Chelmno,2020,7,23,21.66,23.8
53.3686185504856,18.4165402756427,Chelmno,2020,7,24,21.68,23.9
53.3686185504856,18.4165402756427,Chelmno,2020,7,25,21.85,23.6
53.3686185504856,18.4165402756427,Chelmno,2020,7,26,22.03,23.7
53.3686185504856,18.4165402756427,Chelmno,2020,7,27,21.99,24.1
53.3686185504856,18.4165402756427,Chelmno,2020,7,28,21.68,24.3
53.3686185504856,18.4165402756427,Chelmno,2020,7,29,21.45,24.2
53.3686185504856,18.4165402756427,Chelmno,2020,7,30,21.43,24.0
53.3686185504856,18.4165402756427,Chelmno,2020,7,31,21.37,24.1
53.3686185504856,18.4165402756427,Chelmno,2020,8,1,21.33,24.4
53.3686185504856,18.4165402756427,Chelmno,2020,8,2,21.32,24.0
53.3686185504856,18.4165402756427,Chelmno,2020,8,3,21.31,24.2
53.3686185504856,18.4165402756427,Chelmno,2020,8,4,21.22,24.4
53.3686185504856,18.4165402756427,Chelmno,2020,8,5,21.1,24.4
53.3686185504856,18.4165402756427,Chelmno,2020,8,6,21.08,24.0
53.3686185504856,18.4165402756427,Chelmno,2020,8,7,21.13,24.4
53.3686185504856,18.4165402756427,Chelmno,2020,8,8,21.13,24.7
53.3686185504856,18.4165402756427,Chelmno,2020,8,9,20.98,24.8
53.3686185504856,18.4165402756427,Chelmno,2020,8,10,20.74,24.4
53.3686185504856,18.4165402756427,Chelmno,2020,8,11,20.81,24.5
53.3686185504856,18.4165402756427,Chelmno,2020,8,12,20.91,24.2
53.3686185504856,18.4165402756427,Chelmno,2020,8,13,20.85,23.9
53.3686185504856,18.4165402756427,Chelmno,2020,8,14,20.84,24.1
53.3686185504856,18.4165402756427,Chelmno,2020,8,15,20.82,23.8
53.3686185504856,18.4165402756427,Chelmno,2020,8,16,20.74,23.6
53.3686185504856,18.4165402756427,Chelmno,2020,8,17,20.68,23.7
53.3686185504856,18.4165402756427,Chelmno,2020,8,18,20.69,23.4
53.3686185504856,18.4165402756427,Chelmno,2020,8,19,20.66,23.2
53.3686185504856,18.4165402756427,Chelmno,2020,8,20,20.64,22.9
53.3686185504856,18.4165402756427,Chelmno,2020,8,21,20.62,22.6
53.3686185504856,18.4165402756427,Chelmno,2020,8,22,20.63,22.4
53.3686185504856,18.4165402756427,Chelmno,2020,8,23,20.63,22.1
53.3686185504856,18.4165402756427,Chelmno,2020,8,24,20.6,21.9
53.3686185504856,18.4165402756427,Chelmno,2020,8,25,20.57,21.8
53.3686185504856,18.4165402756427,Chelmno,2020,8,26,20.59,21.9
53.3686185504856,18.4165402756427,Chelmno,2020,8,27,20.69,21.7
53.3686185504856,18.4165402756427,Chelmno,2020,8,28,20.79,21.7
53.3686185504856,18.4165402756427,Chelmno,2020,8,29,20.81,21.1
53.3686185504856,18.4165402756427,Chelmno,2020,8,30,20.78,21.9
53.3686185504856,18.4165402756427,Chelmno,2020,8,31,20.86,20.9
53.3686185504856,18.4165402756427,Chelmno,2020,9,1,20.96,20.7
53.3686185504856,18.4165402756427,Chelmno,2020,9,2,21.06,20.9
53.3686185504856,18.4165402756427,Chelmno,2020,9,3,21.05,21.1
53.3686185504856,18.4165402756427,Chelmno,2020,9,4,20.99,20.8
53.3686185504856,18.4165402756427,Chelmno,2020,9,5,20.93,21.1
53.3686185504856,18.4165402756427,Chelmno,2020,9,6,20.87,20.7
53.3686185504856,18.4165402756427,Chelmno,2020,9,7,20.85,20.8
53.3686185504856,18.4165402756427,Chelmno,2020,9,8,20.91,20.9
53.3686185504856,18.4165402756427,Chelmno,2020,9,9,21.1,20.4
53.3686185504856,18.4165402756427,Chelmno,2020,9,10,21.22,20.1
53.3686185504856,18.4165402756427,Chelmno,2020,9,11,21.08,19.9
53.3686185504856,18.4165402756427,Chelmno,2020,9,12,20.92,20.2
53.3686185504856,18.4165402756427,Chelmno,2020,9,13,20.89,20.2
53.3686185504856,18.4165402756427,Chelmno,2020,9,14,21.04,20.0
53.3686185504856,18.4165402756427,Chelmno,2020,9,15,21.22,19.9
53.3686185504856,18.4165402756427,Chelmno,2020,9,16,21.15,20.0
53.3686185504856,18.4165402756427,Chelmno,2020,9,17,21.07,19.8
53.3686185504856,18.4165402756427,Chelmno,2020,9,18,21.02,19.5
53.3686185504856,18.4165402756427,Chelmno,2020,9,19,20.98,19.4
53.3686185504856,18.4165402756427,Chelmno,2020,9,20,20.8,19.2
53.3686185504856,18.4165402756427,Chelmno,2020,9,21,20.68,19.3
53.3686185504856,18.4165402756427,Chelmno,2020,9,22,20.67,19.2
53.3686185504856,18.4165402756427,Chelmno,2020,9,23,20.72,18.9
53.3686185504856,18.4165402756427,Chelmno,2020,9,24,20.74,18.6
53.3686185504856,18.4165402756427,Chelmno,2020,9,25,20.69,18.5
53.3686185504856,18.4165402756427,Chelmno,2020,9,26,20.69,18.4
53.3686185504856,18.4165402756427,Chelmno,2020,9,27,20.71,18.3
53.3686185504856,18.4165402756427,Chelmno,2020,9,28,20.72,18.4
53.3686185504856,18.4165402756427,Chelmno,2020,9,29,20.71,18.2
53.3686185504856,18.4165402756427,Chelmno,2020,9,30,20.82,18.2
53.3686185504856,18.4165402756427,Chelmno,2020,10,1,20.85,17.9
53.3686185504856,18.4165402756427,Chelmno,2020,10,2,20.78,17.8
53.3686185504856,18.4165402756427,Chelmno,2020,10,3,20.74,18.1
53.3686185504856,18.4165402756427,Chelmno,2020,10,4,20.86,17.9
53.3686185504856,18.4165402756427,Chelmno,2020,10,5,20.98,17.6
53.3686185504856,18.4165402756427,Chelmno,2020,10,6,21.1,17.4
53.3686185504856,18.4165402756427,Chelmno,2020,10,7,21.23,17.2
53.3686185504856,18.4165402756427,Chelmno,2020,10,8,21.64,16.9
53.3686185504856,18.4165402756427,Chelmno,2020,10,9,21.8,17.1
53.3686185504856,18.4165402756427,Chelmno,2020,10,10,21.62,16.7
53.3686185504856,18.4165402756427,Chelmno,2020,10,11,21.5,16.9
53.3686185504856,18.4165402756427,Chelmno,2020,10,12,21.45,16.7
53.3686185504856,18.4165402756427,Chelmno,2020,10,13,21.46,16.3
53.3686185504856,18.4165402756427,Chelmno,2020,10,14,21.46,15.9
53.3686185504856,18.4165402756427,Chelmno,2020,10,15,21.59,15.7
53.3686185504856,18.4165402756427,Chelmno,2020,10,16,21.64,15.3
53.3686185504856,18.4165402756427,Chelmno,2020,10,17,22.01,14.8
53.3686185504856,18.4165402756427,Chelmno,2020,10,18,22.2,14.3
53.3686185504856,18.4165402756427,Chelmno,2020,10,19,22.6,13.1
53.3686185504856,18.4165402756427,Chelmno,2020,10,20,23.25,13.3
53.3686185504856,18.4165402756427,Chelmno,2020,10,21,23.47,12.9
53.3686185504856,18.4165402756427,Chelmno,2020,10,22,23.45,12.6
53.3686185504856,18.4165402756427,Chelmno,2020,10,23,23.37,12.4
53.3686185504856,18.4165402756427,Chelmno,2020,10,24,23.31,12.1
53.3686185504856,18.4165402756427,Chelmno,2020,10,25,23.12,11.9
53.3686185504856,18.4165402756427,Chelmno,2020,10,26,22.92,11.7
53.3686185504856,18.4165402756427,Chelmno,2020,10,27,22.73,11.9
53.3686185504856,18.4165402756427,Chelmno,2020,10,28,22.4,11.6
53.3686185504856,18.4165402756427,Chelmno,2020,10,29,22.42,11.7
53.3686185504856,18.4165402756427,Chelmno,2020,10,30,22.25,11.4
53.3686185504856,18.4165402756427,Chelmno,2020,10,31,22.13,10.9
53.3686185504856,18.4165402756427,Chelmno,2020,11,1,21.89,10.7
53.3686185504856,18.4165402756427,Chelmno,2020,11,2,21.83,10.9
53.3686185504856,18.4165402756427,Chelmno,2020,11,3,21.8,10.6
53.3686185504856,18.4165402756427,Chelmno,2020,11,4,21.76,10.4
53.3686185504856,18.4165402756427,Chelmno,2020,11,5,21.78,10.2
53.3686185504856,18.4165402756427,Chelmno,2020,11,6,21.77,10.4
53.3686185504856,18.4165402756427,Chelmno,2020,11,7,21.78,10.2
53.3686185504856,18.4165402756427,Chelmno,2020,11,8,21.77,9.9
53.3686185504856,18.4165402756427,Chelmno,2020,11,9,21.89,10.1
53.3686185504856,18.4165402756427,Chelmno,2020,11,10,21.97,9.9
53.3686185504856,18.4165402756427,Chelmno,2020,11,11,21.95,9.8
53.3686185504856,18.4165402756427,Chelmno,2020,11,12,21.99,9.6
53.3686185504856,18.4165402756427,Chelmno,2020,11,13,22.03,9.9
53.3686185504856,18.4165402756427,Chelmno,2020,11,14,21.95,9.8
53.3686185504856,18.4165402756427,Chelmno,2020,11,15,21.86,9.6
53.3686185504856,18.4165402756427,Chelmno,2020,11,16,21.81,9.7
53.3686185504856,18.4165402756427,Chelmno,2020,11,17,21.76,9.4
53.3686185504856,18.4165402756427,Chelmno,2020,11,18,21.69,9.2
53.3686185504856,18.4165402756427,Chelmno,2020,11,19,21.62,8.9
53.3686185504856,18.4165402756427,Chelmno,2020,11,20,21.54,8.5
53.3686185504856,18.4165402756427,Chelmno,2020,11,21,21.56,8.3
53.3686185504856,18.4165402756427,Chelmno,2020,11,22,21.52,8.4
53.3686185504856,18.4165402756427,Chelmno,2020,11,23,21.45,8.1
53.3686185504856,18.4165402756427,Chelmno,2020,11,24,21.46,7.9
53.3686185504856,18.4165402756427,Chelmno,2020,11,25,21.43,7.6
53.3686185504856,18.4165402756427,Chelmno,2020,11,26,21.39,7.4
53.3686185504856,18.4165402756427,Chelmno,2020,11,27,21.44,6.9
53.3686185504856,18.4165402756427,Chelmno,2020,11,28,21.38,6.8
53.3686185504856,18.4165402756427,Chelmno,2020,11,29,21.3,6.4
53.3686185504856,18.4165402756427,Chelmno,2020,11,30,21.3,5.9
53.3686185504856,18.4165402756427,Chelmno,2021,5,1,22.81,10.9
53.3686185504856,18.4165402756427,Chelmno,2021,5,2,22.67,10.7
53.3686185504856,18.4165402756427,Chelmno,2021,5,3,22.48,11.1
53.3686185504856,18.4165402756427,Chelmno,2021,5,4,22.56,10.9
53.3686185504856,18.4165402756427,Chelmno,2021,5,5,22.41,11.2
53.3686185504856,18.4165402756427,Chelmno,2021,5,6,22.39,11.5
53.3686185504856,18.4165402756427,Chelmno,2021,5,7,22.49,11.4
53.3686185504856,18.4165402756427,Chelmno,2021,5,8,22.6,11.6
53.3686185504856,18.4165402756427,Chelmno,2021,5,9,22.65,11.9
53.3686185504856,18.4165402756427,Chelmno,2021,5,10,22.65,12.1
53.3686185504856,18.4165402756427,Chelmno,2021,5,11,22.6,12.4
53.3686185504856,18.4165402756427,Chelmno,2021,5,12,22.68,11.9
53.3686185504856,18.4165402756427,Chelmno,2021,5,13,22.72,12.3
53.3686185504856,18.4165402756427,Chelmno,2021,5,14,22.68,12.6
53.3686185504856,18.4165402756427,Chelmno,2021,5,15,22.51,13.0
53.3686185504856,18.4165402756427,Chelmno,2021,5,16,22.18,13.4
53.3686185504856,18.4165402756427,Chelmno,2021,5,17,22.07,13.7
53.3686185504856,18.4165402756427,Chelmno,2021,5,18,22.22,13.9
53.3686185504856,18.4165402756427,Chelmno,2021,5,19,22.27,14.2
53.3686185504856,18.4165402756427,Chelmno,2021,5,20,22.23,14.6
53.3686185504856,18.4165402756427,Chelmno,2021,5,21,22.35,14.9
53.3686185504856,18.4165402756427,Chelmno,2021,5,22,22.64,15.1
53.3686185504856,18.4165402756427,Chelmno,2021,5,23,22.58,15.0
53.3686185504856,18.4165402756427,Chelmno,2021,5,24,22.74,14.9
53.3686185504856,18.4165402756427,Chelmno,2021,5,25,23.2,15.2
53.3686185504856,18.4165402756427,Chelmno,2021,5,26,23.3,15.6
53.3686185504856,18.4165402756427,Chelmno,2021,5,27,22.74,15.4
53.3686185504856,18.4165402756427,Chelmno,2021,5,28,22.22,15.6
53.3686185504856,18.4165402756427,Chelmno,2021,5,29,22.23,15.8
53.3686185504856,18.4165402756427,Chelmno,2021,5,30,22.27,15.9
53.3686185504856,18.4165402756427,Chelmno,2021,5,31,22.15,16.1
53.3686185504856,18.4165402756427,Chelmno,2021,6,1,22.1,15.9
53.3686185504856,18.4165402756427,Chelmno,2021,6,2,22.05,16.2
53.3686185504856,18.4165402756427,Chelmno,2021,6,3,21.99,16.4
53.3686185504856,18.4165402756427,Chelmno,2021,6,4,21.9,16.2
53.3686185504856,18.4165402756427,Chelmno,2021,6,5,21.82,16.9
53.3686185504856,18.4165402756427,Chelmno,2021,6,6,21.88,17.4
53.3686185504856,18.4165402756427,Chelmno,2021,6,7,21.91,17.9
53.3686185504856,18.4165402756427,Chelmno,2021,6,8,21.89,18.6
53.3686185504856,18.4165402756427,Chelmno,2021,6,9,21.7,19.5
53.3686185504856,18.4165402756427,Chelmno,2021,6,10,21.53,20.4
53.3686185504856,18.4165402756427,Chelmno,2021,6,11,21.49,20.8
53.3686185504856,18.4165402756427,Chelmno,2021,6,12,21.53,21.2
53.3686185504856,18.4165402756427,Chelmno,2021,6,13,21.45,21.6
53.3686185504856,18.4165402756427,Chelmno,2021,6,14,21.42,22.2
53.3686185504856,18.4165402756427,Chelmno,2021,6,15,21.37,22.6
53.3686185504856,18.4165402756427,Chelmno,2021,6,16,21.39,22.7
53.3686185504856,18.4165402756427,Chelmno,2021,6,17,21.35,22.9
53.3686185504856,18.4165402756427,Chelmno,2021,6,18,21.27,23.5
53.3686185504856,18.4165402756427,Chelmno,2021,6,19,21.19,23.7
53.3686185504856,18.4165402756427,Chelmno,2021,6,20,21.26,23.9
53.3686185504856,18.4165402756427,Chelmno,2021,6,21,21.25,24.2
53.3686185504856,18.4165402756427,Chelmno,2021,6,22,21.22,24.4
53.3686185504856,18.4165402756427,Chelmno,2021,6,23,21.16,24.9
53.3686185504856,18.4165402756427,Chelmno,2021,6,24,21.07,24.7
53.3686185504856,18.4165402756427,Chelmno,2021,6,25,21.11,25.0
53.3686185504856,18.4165402756427,Chelmno,2021,6,26,21.08,25.2
53.3686185504856,18.4165402756427,Chelmno,2021,6,27,21.0,24.9
53.3686185504856,18.4165402756427,Chelmno,2021,6,28,21.0,24.6
53.3686185504856,18.4165402756427,Chelmno,2021,6,29,21.05,25.1
53.3686185504856,18.4165402756427,Chelmno,2021,6,30,21.06,25.5
53.3686185504856,18.4165402756427,Chelmno,2021,7,1,21.05,25.0
53.3686185504856,18.4165402756427,Chelmno,2021,7,2,21.21,24.4
53.3686185504856,18.4165402756427,Chelmno,2021,7,3,21.33,23.8
53.3686185504856,18.4165402756427,Chelmno,2021,7,4,21.22,21.9
53.3686185504856,18.4165402756427,Chelmno,2021,7,5,21.23,22.7
53.3686185504856,18.4165402756427,Chelmno,2021,7,6,21.31,24.2
53.3686185504856,18.4165402756427,Chelmno,2021,7,7,21.25,25.4
53.3686185504856,18.4165402756427,Chelmno,2021,7,8,21.4,24.8
53.3686185504856,18.4165402756427,Chelmno,2021,7,9,21.56,24.5
53.3686185504856,18.4165402756427,Chelmno,2021,7,10,21.6,24.8
53.3686185504856,18.4165402756427,Chelmno,2021,7,11,21.56,24.0
53.3686185504856,18.4165402756427,Chelmno,2021,7,12,21.54,23.9
53.3686185504856,18.4165402756427,Chelmno,2021,7,13,21.45,24.0
53.3686185504856,18.4165402756427,Chelmno,2021,7,14,21.33,23.9
53.3686185504856,18.4165402756427,Chelmno,2021,7,15,21.34,23.7
53.3686185504856,18.4165402756427,Chelmno,2021,7,16,21.42,24.0
53.3686185504856,18.4165402756427,Chelmno,2021,7,17,21.52,24.5
53.3686185504856,18.4165402756427,Chelmno,2021,7,18,21.53,24.8
53.3686185504856,18.4165402756427,Chelmno,2021,7,19,21.68,24.3
53.3686185504856,18.4165402756427,Chelmno,2021,7,20,21.7,24.1
53.3686185504856,18.4165402756427,Chelmno,2021,7,21,21.67,24.0
53.3686185504856,18.4165402756427,Chelmno,2021,7,22,21.56,24.5
53.3686185504856,18.4165402756427,Chelmno,2021,7,23,21.56,24.6
53.3686185504856,18.4165402756427,Chelmno,2021,7,24,21.53,23.8
53.3686185504856,18.4165402756427,Chelmno,2021,7,25,21.61,23.7
53.3686185504856,18.4165402756427,Chelmno,2021,7,26,21.58,24.0
53.3686185504856,18.4165402756427,Chelmno,2021,7,27,21.46,23.6
53.3686185504856,18.4165402756427,Chelmno,2021,7,28,21.42,24.0
53.3686185504856,18.4165402756427,Chelmno,2021,7,29,21.36,23.7
53.3686185504856,18.4165402756427,Chelmno,2021,7,30,21.28,24.2
53.3686185504856,18.4165402756427,Chelmno,2021,7,31,21.22,23.8
53.3686185504856,18.4165402756427,Chelmno,2021,8,1,21.17,24.0
53.3686185504856,18.4165402756427,Chelmno,2021,8,2,21.12,23.6
53.3686185504856,18.4165402756427,Chelmno,2021,8,3,21.09,23.7
53.3686185504856,18.4165402756427,Chelmno,2021,8,4,21.11,23.4
53.3686185504856,18.4165402756427,Chelmno,2021,8,5,21.18,23.7
53.3686185504856,18.4165402756427,Chelmno,2021,8,6,21.12,23.5
53.3686185504856,18.4165402756427,Chelmno,2021,8,7,21.14,23.0
53.3686185504856,18.4165402756427,Chelmno,2021,8,8,21.38,22.6
53.3686185504856,18.4165402756427,Chelmno,2021,8,9,21.4,21.9
53.3686185504856,18.4165402756427,Chelmno,2021,8,10,21.47,21.0
53.3686185504856,18.4165402756427,Chelmno,2021,8,11,21.75,20.8
53.3686185504856,18.4165402756427,Chelmno,2021,8,12,22.09,20.9
53.3686185504856,18.4165402756427,Chelmno,2021,8,13,22.49,20.5
53.3686185504856,18.4165402756427,Chelmno,2021,8,14,22.48,20.8
53.3686185504856,18.4165402756427,Chelmno,2021,8,15,22.28,21.0
53.3686185504856,18.4165402756427,Chelmno,2021,8,16,22.13,20.6
53.3686185504856,18.4165402756427,Chelmno,2021,8,17,22.08,20.4
53.3686185504856,18.4165402756427,Chelmno,2021,8,18,21.87,19.9
53.3686185504856,18.4165402756427,Chelmno,2021,8,19,21.65,19.3
53.3686185504856,18.4165402756427,Chelmno,2021,8,20,21.59,18.9
53.3686185504856,18.4165402756427,Chelmno,2021,8,21,21.63,18.6
53.3686185504856,18.4165402756427,Chelmno,2021,8,22,21.53,18.3
53.3686185504856,18.4165402756427,Chelmno,2021,8,23,21.48,18.5
53.3686185504856,18.4165402756427,Chelmno,2021,8,24,21.46,18.1
53.3686185504856,18.4165402756427,Chelmno,2021,8,25,21.51,18.0
53.3686185504856,18.4165402756427,Chelmno,2021,8,26,21.57,17.8
53.3686185504856,18.4165402756427,Chelmno,2021,8,27,21.54,17.6
53.3686185504856,18.4165402756427,Chelmno,2021,8,28,21.4,17.7
53.3686185504856,18.4165402756427,Chelmno,2021,8,29,21.42,17.5
53.3686185504856,18.4165402756427,Chelmno,2021,8,30,21.75,17.2
53.3686185504856,18.4165402756427,Chelmno,2021,8,31,22.08,17.1
53.3686185504856,18.4165402756427,Chelmno,2021,9,1,22.21,17.0
53.3686185504856,18.4165402756427,Chelmno,2021,9,2,22.4,16.7
53.3686185504856,18.4165402756427,Chelmno,2021,9,3,22.67,16.3
53.3686185504856,18.4165402756427,Chelmno,2021,9,4,22.3,16.5
53.3686185504856,18.4165402756427,Chelmno,2021,9,5,22.85,15.8
53.3686185504856,18.4165402756427,Chelmno,2021,9,6,23.36,16.0
53.3686185504856,18.4165402756427,Chelmno,2021,9,7,23.61,15.6
53.3686185504856,18.4165402756427,Chelmno,2021,9,8,24.04,15.5
53.3686185504856,18.4165402756427,Chelmno,2021,9,9,24.05,15.8
53.3686185504856,18.4165402756427,Chelmno,2021,9,10,23.72,15.5
53.3686185504856,18.4165402756427,Chelmno,2021,9,11,23.21,14.9
53.3686185504856,18.4165402756427,Chelmno,2021,9,12,22.69,15.3
53.3686185504856,18.4165402756427,Chelmno,2021,9,13,22.43,14.8
53.3686185504856,18.4165402756427,Chelmno,2021,9,14,22.26,14.5
53.3686185504856,18.4165402756427,Chelmno,2021,9,15,22.08,14.8
53.3686185504856,18.4165402756427,Chelmno,2021,9,16,21.9,14.9
53.3686185504856,18.4165402756427,Chelmno,2021,9,17,21.9,14.5
53.3686185504856,18.4165402756427,Chelmno,2021,9,18,21.87,14.2
53.3686185504856,18.4165402756427,Chelmno,2021,9,19,21.88,14.0
53.3686185504856,18.4165402756427,Chelmno,2021,9,20,21.75,14.5
53.3686185504856,18.4165402756427,Chelmno,2021,9,21,21.54,14.8
53.3686185504856,18.4165402756427,Chelmno,2021,9,22,21.99,14.3
53.3686185504856,18.4165402756427,Chelmno,2021,9,23,22.39,14.5
53.3686185504856,18.4165402756427,Chelmno,2021,9,24,22.7,14.5
53.3686185504856,18.4165402756427,Chelmno,2021,9,25,22.99,14.7
53.3686185504856,18.4165402756427,Chelmno,2021,9,26,22.57,14.8
53.3686185504856,18.4165402756427,Chelmno,2021,9,27,22.24,15.0
53.3686185504856,18.4165402756427,Chelmno,2021,9,28,22.25,14.6
53.3686185504856,18.4165402756427,Chelmno,2021,9,29,22.24,14.8
53.3686185504856,18.4165402756427,Chelmno,2021,9,30,22.12,14.7
53.3686185504856,18.4165402756427,Chelmno,2021,10,1,21.92,14.3
53.3686185504856,18.4165402756427,Chelmno,2021,10,2,21.95,14.5
53.3686185504856,18.4165402756427,Chelmno,2021,10,3,21.88,14.7
53.3686185504856,18.4165402756427,Chelmno,2021,10,4,21.85,14.5
53.3686185504856,18.4165402756427,Chelmno,2021,10,5,21.84,14.3
53.3686185504856,18.4165402756427,Chelmno,2021,10,6,21.88,14.0
53.3686185504856,18.4165402756427,Chelmno,2021,10,7,22.07,13.7
53.3686185504856,18.4165402756427,Chelmno,2021,10,8,22.15,13.5
53.3686185504856,18.4165402756427,Chelmno,2021,10,9,21.73,14.0
53.3686185504856,18.4165402756427,Chelmno,2021,10,10,21.72,13.7
53.3686185504856,18.4165402756427,Chelmno,2021,10,11,21.69,13.4
53.3686185504856,18.4165402756427,Chelmno,2021,10,12,21.59,13.6
53.3686185504856,18.4165402756427,Chelmno,2021,10,13,21.77,13.1
53.3686185504856,18.4165402756427,Chelmno,2021,10,14,21.85,12.8
53.3686185504856,18.4165402756427,Chelmno,2021,10,15,21.76,13.0
53.3686185504856,18.4165402756427,Chelmno,2021,10,16,21.68,12.7
53.3686185504856,18.4165402756427,Chelmno,2021,10,17,21.57,12.3
53.3686185504856,18.4165402756427,Chelmno,2021,10,18,21.55,11.9
53.3686185504856,18.4165402756427,Chelmno,2021,10,19,21.55,12.3
53.3686185504856,18.4165402756427,Chelmno,2021,10,20,21.59,11.6
53.3686185504856,18.4165402756427,Chelmno,2021,10,21,21.6,11.7
53.3686185504856,18.4165402756427,Chelmno,2021,10,22,21.6,11.3
53.3686185504856,18.4165402756427,Chelmno,2021,10,23,21.59,11.0
53.3686185504856,18.4165402756427,Chelmno,2021,10,24,21.58,10.8
53.3686185504856,18.4165402756427,Chelmno,2021,10,25,21.52,10.5
53.3686185504856,18.4165402756427,Chelmno,2021,10,26,21.48,10.1
53.3686185504856,18.4165402756427,Chelmno,2021,10,27,21.39,9.8
53.3686185504856,18.4165402756427,Chelmno,2021,10,28,21.33,9.6
53.3686185504856,18.4165402756427,Chelmno,2021,10,29,21.31,9.9
53.3686185504856,18.4165402756427,Chelmno,2021,10,30,21.29,10.0
53.3686185504856,18.4165402756427,Chelmno,2021,10,31,21.34,9.8
53.3686185504856,18.4165402756427,Chelmno,2021,11,1,21.37,10.0
53.3686185504856,18.4165402756427,Chelmno,2021,11,2,21.36,9.7
53.3686185504856,18.4165402756427,Chelmno,2021,11,3,21.34,9.4
53.3686185504856,18.4165402756427,Chelmno,2021,11,4,21.36,9.7
53.3686185504856,18.4165402756427,Chelmno,2021,11,5,21.33,9.3
53.3686185504856,18.4165402756427,Chelmno,2021,11,6,21.33,9.1
53.3686185504856,18.4165402756427,Chelmno,2021,11,7,21.3,9.0
53.3686185504856,18.4165402756427,Chelmno,2021,11,8,21.28,9.3
53.3686185504856,18.4165402756427,Chelmno,2021,11,9,21.32,9.1
53.3686185504856,18.4165402756427,Chelmno,2021,11,10,21.48,9.0
53.3686185504856,18.4165402756427,Chelmno,2021,11,11,21.44,8.9
53.3686185504856,18.4165402756427,Chelmno,2021,11,12,21.41,8.6
53.3686185504856,18.4165402756427,Chelmno,2021,11,13,21.38,8.5
53.3686185504856,18.4165402756427,Chelmno,2021,11,14,21.39,8.7
53.3686185504856,18.4165402756427,Chelmno,2021,11,15,21.4,8.5
53.3686185504856,18.4165402756427,Chelmno,2021,11,16,21.34,8.4
53.3686185504856,18.4165402756427,Chelmno,2021,11,17,21.29,8.6
53.3686185504856,18.4165402756427,Chelmno,2021,11,18,21.3,8.8
53.3686185504856,18.4165402756427,Chelmno,2021,11,19,21.26,8.5
53.3686185504856,18.4165402756427,Chelmno,2021,11,20,21.16,8.7
53.3686185504856,18.4165402756427,Chelmno,2021,11,21,21.08,8.9
53.3686185504856,18.4165402756427,Chelmno,2021,11,22,21.08,9.2
53.3686185504856,18.4165402756427,Chelmno,2021,11,23,21.27,9.0
53.3686185504856,18.4165402756427,Chelmno,2021,11,24,21.45,8.8
53.3686185504856,18.4165402756427,Chelmno,2021,11,25,21.53,8.9
53.3686185504856,18.4165402756427,Chelmno,2021,11,26,21.26,8.6
53.3686185504856,18.4165402756427,Chelmno,2021,11,27,21.18,8.0
53.3686185504856,18.4165402756427,Chelmno,2021,11,28,21.26,7.4
53.3686185504856,18.4165402756427,Chelmno,2021,11,29,21.55,6.1
53.3686185504856,18.4165402756427,Chelmno,2021,11,30,21.38,6.0
53.3686185504856,18.4165402756427,Chelmno,2022,5,1,22.06,10.1
53.3686185504856,18.4165402756427,Chelmno,2022,5,2,22.12,10.5
53.3686185504856,18.4165402756427,Chelmno,2022,5,3,22.21,11.0
53.3686185504856,18.4165402756427,Chelmno,2022,5,4,22.25,10.9
53.3686185504856,18.4165402756427,Chelmno,2022,5,5,22.11,11.4
53.3686185504856,18.4165402756427,Chelmno,2022,5,6,21.98,11.8
53.3686185504856,18.4165402756427,Chelmno,2022,5,7,21.97,12.5
53.3686185504856,18.4165402756427,Chelmno,2022,5,8,21.95,13.1
53.3686185504856,18.4165402756427,Chelmno,2022,5,9,21.83,13.4
53.3686185504856,18.4165402756427,Chelmno,2022,5,10,21.72,14.1
53.3686185504856,18.4165402756427,Chelmno,2022,5,11,21.72,14.9
53.3686185504856,18.4165402756427,Chelmno,2022,5,12,21.74,15.4
53.3686185504856,18.4165402756427,Chelmno,2022,5,13,21.74,15.9
53.3686185504856,18.4165402756427,Chelmno,2022,5,14,21.74,16.5
53.3686185504856,18.4165402756427,Chelmno,2022,5,15,21.67,17.1
53.3686185504856,18.4165402756427,Chelmno,2022,5,16,21.58,17.3
53.3686185504856,18.4165402756427,Chelmno,2022,5,17,21.63,17.0
53.3686185504856,18.4165402756427,Chelmno,2022,5,18,21.61,16.9
53.3686185504856,18.4165402756427,Chelmno,2022,5,19,21.5,16.7
53.3686185504856,18.4165402756427,Chelmno,2022,5,20,21.39,17.0
53.3686185504856,18.4165402756427,Chelmno,2022,5,21,21.29,16.8
53.3686185504856,18.4165402756427,Chelmno,2022,5,22,21.3,16.5
53.3686185504856,18.4165402756427,Chelmno,2022,5,23,21.33,16.8
53.3686185504856,18.4165402756427,Chelmno,2022,5,24,21.36,16.9
53.3686185504856,18.4165402756427,Chelmno,2022,5,25,21.36,17.0
53.3686185504856,18.4165402756427,Chelmno,2022,5,26,21.3,16.5
53.3686185504856,18.4165402756427,Chelmno,2022,5,27,21.25,16.3
53.3686185504856,18.4165402756427,Chelmno,2022,5,28,21.12,16.7
53.3686185504856,18.4165402756427,Chelmno,2022,5,29,21.05,16.5
53.3686185504856,18.4165402756427,Chelmno,2022,5,30,21.15,16.1
53.3686185504856,18.4165402756427,Chelmno,2022,5,31,21.19,16.3
53.3686185504856,18.4165402756427,Chelmno,2022,6,1,21.27,16.0
53.3686185504856,18.4165402756427,Chelmno,2022,6,2,21.28,16.3
53.3686185504856,18.4165402756427,Chelmno,2022,6,3,21.26,16.5
53.3686185504856,18.4165402756427,Chelmno,2022,6,4,21.18,16.3
53.3686185504856,18.4165402756427,Chelmno,2022,6,5,21.1,16.7
53.3686185504856,18.4165402756427,Chelmno,2022,6,6,21.24,16.7
53.3686185504856,18.4165402756427,Chelmno,2022,6,7,21.3,17.0
53.3686185504856,18.4165402756427,Chelmno,2022,6,8,21.19,17.5
53.3686185504856,18.4165402756427,Chelmno,2022,6,9,21.23,17.4
53.3686185504856,18.4165402756427,Chelmno,2022,6,10,21.24,17.7
53.3686185504856,18.4165402756427,Chelmno,2022,6,11,21.13,18.0
53.3686185504856,18.4165402756427,Chelmno,2022,6,12,21.1,18.7
53.3686185504856,18.4165402756427,Chelmno,2022,6,13,21.13,19.2
53.3686185504856,18.4165402756427,Chelmno,2022,6,14,21.1,20.8
53.3686185504856,18.4165402756427,Chelmno,2022,6,15,21.05,21.5
53.3686185504856,18.4165402756427,Chelmno,2022,6,16,21.03,22.0
53.3686185504856,18.4165402756427,Chelmno,2022,6,17,21.08,22.3
53.3686185504856,18.4165402756427,Chelmno,2022,6,18,21.23,22.8
53.3686185504856,18.4165402756427,Chelmno,2022,6,19,21.22,23.3
53.3686185504856,18.4165402756427,Chelmno,2022,6,20,21.17,23.7
53.3686185504856,18.4165402756427,Chelmno,2022,6,21,21.15,24.0
53.3686185504856,18.4165402756427,Chelmno,2022,6,22,21.09,24.3
53.3686185504856,18.4165402756427,Chelmno,2022,6,23,21.03,24.7
53.3686185504856,18.4165402756427,Chelmno,2022,6,24,21.08,24.5
53.3686185504856,18.4165402756427,Chelmno,2022,6,25,21.07,24.8
53.3686185504856,18.4165402756427,Chelmno,2022,6,26,21.0,25.0
53.3686185504856,18.4165402756427,Chelmno,2022,6,27,20.95,25.1
53.3686185504856,18.4165402756427,Chelmno,2022,6,28,20.88,25.7
53.3686185504856,18.4165402756427,Chelmno,2022,6,29,20.88,26.0
53.3686185504856,18.4165402756427,Chelmno,2022,6,30,20.85,25.9
53.3686185504856,18.4165402756427,Chelmno,2022,7,1,20.86,24.7
53.3686185504856,18.4165402756427,Chelmno,2022,7,2,20.95,23.5
53.3686185504856,18.4165402756427,Chelmno,2022,7,3,20.86,24.0
53.3686185504856,18.4165402756427,Chelmno,2022,7,4,20.74,23.3
53.3686185504856,18.4165402756427,Chelmno,2022,7,5,20.72,22.9
53.3686185504856,18.4165402756427,Chelmno,2022,7,6,20.73,22.5
53.3686185504856,18.4165402756427,Chelmno,2022,7,7,20.71,21.7
53.3686185504856,18.4165402756427,Chelmno,2022,7,8,20.68,21.4
53.3686185504856,18.4165402756427,Chelmno,2022,7,9,20.64,20.8
53.3686185504856,18.4165402756427,Chelmno,2022,7,10,20.64,20.0
53.3686185504856,18.4165402756427,Chelmno,2022,7,11,20.7,19.1
53.3686185504856,18.4165402756427,Chelmno,2022,7,12,20.81,19.3
53.3686185504856,18.4165402756427,Chelmno,2022,7,13,20.81,19.0
53.3686185504856,18.4165402756427,Chelmno,2022,7,14,20.87,19.5
53.3686185504856,18.4165402756427,Chelmno,2022,7,15,20.92,19.7
53.3686185504856,18.4165402756427,Chelmno,2022,7,16,20.83,20.0
53.3686185504856,18.4165402756427,Chelmno,2022,7,17,20.81,19.7
53.3686185504856,18.4165402756427,Chelmno,2022,7,18,20.78,19.3
53.3686185504856,18.4165402756427,Chelmno,2022,7,19,20.77,19.6
53.3686185504856,18.4165402756427,Chelmno,2022,7,20,20.81,19.7
53.3686185504856,18.4165402756427,Chelmno,2022,7,21,20.8,19.4
53.3686185504856,18.4165402756427,Chelmno,2022,7,22,20.8,19.6
53.3686185504856,18.4165402756427,Chelmno,2022,7,23,20.74,19.3
53.3686185504856,18.4165402756427,Chelmno,2022,7,24,20.68,18.9
53.3686185504856,18.4165402756427,Chelmno,2022,7,25,20.69,19.1
53.3686185504856,18.4165402756427,Chelmno,2022,7,26,20.71,19.6
53.3686185504856,18.4165402756427,Chelmno,2022,7,27,20.71,19.8
53.3686185504856,18.4165402756427,Chelmno,2022,7,28,20.56,20.1
53.3686185504856,18.4165402756427,Chelmno,2022,7,29,20.62,20.0
53.3686185504856,18.4165402756427,Chelmno,2022,7,30,20.62,20.5
53.3686185504856,18.4165402756427,Chelmno,2022,7,31,20.55,20.0
53.3686185504856,18.4165402756427,Chelmno,2022,8,1,20.59,20.3
53.3686185504856,18.4165402756427,Chelmno,2022,8,2,20.79,20.7
53.3686185504856,18.4165402756427,Chelmno,2022,8,3,20.66,21.3
53.3686185504856,18.4165402756427,Chelmno,2022,8,4,20.67,21.8
53.3686185504856,18.4165402756427,Chelmno,2022,8,5,20.71,22.0
53.3686185504856,18.4165402756427,Chelmno,2022,8,6,20.7,21.8
53.3686185504856,18.4165402756427,Chelmno,2022,8,7,20.69,22.6
53.3686185504856,18.4165402756427,Chelmno,2022,8,8,20.62,22.4
53.3686185504856,18.4165402756427,Chelmno,2022,8,9,20.8,23.0
53.3686185504856,18.4165402756427,Chelmno,2022,8,10,20.86,22.7
53.3686185504856,18.4165402756427,Chelmno,2022,8,11,20.77,23.3
53.3686185504856,18.4165402756427,Chelmno,2022,8,12,20.71,23.1
53.3686185504856,18.4165402756427,Chelmno,2022,8,13,20.68,23.6
53.3686185504856,18.4165402756427,Chelmno,2022,8,14,20.6,23.8
53.3686185504856,18.4165402756427,Chelmno,2022,8,15,20.62,23.6
53.3686185504856,18.4165402756427,Chelmno,2022,8,16,20.62,24.0
53.3686185504856,18.4165402756427,Chelmno,2022,8,17,20.61,23.8
53.3686185504856,18.4165402756427,Chelmno,2022,8,18,20.55,24.2
53.3686185504856,18.4165402756427,Chelmno,2022,8,19,20.57,24.0
53.3686185504856,18.4165402756427,Chelmno,2022,8,20,20.6,23.8
53.3686185504856,18.4165402756427,Chelmno,2022,8,21,20.6,24.1
53.3686185504856,18.4165402756427,Chelmno,2022,8,22,20.69,23.7
53.3686185504856,18.4165402756427,Chelmno,2022,8,23,20.64,23.9
53.3686185504856,18.4165402756427,Chelmno,2022,8,24,20.58,24.2
53.3686185504856,18.4165402756427,Chelmno,2022,8,25,20.52,24.3
53.3686185504856,18.4165402756427,Chelmno,2022,8,26,20.61,24.0
53.3686185504856,18.4165402756427,Chelmno,2022,8,27,20.66,23.8
53.3686185504856,18.4165402756427,Chelmno,2022,8,28,20.6,24.1
53.3686185504856,18.4165402756427,Chelmno,2022,8,29,20.65,23.5
53.3686185504856,18.4165402756427,Chelmno,2022,8,30,20.77,22.9
53.3686185504856,18.4165402756427,Chelmno,2022,8,31,20.83,22.3
53.3686185504856,18.4165402756427,Chelmno,2022,9,1,20.85,21.8
53.3686185504856,18.4165402756427,Chelmno,2022,9,2,20.82,21.0
53.3686185504856,18.4165402756427,Chelmno,2022,9,3,20.71,20.8
53.3686185504856,18.4165402756427,Chelmno,2022,9,4,20.66,21.1
53.3686185504856,18.4165402756427,Chelmno,2022,9,5,20.71,20.7
53.3686185504856,18.4165402756427,Chelmno,2022,9,6,20.66,21.0
53.3686185504856,18.4165402756427,Chelmno,2022,9,7,20.57,20.5
53.3686185504856,18.4165402756427,Chelmno,2022,9,8,20.57,19.7
53.3686185504856,18.4165402756427,Chelmno,2022,9,9,20.63,19.3
53.3686185504856,18.4165402756427,Chelmno,2022,9,10,20.6,19.4
53.3686185504856,18.4165402756427,Chelmno,2022,9,11,20.52,19.0
53.3686185504856,18.4165402756427,Chelmno,2022,9,12,20.45,18.5
53.3686185504856,18.4165402756427,Chelmno,2022,9,13,20.48,17.9
53.3686185504856,18.4165402756427,Chelmno,2022,9,14,20.58,18.1
53.3686185504856,18.4165402756427,Chelmno,2022,9,15,20.53,17.5
53.3686185504856,18.4165402756427,Chelmno,2022,9,16,20.52,17.0
53.3686185504856,18.4165402756427,Chelmno,2022,9,17,20.5,16.6
53.3686185504856,18.4165402756427,Chelmno,2022,9,18,20.7,15.5
53.3686185504856,18.4165402756427,Chelmno,2022,9,19,20.64,15.7
53.3686185504856,18.4165402756427,Chelmno,2022,9,20,20.62,15.3
53.3686185504856,18.4165402756427,Chelmno,2022,9,21,20.72,14.9
53.3686185504856,18.4165402756427,Chelmno,2022,9,22,20.7,14.5
53.3686185504856,18.4165402756427,Chelmno,2022,9,23,20.8,14.0
53.3686185504856,18.4165402756427,Chelmno,2022,9,24,20.79,14.3
53.3686185504856,18.4165402756427,Chelmno,2022,9,25,20.84,13.8
53.3686185504856,18.4165402756427,Chelmno,2022,9,26,20.68,13.8
53.3686185504856,18.4165402756427,Chelmno,2022,9,27,20.73,13.5
53.3686185504856,18.4165402756427,Chelmno,2022,9,28,20.91,13.4
53.3686185504856,18.4165402756427,Chelmno,2022,9,29,20.98,13.0
53.3686185504856,18.4165402756427,Chelmno,2022,9,30,20.94,12.7
53.3686185504856,18.4165402756427,Chelmno,2022,10,1,21.01,12.5
53.3686185504856,18.4165402756427,Chelmno,2022,10,2,21.01,12.8
53.3686185504856,18.4165402756427,Chelmno,2022,10,3,21.01,12.4
53.3686185504856,18.4165402756427,Chelmno,2022,10,4,21.02,11.9
53.3686185504856,18.4165402756427,Chelmno,2022,10,5,21.03,12.1
53.3686185504856,18.4165402756427,Chelmno,2022,10,6,21.07,11.7
53.3686185504856,18.4165402756427,Chelmno,2022,10,7,21.2,11.5
53.3686185504856,18.4165402756427,Chelmno,2022,10,8,21.41,11.8
53.3686185504856,18.4165402756427,Chelmno,2022,10,9,21.34,10.9
53.3686185504856,18.4165402756427,Chelmno,2022,10,10,21.23,11.2
53.3686185504856,18.4165402756427,Chelmno,2022,10,11,21.28,11.0
53.3686185504856,18.4165402756427,Chelmno,2022,10,12,21.48,10.6
53.3686185504856,18.4165402756427,Chelmno,2022,10,13,21.48,10.8
53.3686185504856,18.4165402756427,Chelmno,2022,10,14,21.37,10.4
53.3686185504856,18.4165402756427,Chelmno,2022,10,15,21.36,10.5
53.3686185504856,18.4165402756427,Chelmno,2022,10,16,21.3,10.3
53.3686185504856,18.4165402756427,Chelmno,2022,10,17,21.22,10.0
53.3686185504856,18.4165402756427,Chelmno,2022,10,18,21.14,10.5
53.3686185504856,18.4165402756427,Chelmno,2022,10,19,21.12,10.1
53.3686185504856,18.4165402756427,Chelmno,2022,10,20,21.12,10.0
53.3686185504856,18.4165402756427,Chelmno,2022,10,21,21.29,10.2
53.3686185504856,18.4165402756427,Chelmno,2022,10,22,21.2,9.9
53.3686185504856,18.4165402756427,Chelmno,2022,10,23,21.04,10.1
53.3686185504856,18.4165402756427,Chelmno,2022,10,24,21.04,9.7
53.3686185504856,18.4165402756427,Chelmno,2022,10,25,21.07,9.4
53.3686185504856,18.4165402756427,Chelmno,2022,10,26,21.06,9.7
53.3686185504856,18.4165402756427,Chelmno,2022,10,27,21.02,10.0
53.3686185504856,18.4165402756427,Chelmno,2022,10,28,20.99,9.6
53.3686185504856,18.4165402756427,Chelmno,2022,10,29,21.09,9.8
53.3686185504856,18.4165402756427,Chelmno,2022,10,30,21.08,9.6
53.3686185504856,18.4165402756427,Chelmno,2022,10,31,21.02,9.4
53.3686185504856,18.4165402756427,Chelmno,2022,11,1,20.97,9.5
53.3686185504856,18.4165402756427,Chelmno,2022,11,2,21.01,9.0
53.3686185504856,18.4165402756427,Chelmno,2022,11,3,21.06,8.3
53.3686185504856,18.4165402756427,Chelmno,2022,11,4,21.03,8.7
53.3686185504856,18.4165402756427,Chelmno,2022,11,5,21.14,8.5
53.3686185504856,18.4165402756427,Chelmno,2022,11,6,21.06,8.0
53.3686185504856,18.4165402756427,Chelmno,2022,11,7,21.01,7.9
53.3686185504856,18.4165402756427,Chelmno,2022,11,8,20.93,7.7
53.3686185504856,18.4165402756427,Chelmno,2022,11,9,20.9,7.9
53.3686185504856,18.4165402756427,Chelmno,2022,11,10,21.01,7.6
53.3686185504856,18.4165402756427,Chelmno,2022,11,11,20.99,7.4
53.3686185504856,18.4165402756427,Chelmno,2022,11,12,20.98,7.0
53.3686185504856,18.4165402756427,Chelmno,2022,11,13,20.94,6.8
53.3686185504856,18.4165402756427,Chelmno,2022,11,14,20.96,6.5
53.3686185504856,18.4165402756427,Chelmno,2022,11,15,21.12,6.2
53.3686185504856,18.4165402756427,Chelmno,2022,11,16,21.13,6.3
53.3686185504856,18.4165402756427,Chelmno,2022,11,17,20.98,6.0
53.3686185504856,18.4165402756427,Chelmno,2022,11,18,20.98,5.7
53.3686185504856,18.4165402756427,Chelmno,2022,11,19,20.97,5.5
53.3686185504856,18.4165402756427,Chelmno,2022,11,20,20.9,5.0
53.3686185504856,18.4165402756427,Chelmno,2022,11,21,20.82,4.7
53.3686185504856,18.4165402756427,Chelmno,2022,11,22,20.81,4.8
53.3686185504856,18.4165402756427,Chelmno,2022,11,23,20.94,4.5
53.3686185504856,18.4165402756427,Chelmno,2022,11,24,21.05,4.3
53.3686185504856,18.4165402756427,Chelmno,2022,11,25,20.99,4.0
53.3686185504856,18.4165402756427,Chelmno,2022,11,26,20.96,3.7
53.3686185504856,18.4165402756427,Chelmno,2022,11,27,20.92,3.8
53.3686185504856,18.4165402756427,Chelmno,2022,11,28,20.93,3.5
53.3686185504856,18.4165402756427,Chelmno,2022,11,29,20.92,3.2
53.3686185504856,18.4165402756427,Chelmno,2022,11,30,20.97,3.0
53.3686185504856,18.4165402756427,Chelmno,2023,6,1,21.8,21.9
53.3686185504856,18.4165402756427,Chelmno,2023,6,2,21.79,22.1
53.3686185504856,18.4165402756427,Chelmno,2023,6,3,21.73,21.7
53.3686185504856,18.4165402756427,Chelmno,2023,6,4,21.58,21.4
53.3686185504856,18.4165402756427,Chelmno,2023,6,5,21.51,21.6
53.3686185504856,18.4165402756427,Chelmno,2023,6,6,21.47,21.8
53.3686185504856,18.4165402756427,Chelmno,2023,6,7,21.38,22.0
53.3686185504856,18.4165402756427,Chelmno,2023,6,8,21.2,22.2
53.3686185504856,18.4165402756427,Chelmno,2023,6,9,21.22,22.3
53.3686185504856,18.4165402756427,Chelmno,2023,6,10,21.21,22.5
53.3686185504856,18.4165402756427,Chelmno,2023,6,11,21.17,22.7
53.3686185504856,18.4165402756427,Chelmno,2023,6,12,21.12,23.0
53.3686185504856,18.4165402756427,Chelmno,2023,6,13,21.02,23.1
53.3686185504856,18.4165402756427,Chelmno,2023,6,14,20.91,23.3
53.3686185504856,18.4165402756427,Chelmno,2023,6,15,20.85,23.5
53.3686185504856,18.4165402756427,Chelmno,2023,6,16,20.98,23.7
53.3686185504856,18.4165402756427,Chelmno,2023,6,17,21.09,23.6
53.3686185504856,18.4165402756427,Chelmno,2023,6,18,21.13,23.4
53.3686185504856,18.4165402756427,Chelmno,2023,6,19,21.12,23.1
53.3686185504856,18.4165402756427,Chelmno,2023,6,20,21.11,23.4
53.3686185504856,18.4165402756427,Chelmno,2023,6,21,21.12,23.7
53.3686185504856,18.4165402756427,Chelmno,2023,6,22,21.18,23.9
53.3686185504856,18.4165402756427,Chelmno,2023,6,23,21.19,23.0
53.3686185504856,18.4165402756427,Chelmno,2023,6,24,21.15,22.2
53.3686185504856,18.4165402756427,Chelmno,2023,6,25,21.1,22.4
53.3686185504856,18.4165402756427,Chelmno,2023,6,26,21.12,22.6
53.3686185504856,18.4165402756427,Chelmno,2023,6,27,21.13,22.9
53.3686185504856,18.4165402756427,Chelmno,2023,6,28,21.13,23.1
53.3686185504856,18.4165402756427,Chelmno,2023,6,29,21.09,23.2
53.3686185504856,18.4165402756427,Chelmno,2023,6,30,21.08,23.5
53.3686185504856,18.4165402756427,Chelmno,2023,7,1,21.3,23.5
53.3686185504856,18.4165402756427,Chelmno,2023,7,2,21.46,23.2
53.3686185504856,18.4165402756427,Chelmno,2023,7,3,21.35,23.1
53.3686185504856,18.4165402756427,Chelmno,2023,7,4,21.19,22.9
53.3686185504856,18.4165402756427,Chelmno,2023,7,5,21.06,22.6
53.3686185504856,18.4165402756427,Chelmno,2023,7,6,21.05,22.7
53.3686185504856,18.4165402756427,Chelmno,2023,7,7,21.11,22.4
53.3686185504856,18.4165402756427,Chelmno,2023,7,8,21.02,23.0
53.3686185504856,18.4165402756427,Chelmno,2023,7,9,21.03,23.2
53.3686185504856,18.4165402756427,Chelmno,2023,7,10,21.02,23.4
53.3686185504856,18.4165402756427,Chelmno,2023,7,11,20.96,23.5
53.3686185504856,18.4165402756427,Chelmno,2023,7,12,20.88,23.4
53.3686185504856,18.4165402756427,Chelmno,2023,7,13,20.83,23.2
53.3686185504856,18.4165402756427,Chelmno,2023,7,14,20.76,23.5
53.3686185504856,18.4165402756427,Chelmno,2023,7,15,20.77,23.7
53.3686185504856,18.4165402756427,Chelmno,2023,7,16,20.76,23.8
53.3686185504856,18.4165402756427,Chelmno,2023,7,17,20.75,23.9
53.3686185504856,18.4165402756427,Chelmno,2023,7,18,20.7,23.5
53.3686185504856,18.4165402756427,Chelmno,2023,7,19,20.69,23.6
53.3686185504856,18.4165402756427,Chelmno,2023,7,20,20.63,23.4
53.3686185504856,18.4165402756427,Chelmno,2023,7,21,20.71,23.7
53.3686185504856,18.4165402756427,Chelmno,2023,7,22,20.77,24.0
53.3686185504856,18.4165402756427,Chelmno,2023,7,23,20.7,24.2
53.3686185504856,18.4165402756427,Chelmno,2023,7,24,20.65,24.4
53.3686185504856,18.4165402756427,Chelmno,2023,7,25,20.72,24.6
53.3686185504856,18.4165402756427,Chelmno,2023,7,26,20.72,24.5
53.3686185504856,18.4165402756427,Chelmno,2023,7,27,20.63,24.7
53.3686185504856,18.4165402756427,Chelmno,2023,7,28,20.71,24.4
53.3686185504856,18.4165402756427,Chelmno,2023,7,29,20.72,24.8
53.3686185504856,18.4165402756427,Chelmno,2023,7,30,20.78,24.3
53.3686185504856,18.4165402756427,Chelmno,2023,7,31,20.82,24.2
53.3686185504856,18.4165402756427,Chelmno,2023,8,1,20.93,23.5
53.3686185504856,18.4165402756427,Chelmno,2023,8,2,21.17,23.2
53.3686185504856,18.4165402756427,Chelmno,2023,8,3,21.28,21.7
53.3686185504856,18.4165402756427,Chelmno,2023,8,4,21.29,21.4
53.3686185504856,18.4165402756427,Chelmno,2023,8,5,21.15,21.6
53.3686185504856,18.4165402756427,Chelmno,2023,8,6,20.98,22.9
53.3686185504856,18.4165402756427,Chelmno,2023,8,7,21.05,22.6
53.3686185504856,18.4165402756427,Chelmno,2023,8,8,21.02,22.4
53.3686185504856,18.4165402756427,Chelmno,2023,8,9,20.97,22.2
53.3686185504856,18.4165402756427,Chelmno,2023,8,10,21.07,23.0
53.3686185504856,18.4165402756427,Chelmno,2023,8,11,21.26,23.9
53.3686185504856,18.4165402756427,Chelmno,2023,8,12,21.44,23.7
53.3686185504856,18.4165402756427,Chelmno,2023,8,13,22.09,23.4
53.3686185504856,18.4165402756427,Chelmno,2023,8,14,22.2,23.6
53.3686185504856,18.4165402756427,Chelmno,2023,8,15,21.75,23.7
53.3686185504856,18.4165402756427,Chelmno,2023,8,16,21.44,23.4
53.3686185504856,18.4165402756427,Chelmno,2023,8,17,21.51,23.1
53.3686185504856,18.4165402756427,Chelmno,2023,8,18,21.31,23.4
53.3686185504856,18.4165402756427,Chelmno,2023,8,19,21.25,23.6
53.3686185504856,18.4165402756427,Chelmno,2023,8,20,21.17,23.7
53.3686185504856,18.4165402756427,Chelmno,2023,8,21,21.03,23.5
53.3686185504856,18.4165402756427,Chelmno,2023,8,22,20.95,23.3
53.3686185504856,18.4165402756427,Chelmno,2023,8,23,20.89,23.1
53.3686185504856,18.4165402756427,Chelmno,2023,8,24,20.81,23.0
53.3686185504856,18.4165402756427,Chelmno,2023,8,25,20.82,22.7
53.3686185504856,18.4165402756427,Chelmno,2023,8,26,20.86,22.5
53.3686185504856,18.4165402756427,Chelmno,2023,8,27,20.82,22.3
53.3686185504856,18.4165402756427,Chelmno,2023,8,28,20.81,22.2
53.3686185504856,18.4165402756427,Chelmno,2023,8,29,20.8,22.0
53.3686185504856,18.4165402756427,Chelmno,2023,8,30,20.79,21.8
53.3686185504856,18.4165402756427,Chelmno,2023,8,31,20.81,21.6
53.3686185504856,18.4165402756427,Chelmno,2023,9,1,20.75,21.7
53.3686185504856,18.4165402756427,Chelmno,2023,9,2,20.78,20.5
53.3686185504856,18.4165402756427,Chelmno,2023,9,3,20.94,20.6
53.3686185504856,18.4165402756427,Chelmno,2023,9,4,21.1,21.8
53.3686185504856,18.4165402756427,Chelmno,2023,9,5,21.16,20.4
53.3686185504856,18.4165402756427,Chelmno,2023,9,6,21.13,20.8
53.3686185504856,18.4165402756427,Chelmno,2023,9,7,21.2,21.7
53.3686185504856,18.4165402756427,Chelmno,2023,9,8,21.29,19.7
53.3686185504856,18.4165402756427,Chelmno,2023,9,9,21.28,19.6
53.3686185504856,18.4165402756427,Chelmno,2023,9,10,21.23,19.8
53.3686185504856,18.4165402756427,Chelmno,2023,9,11,21.14,20.7
53.3686185504856,18.4165402756427,Chelmno,2023,9,12,21.02,20.9
53.3686185504856,18.4165402756427,Chelmno,2023,9,13,20.92,21.8
53.3686185504856,18.4165402756427,Chelmno,2023,9,14,20.89,21.6
53.3686185504856,18.4165402756427,Chelmno,2023,9,15,20.8,21.7
53.3686185504856,18.4165402756427,Chelmno,2023,9,16,20.73,20.9
53.3686185504856,18.4165402756427,Chelmno,2023,9,17,20.73,20.6
53.3686185504856,18.4165402756427,Chelmno,2023,9,18,20.71,20.7
53.3686185504856,18.4165402756427,Chelmno,2023,9,19,20.64,20.5
53.3686185504856,18.4165402756427,Chelmno,2023,9,20,20.57,20.8
53.3686185504856,18.4165402756427,Chelmno,2023,9,21,20.56,19.7
53.3686185504856,18.4165402756427,Chelmno,2023,9,22,20.63,19.5
53.3686185504856,18.4165402756427,Chelmno,2023,9,23,20.65,19.6
53.3686185504856,18.4165402756427,Chelmno,2023,9,24,20.59,20.7
53.3686185504856,18.4165402756427,Chelmno,2023,9,25,20.76,20.6
53.3686185504856,18.4165402756427,Chelmno,2023,9,26,20.78,20.8
53.3686185504856,18.4165402756427,Chelmno,2023,9,27,20.67,21.7
53.3686185504856,18.4165402756427,Chelmno,2023,9,28,20.63,21.4
53.3686185504856,18.4165402756427,Chelmno,2023,9,29,20.64,20.9
53.3686185504856,18.4165402756427,Chelmno,2023,9,30,20.66,20.7
53.3686185504856,18.4165402756427,Chelmno,2023,10,1,20.68,18.5
53.3686185504856,18.4165402756427,Chelmno,2023,10,2,20.78,18.3
53.3686185504856,18.4165402756427,Chelmno,2023,10,3,20.82,17.7
53.3686185504856,18.4165402756427,Chelmno,2023,10,4,20.73,17.4
53.3686185504856,18.4165402756427,Chelmno,2023,10,5,20.87,16.5
53.3686185504856,18.4165402756427,Chelmno,2023,10,6,20.8,16.6
53.3686185504856,18.4165402756427,Chelmno,2023,10,7,20.59,15.9
53.3686185504856,18.4165402756427,Chelmno,2023,10,8,20.64,15.5
53.3686185504856,18.4165402756427,Chelmno,2023,10,9,20.69,15.2
53.3686185504856,18.4165402756427,Chelmno,2023,10,10,20.69,16.1
53.3686185504856,18.4165402756427,Chelmno,2023,10,11,20.65,14.9
53.3686185504856,18.4165402756427,Chelmno,2023,10,12,20.58,14.7
53.3686185504856,18.4165402756427,Chelmno,2023,10,13,20.71,13.6
53.3686185504856,18.4165402756427,Chelmno,2023,10,14,20.68,13.8
53.3686185504856,18.4165402756427,Chelmno,2023,10,15,20.6,13.4
53.3686185504856,18.4165402756427,Chelmno,2023,10,16,20.74,12.9
53.3686185504856,18.4165402756427,Chelmno,2023,10,17,20.76,12.5
53.3686185504856,18.4165402756427,Chelmno,2023,10,18,20.6,12.3
53.3686185504856,18.4165402756427,Chelmno,2023,10,19,20.6,11.9
53.3686185504856,18.4165402756427,Chelmno,2023,10,20,20.72,11.7
53.3686185504856,18.4165402756427,Chelmno,2023,10,21,20.82,10.8
53.3686185504856,18.4165402756427,Chelmno,2023,10,22,21.07,10.6
53.3686185504856,18.4165402756427,Chelmno,2023,10,23,21.21,9.5
53.3686185504856,18.4165402756427,Chelmno,2023,10,24,20.86,8.7
53.3686185504856,18.4165402756427,Chelmno,2023,10,25,20.75,8.5
53.3686185504856,18.4165402756427,Chelmno,2023,10,26,20.78,7.7
53.3686185504856,18.4165402756427,Chelmno,2023,10,27,20.87,6.9
53.3686185504856,18.4165402756427,Chelmno,2023,10,28,20.87,6.6
53.3686185504856,18.4165402756427,Chelmno,2023,10,29,20.97,6.8
53.3686185504856,18.4165402756427,Chelmno,2023,10,30,21.07,6.7
53.3686185504856,18.4165402756427,Chelmno,2023,10,31,21.21,7.9
53.3686185504856,18.4165402756427,Chelmno,2023,11,1,21.23,7.9
53.3686185504856,18.4165402756427,Chelmno,2023,11,2,21.27,7.9
53.3686185504856,18.4165402756427,Chelmno,2023,11,3,21.59,7.9
53.3686185504856,18.4165402756427,Chelmno,2023,11,4,21.96,7.9
53.3686185504856,18.4165402756427,Chelmno,2023,11,5,21.98,7.9
53.3686185504856,18.4165402756427,Chelmno,2023,11,6,21.73,7.9
53.3686185504856,18.4165402756427,Chelmno,2023,11,7,21.5,7.9
53.3686185504856,18.4165402756427,Chelmno,2023,11,8,21.3,7.9
53.3686185504856,18.4165402756427,Chelmno,2023,11,9,21.47,7.9
53.3686185504856,18.4165402756427,Chelmno,2023,11,10,21.61,7.9
53.3686185504856,18.4165402756427,Chelmno,2023,11,11,21.62,7.9
53.3686185504856,18.4165402756427,Chelmno,2023,11,12,21.64,7.9
53.3686185504856,18.4165402756427,Chelmno,2023,11,13,21.78,7.9
53.3686185504856,18.4165402756427,Chelmno,2023,11,14,21.5,7.9
53.3686185504856,18.4165402756427,Chelmno,2023,11,15,21.37,7.9
53.3686185504856,18.4165402756427,Chelmno,2023,11,16,21.34,7.9
53.3686185504856,18.4165402756427,Chelmno,2023,11,17,21.33,7.9
53.3686185504856,18.4165402756427,Chelmno,2023,11,18,21.29,7.9
53.3686185504856,18.4165402756427,Chelmno,2023,11,19,21.41,7.9
53.3686185504856,18.4165402756427,Chelmno,2023,11,20,21.9,7.9
53.3686185504856,18.4165402756427,Chelmno,2023,11,21,21.74,7.9
53.3686185504856,18.4165402756427,Chelmno,2023,11,22,21.67,7.9
53.3686185504856,18.4165402756427,Chelmno,2023,11,23,21.82,7.9
53.3686185504856,18.4165402756427,Chelmno,2023,11,24,22.0,7.9
53.3686185504856,18.4165402756427,Chelmno,2023,11,25,22.27,7.9
53.3686185504856,18.4165402756427,Chelmno,2023,11,26,22.2,7.9
53.3686185504856,18.4165402756427,Chelmno,2023,11,27,22.4,7.9
53.3686185504856,18.4165402756427,Chelmno,2023,11,28,22.88,7.9
53.3686185504856,18.4165402756427,Chelmno,2023,11,29,22.74,7.9
53.3686185504856,18.4165402756427,Chelmno,2023,11,30,22.04,7.9
53.3686185504856,18.4165402756427,Chelmno,2024,5,1,22.09,7.9
53.3686185504856,18.4165402756427,Chelmno,2024,5,2,22.1,7.9
53.3686185504856,18.4165402756427,Chelmno,2024,5,3,22.13,7.9
53.3686185504856,18.4165402756427,Chelmno,2024,5,4,22.12,7.9
53.3686185504856,18.4165402756427,Chelmno,2024,5,5,22.1,7.9
53.3686185504856,18.4165402756427,Chelmno,2024,5,6,22.01,7.9
53.3686185504856,18.4165402756427,Chelmno,2024,5,7,21.77,7.9
53.3686185504856,18.4165402756427,Chelmno,2024,5,8,21.8,7.9
53.3686185504856,18.4165402756427,Chelmno,2024,5,9,21.82,7.9
53.3686185504856,18.4165402756427,Chelmno,2024,5,10,21.75,7.9
53.3686185504856,18.4165402756427,Chelmno,2024,5,11,21.71,7.9
53.3686185504856,18.4165402756427,Chelmno,2024,5,12,21.65,7.9
53.3686185504856,18.4165402756427,Chelmno,2024,5,13,21.62,7.9
53.3686185504856,18.4165402756427,Chelmno,2024,5,14,21.57,7.9
53.3686185504856,18.4165402756427,Chelmno,2024,5,15,21.54,7.9
53.3686185504856,18.4165402756427,Chelmno,2024,5,16,21.56,7.9
53.3686185504856,18.4165402756427,Chelmno,2024,5,17,21.54,7.9
53.3686185504856,18.4165402756427,Chelmno,2024,5,18,21.49,7.9
53.3686185504856,18.4165402756427,Chelmno,2024,5,19,21.41,7.9
53.3686185504856,18.4165402756427,Chelmno,2024,5,20,21.37,7.9
53.3686185504856,18.4165402756427,Chelmno,2024,5,21,21.25,7.9
53.3686185504856,18.4165402756427,Chelmno,2024,5,22,21.18,7.9
53.3686185504856,18.4165402756427,Chelmno,2024,5,23,21.32,7.9
53.3686185504856,18.4165402756427,Chelmno,2024,5,24,21.28,7.9
53.3686185504856,18.4165402756427,Chelmno,2024,5,25,21.22,7.9
53.3686185504856,18.4165402756427,Chelmno,2024,5,26,21.14,7.9
53.3686185504856,18.4165402756427,Chelmno,2024,5,27,21.16,7.9
53.3686185504856,18.4165402756427,Chelmno,2024,5,28,21.27,7.9
53.3686185504856,18.4165402756427,Chelmno,2024,5,29,21.31,7.9
53.3686185504856,18.4165402756427,Chelmno,2024,5,30,21.26,7.9
53.3686185504856,18.4165402756427,Chelmno,2024,5,31,21.18,7.9
53.3686185504856,18.4165402756427,Chelmno,2024,6,1,21.23,7.9
53.3686185504856,18.4165402756427,Chelmno,2024,6,2,21.2,7.9
53.3686185504856,18.4165402756427,Chelmno,2024,6,3,21.18,7.9
53.3686185504856,18.4165402756427,Chelmno,2024,6,4,21.12,7.9
53.3686185504856,18.4165402756427,Chelmno,2024,6,5,21.07,7.9
53.3686185504856,18.4165402756427,Chelmno,2024,6,6,21.13,7.9
53.3686185504856,18.4165402756427,Chelmno,2024,6,7,21.14,7.9
53.3686185504856,18.4165402756427,Chelmno,2024,6,8,21.14,7.9
53.3686185504856,18.4165402756427,Chelmno,2024,6,9,21.11,7.9
53.3686185504856,18.4165402756427,Chelmno,2024,6,10,21.08,7.9
53.3686185504856,18.4165402756427,Chelmno,2024,6,11,21.41,7.9
53.3686185504856,18.4165402756427,Chelmno,2024,6,12,21.8,7.9
53.3686185504856,18.4165402756427,Chelmno,2024,6,13,21.73,7.9
53.3686185504856,18.4165402756427,Chelmno,2024,6,14,21.52,7.9
53.3686185504856,18.4165402756427,Chelmno,2024,6,15,21.37,7.9
53.3686185504856,18.4165402756427,Chelmno,2024,6,16,21.34,7.9
53.3686185504856,18.4165402756427,Chelmno,2024,6,17,21.38,7.9
53.3686185504856,18.4165402756427,Chelmno,2024,6,18,21.52,7.9
53.3686185504856,18.4165402756427,Chelmno,2024,6,19,21.43,7.9
53.3686185504856,18.4165402756427,Chelmno,2024,6,20,21.31,7.9
53.3686185504856,18.4165402756427,Chelmno,2024,6,21,21.26,7.9
53.3686185504856,18.4165402756427,Chelmno,2024,6,22,21.29,7.9
53.3686185504856,18.4165402756427,Chelmno,2024,6,23,21.25,7.9
53.3686185504856,18.4165402756427,Chelmno,2024,6,24,21.23,7.9
53.3686185504856,18.4165402756427,Chelmno,2024,6,25,21.12,7.9
53.3686185504856,18.4165402756427,Chelmno,2024,6,26,21.0,7.9
53.3686185504856,18.4165402756427,Chelmno,2024,6,27,21.03,7.9
53.3686185504856,18.4165402756427,Chelmno,2024,6,28,21.05,7.9
53.3686185504856,18.4165402756427,Chelmno,2024,6,29,21.04,7.9
53.3686185504856,18.4165402756427,Chelmno,2024,6,30,21.01,7.9
53.3686185504856,18.4165402756427,Chelmno,2024,7,1,20.96,7.9
53.3686185504856,18.4165402756427,Chelmno,2024,7,2,20.95,7.9
53.3686185504856,18.4165402756427,Chelmno,2024,7,3,20.89,7.9
53.3686185504856,18.4165402756427,Chelmno,2024,7,4,20.89,7.9
53.3686185504856,18.4165402756427,Chelmno,2024,7,5,20.88,7.9
53.3686185504856,18.4165402756427,Chelmno,2024,7,6,20.87,7.9
53.3686185504856,18.4165402756427,Chelmno,2024,7,7,20.85,7.9
53.3686185504856,18.4165402756427,Chelmno,2024,7,8,20.85,7.9
53.3686185504856,18.4165402756427,Chelmno,2024,7,9,20.83,7.9
53.3686185504856,18.4165402756427,Chelmno,2024,7,10,20.93,7.9
53.3686185504856,18.4165402756427,Chelmno,2024,7,11,21.11,7.9
53.3686185504856,18.4165402756427,Chelmno,2024,7,12,21.03,7.9
53.3686185504856,18.4165402756427,Chelmno,2024,7,13,20.96,7.9
53.3686185504856,18.4165402756427,Chelmno,2024,7,14,21.08,7.9
53.3686185504856,18.4165402756427,Chelmno,2024,7,15,21.01,7.9
53.3686185504856,18.4165402756427,Chelmno,2024,7,16,20.95,7.9
53.3686185504856,18.4165402756427,Chelmno,2024,7,17,20.98,7.9
53.3686185504856,18.4165402756427,Chelmno,2024,7,18,20.92,7.9
53.3686185504856,18.4165402756427,Chelmno,2024,7,19,20.94,7.9
53.3686185504856,18.4165402756427,Chelmno,2024,7,20,21.06,7.9
53.3686185504856,18.4165402756427,Chelmno,2024,7,21,21.04,7.9
53.3686185504856,18.4165402756427,Chelmno,2024,7,22,21.04,7.9
53.3686185504856,18.4165402756427,Chelmno,2024,7,23,21.03,7.9
53.3686185504856,18.4165402756427,Chelmno,2024,7,24,21.0,7.9
53.3686185504856,18.4165402756427,Chelmno,2024,7,25,20.94,7.9
53.3686185504856,18.4165402756427,Chelmno,2024,7,26,20.9,7.9
53.3686185504856,18.4165402756427,Chelmno,2024,7,27,20.99,7.9
53.3686185504856,18.4165402756427,Chelmno,2024,7,28,20.98,7.9
53.3686185504856,18.4165402756427,Chelmno,2024,7,29,20.91,7.9
53.3686185504856,18.4165402756427,Chelmno,2024,7,30,20.88,7.9
53.3686185504856,18.4165402756427,Chelmno,2024,7,31,20.81,7.9
53.3686185504856,18.4165402756427,Chelmno,2024,8,1,20.75,7.9
53.3686185504856,18.4165402756427,Chelmno,2024,8,2,20.75,7.9
53.3686185504856,18.4165402756427,Chelmno,2024,8,3,20.76,7.9
53.3686185504856,18.4165402756427,Chelmno,2024,8,4,20.76,7.9
53.3686185504856,18.4165402756427,Chelmno,2024,8,5,20.74,7.9
53.3686185504856,18.4165402756427,Chelmno,2024,8,6,20.71,7.9
53.3686185504856,18.4165402756427,Chelmno,2024,8,7,20.7,7.9
53.3686185504856,18.4165402756427,Chelmno,2024,8,8,20.7,7.9
53.3686185504856,18.4165402756427,Chelmno,2024,8,9,20.71,7.9
53.3686185504856,18.4165402756427,Chelmno,2024,8,10,20.75,7.9
53.3686185504856,18.4165402756427,Chelmno,2024,8,11,20.77,7.9
53.3686185504856,18.4165402756427,Chelmno,2024,8,12,20.76,7.9
53.3686185504856,18.4165402756427,Chelmno,2024,8,13,20.77,7.9
53.3686185504856,18.4165402756427,Chelmno,2024,8,14,20.78,7.9
53.3686185504856,18.4165402756427,Chelmno,2024,8,15,20.79,7.9
53.3686185504856,18.4165402756427,Chelmno,2024,8,16,20.86,7.9
53.3686185504856,18.4165402756427,Chelmno,2024,8,17,20.93,7.9
53.3686185504856,18.4165402756427,Chelmno,2024,8,18,20.91,7.9
53.3686185504856,18.4165402756427,Chelmno,2024,8,19,20.86,7.9
53.3686185504856,18.4165402756427,Chelmno,2024,8,20,20.77,7.9
53.3686185504856,18.4165402756427,Chelmno,2024,8,21,20.8,7.9
53.3686185504856,18.4165402756427,Chelmno,2024,8,22,20.87,7.9
53.3686185504856,18.4165402756427,Chelmno,2024,8,23,20.92,7.9
53.3686185504856,18.4165402756427,Chelmno,2024,8,24,20.89,7.9
53.3686185504856,18.4165402756427,Chelmno,2024,8,25,20.84,7.9
53.3686185504856,18.4165402756427,Chelmno,2024,8,26,20.73,7.9
53.3686185504856,18.4165402756427,Chelmno,2024,8,27,20.71,7.9
53.3686185504856,18.4165402756427,Chelmno,2024,8,28,20.74,7.9
53.3686185504856,18.4165402756427,Chelmno,2024,8,29,20.77,7.9
53.3686185504856,18.4165402756427,Chelmno,2024,8,30,20.76,7.9
53.3686185504856,18.4165402756427,Chelmno,2024,8,31,20.74,7.9
53.3686185504856,18.4165402756427,Chelmno,2024,9,1,20.73,7.9
53.3686185504856,18.4165402756427,Chelmno,2024,9,2,20.7,7.9
53.3686185504856,18.4165402756427,Chelmno,2024,9,3,20.64,7.9
53.3686185504856,18.4165402756427,Chelmno,2024,9,4,20.58,7.9
53.3686185504856,18.4165402756427,Chelmno,2024,9,5,20.55,7.9
53.3686185504856,18.4165402756427,Chelmno,2024,9,6,20.56,7.9
53.3686185504856,18.4165402756427,Chelmno,2024,9,7,20.59,7.9
53.3686185504856,18.4165402756427,Chelmno,2024,9,8,20.58,7.9
53.3686185504856,18.4165402756427,Chelmno,2024,9,9,20.54,7.9
53.3686185504856,18.4165402756427,Chelmno,2024,9,10,20.49,7.9
53.3686185504856,18.4165402756427,Chelmno,2024,9,11,20.46,7.9
53.3686185504856,18.4165402756427,Chelmno,2024,9,12,20.43,7.9
53.3686185504856,18.4165402756427,Chelmno,2024,9,13,20.46,7.9
53.3686185504856,18.4165402756427,Chelmno,2024,9,14,20.51,7.9
53.3686185504856,18.4165402756427,Chelmno,2024,9,15,20.51,7.9
53.3686185504856,18.4165402756427,Chelmno,2024,9,16,20.53,7.9
53.3686185504856,18.4165402756427,Chelmno,2024,9,17,20.58,7.9
53.3686185504856,18.4165402756427,Chelmno,2024,9,18,20.63,7.9
53.3686185504856,18.4165402756427,Chelmno,2024,9,19,20.67,7.9
53.3686185504856,18.4165402756427,Chelmno,2024,9,20,20.65,7.9
53.3686185504856,18.4165402756427,Chelmno,2024,9,21,20.85,7.9
53.3686185504856,18.4165402756427,Chelmno,2024,9,22,21.58,7.9
53.3686185504856,18.4165402756427,Chelmno,2024,9,23,21.76,7.9
53.3686185504856,18.4165402756427,Chelmno,2024,9,24,21.68,7.9
53.3686185504856,18.4165402756427,Chelmno,2024,9,25,21.5,7.9
53.3686185504856,18.4165402756427,Chelmno,2024,9,26,21.32,7.9
53.3686185504856,18.4165402756427,Chelmno,2024,9,27,21.18,7.9
53.3686185504856,18.4165402756427,Chelmno,2024,9,28,21.01,7.9
53.3686185504856,18.4165402756427,Chelmno,2024,9,29,20.89,7.9
53.3686185504856,18.4165402756427,Chelmno,2024,9,30,20.91,7.9
53.3686185504856,18.4165402756427,Chelmno,2024,10,1,20.87,7.9
53.3686185504856,18.4165402756427,Chelmno,2024,10,2,20.85,7.9
53.3686185504856,18.4165402756427,Chelmno,2024,10,3,20.92,7.9
53.3686185504856,18.4165402756427,Chelmno,2024,10,4,20.89,7.9
53.3686185504856,18.4165402756427,Chelmno,2024,10,5,20.85,7.9
53.3686185504856,18.4165402756427,Chelmno,2024,10,6,20.69,7.9
53.3686185504856,18.4165402756427,Chelmno,2024,10,7,20.83,7.9
53.3686185504856,18.4165402756427,Chelmno,2024,10,8,20.86,7.9
53.3686185504856,18.4165402756427,Chelmno,2024,10,9,20.75,7.9
53.3686185504856,18.4165402756427,Chelmno,2024,10,10,20.7,7.9
53.3686185504856,18.4165402756427,Chelmno,2024,10,11,20.68,7.9
53.3686185504856,18.4165402756427,Chelmno,2024,10,12,20.79,7.9
53.3686185504856,18.4165402756427,Chelmno,2024,10,13,20.8,7.9
53.3686185504856,18.4165402756427,Chelmno,2024,10,14,21.0,7.9
53.3686185504856,18.4165402756427,Chelmno,2024,10,15,21.18,7.9
53.3686185504856,18.4165402756427,Chelmno,2024,10,16,21.01,7.9
53.3686185504856,18.4165402756427,Chelmno,2024,10,17,20.89,7.9
53.3686185504856,18.4165402756427,Chelmno,2024,10,18,20.85,7.9
53.3686185504856,18.4165402756427,Chelmno,2024,10,19,20.99,7.9
53.3686185504856,18.4165402756427,Chelmno,2024,10,20,20.91,7.9
53.3686185504856,18.4165402756427,Chelmno,2024,10,21,20.97,7.9
53.3686185504856,18.4165402756427,Chelmno,2024,10,22,20.89,7.9
53.3686185504856,18.4165402756427,Chelmno,2024,10,23,21.03,7.9
53.3686185504856,18.4165402756427,Chelmno,2024,10,24,21.03,7.9
53.3686185504856,18.4165402756427,Chelmno,2024,10,25,20.95,7.9
53.3686185504856,18.4165402756427,Chelmno,2024,10,26,20.87,7.9
53.3686185504856,18.4165402756427,Chelmno,2024,10,27,20.86,7.9
53.3686185504856,18.4165402756427,Chelmno,2024,10,28,20.92,7.9
53.3686185504856,18.4165402756427,Chelmno,2024,10,29,20.83,7.9
53.3686185504856,18.4165402756427,Chelmno,2024,10,30,20.81,7.9
53.3686185504856,18.4165402756427,Chelmno,2024,10,31,20.78,7.9
