latitude,longitude,station,year,month,day,water_level_m_asl,water_temp_C
54.3364222775687,18.9357671710981,Gdansk_Swibno,2000,5,1,0.3799999999999999,18.8
54.3364222775687,18.9357671710981,Gdansk_Swibno,2000,5,2,0.3200000000000003,18.9
54.3364222775687,18.9357671710981,Gdansk_Swibno,2000,5,3,0.25,18.9
54.3364222775687,18.9357671710981,Gdansk_Swibno,2000,5,4,0.3200000000000003,18.1
54.3364222775687,18.9357671710981,Gdansk_Swibno,2000,5,5,0.2299999999999995,17.9
54.3364222775687,18.9357671710981,Gdansk_Swibno,2000,5,6,0.2400000000000002,17.8
54.3364222775687,18.9357671710981,Gdansk_Swibno,2000,5,7,0.2400000000000002,18.0
54.3364222775687,18.9357671710981,Gdansk_Swibno,2000,5,8,0.1399999999999997,18.0
54.3364222775687,18.9357671710981,Gdansk_Swibno,2000,5,9,0.09999999999999964,18.2
54.3364222775687,18.9357671710981,Gdansk_Swibno,2000,5,10,0.08000000000000007,18.4
54.3364222775687,18.9357671710981,Gdansk_Swibno,2000,5,11,0.1399999999999997,18.9
54.3364222775687,18.9357671710981,Gdansk_Swibno,2000,5,12,0.2400000000000002,18.0
54.3364222775687,18.9357671710981,Gdansk_Swibno,2000,5,13,0.05999999999999961,17.8
54.3364222775687,18.9357671710981,Gdansk_Swibno,2000,5,14,0.04999999999999982,18.0
54.3364222775687,18.9357671710981,Gdansk_Swibno,2000,5,15,0.0,18.2
54.3364222775687,18.9357671710981,Gdansk_Swibno,2000,5,16,0.01999999999999957,18.5
54.3364222775687,18.9357671710981,Gdansk_Swibno,2000,5,17,0.0,19.3
54.3364222775687,18.9357671710981,Gdansk_Swibno,2000,5,18,0.01999999999999957,20.1
54.3364222775687,18.9357671710981,Gdansk_Swibno,2000,5,19,0.03000000000000025,19.6
54.3364222775687,18.9357671710981,Gdansk_Swibno,2000,5,20,0.04999999999999982,19.6
54.3364222775687,18.9357671710981,Gdansk_Swibno,2000,5,21,0.03000000000000025,19.5
54.3364222775687,18.9357671710981,Gdansk_Swibno,2000,5,22,0.04999999999999982,19.1
54.3364222775687,18.9357671710981,Gdansk_Swibno,2000,5,23,0.05999999999999961,19.3
54.3364222775687,18.9357671710981,Gdansk_Swibno,2000,5,24,0.009999999999999787,18.9
54.3364222775687,18.9357671710981,Gdansk_Swibno,2000,5,25,0.04000000000000004,18.4
54.3364222775687,18.9357671710981,Gdansk_Swibno,2000,5,26,-0.02000000000000046,18.1
54.3364222775687,18.9357671710981,Gdansk_Swibno,2000,5,27,0.1200000000000001,17.9
54.3364222775687,18.9357671710981,Gdansk_Swibno,2000,5,28,0.04000000000000004,17.8
54.3364222775687,18.9357671710981,Gdansk_Swibno,2000,5,29,0.1200000000000001,18.4
54.3364222775687,18.9357671710981,Gdansk_Swibno,2000,5,30,0.08000000000000007,18.1
54.3364222775687,18.9357671710981,Gdansk_Swibno,2000,5,31,0.1399999999999997,18.2
54.3364222775687,18.9357671710981,Gdansk_Swibno,2000,6,1,0.1299999999999999,18.0
54.3364222775687,18.9357671710981,Gdansk_Swibno,2000,6,2,0.08999999999999986,17.7
54.3364222775687,18.9357671710981,Gdansk_Swibno,2000,6,3,0.1500000000000004,17.9
54.3364222775687,18.9357671710981,Gdansk_Swibno,2000,6,4,0.1699999999999999,18.0
54.3364222775687,18.9357671710981,Gdansk_Swibno,2000,6,5,0.2199999999999998,19.3
54.3364222775687,18.9357671710981,Gdansk_Swibno,2000,6,6,0.2000000000000002,19.5
54.3364222775687,18.9357671710981,Gdansk_Swibno,2000,6,7,0.1899999999999995,19.1
54.3364222775687,18.9357671710981,Gdansk_Swibno,2000,6,8,0.21,18.9
54.3364222775687,18.9357671710981,Gdansk_Swibno,2000,6,9,0.1899999999999995,18.6
54.3364222775687,18.9357671710981,Gdansk_Swibno,2000,6,10,0.1200000000000001,18.8
54.3364222775687,18.9357671710981,Gdansk_Swibno,2000,6,11,0.08999999999999986,19.3
54.3364222775687,18.9357671710981,Gdansk_Swibno,2000,6,12,0.01999999999999957,20.7
54.3364222775687,18.9357671710981,Gdansk_Swibno,2000,6,13,-0.0600000000000005,21.3
54.3364222775687,18.9357671710981,Gdansk_Swibno,2000,6,14,-0.03000000000000025,21.7
54.3364222775687,18.9357671710981,Gdansk_Swibno,2000,6,15,0.05999999999999961,21.4
54.3364222775687,18.9357671710981,Gdansk_Swibno,2000,6,16,0.2199999999999998,20.7
54.3364222775687,18.9357671710981,Gdansk_Swibno,2000,6,17,0.2800000000000002,20.5
54.3364222775687,18.9357671710981,Gdansk_Swibno,2000,6,18,0.1600000000000001,20.0
54.3364222775687,18.9357671710981,Gdansk_Swibno,2000,6,19,0.08000000000000007,19.1
54.3364222775687,18.9357671710981,Gdansk_Swibno,2000,6,20,0.05999999999999961,19.7
54.3364222775687,18.9357671710981,Gdansk_Swibno,2000,6,21,0.1200000000000001,20.5
54.3364222775687,18.9357671710981,Gdansk_Swibno,2000,6,22,0.08000000000000007,21.3
54.3364222775687,18.9357671710981,Gdansk_Swibno,2000,6,23,0.04999999999999982,23.2
54.3364222775687,18.9357671710981,Gdansk_Swibno,2000,6,24,0.04999999999999982,23.1
54.3364222775687,18.9357671710981,Gdansk_Swibno,2000,6,25,0.09999999999999964,22.1
54.3364222775687,18.9357671710981,Gdansk_Swibno,2000,6,26,0.1500000000000004,21.6
54.3364222775687,18.9357671710981,Gdansk_Swibno,2000,6,27,0.1799999999999997,20.5
54.3364222775687,18.9357671710981,Gdansk_Swibno,2000,6,28,0.2299999999999995,18.6
54.3364222775687,18.9357671710981,Gdansk_Swibno,2000,6,29,0.25,18.0
54.3364222775687,18.9357671710981,Gdansk_Swibno,2000,6,30,0.2299999999999995,17.1
54.3364222775687,18.9357671710981,Gdansk_Swibno,2000,7,1,0.2299999999999995,16.8
54.3364222775687,18.9357671710981,Gdansk_Swibno,2000,7,2,0.3099999999999996,16.8
54.3364222775687,18.9357671710981,Gdansk_Swibno,2000,7,3,0.2299999999999995,16.6
54.3364222775687,18.9357671710981,Gdansk_Swibno,2000,7,4,0.1899999999999995,16.8
54.3364222775687,18.9357671710981,Gdansk_Swibno,2000,7,5,0.2000000000000002,17.2
54.3364222775687,18.9357671710981,Gdansk_Swibno,2000,7,6,0.21,18.3
54.3364222775687,18.9357671710981,Gdansk_Swibno,2000,7,7,0.1699999999999999,18.7
54.3364222775687,18.9357671710981,Gdansk_Swibno,2000,7,8,0.1699999999999999,18.9
54.3364222775687,18.9357671710981,Gdansk_Swibno,2000,7,9,0.1699999999999999,18.9
54.3364222775687,18.9357671710981,Gdansk_Swibno,2000,7,10,0.1399999999999997,18.9
54.3364222775687,18.9357671710981,Gdansk_Swibno,2000,7,11,0.1500000000000004,19.3
54.3364222775687,18.9357671710981,Gdansk_Swibno,2000,7,12,0.21,19.6
54.3364222775687,18.9357671710981,Gdansk_Swibno,2000,7,13,0.1399999999999997,19.3
54.3364222775687,18.9357671710981,Gdansk_Swibno,2000,7,14,0.1500000000000004,18.5
54.3364222775687,18.9357671710981,Gdansk_Swibno,2000,7,15,0.3099999999999996,18.4
54.3364222775687,18.9357671710981,Gdansk_Swibno,2000,7,16,0.2800000000000002,18.8
54.3364222775687,18.9357671710981,Gdansk_Swibno,2000,7,17,0.3200000000000003,19.3
54.3364222775687,18.9357671710981,Gdansk_Swibno,2000,7,18,0.3099999999999996,19.0
54.3364222775687,18.9357671710981,Gdansk_Swibno,2000,7,19,0.2699999999999996,18.7
54.3364222775687,18.9357671710981,Gdansk_Swibno,2000,7,20,0.2800000000000002,18.0
54.3364222775687,18.9357671710981,Gdansk_Swibno,2000,7,21,0.3600000000000003,17.5
54.3364222775687,18.9357671710981,Gdansk_Swibno,2000,7,22,0.3499999999999996,16.9
54.3364222775687,18.9357671710981,Gdansk_Swibno,2000,7,23,0.2800000000000002,17.4
54.3364222775687,18.9357671710981,Gdansk_Swibno,2000,7,24,0.2699999999999996,17.9
54.3364222775687,18.9357671710981,Gdansk_Swibno,2000,7,25,0.2999999999999998,18.3
54.3364222775687,18.9357671710981,Gdansk_Swibno,2000,7,26,0.2999999999999998,18.9
54.3364222775687,18.9357671710981,Gdansk_Swibno,2000,7,27,0.2800000000000002,19.3
54.3364222775687,18.9357671710981,Gdansk_Swibno,2000,7,28,0.2400000000000002,19.5
54.3364222775687,18.9357671710981,Gdansk_Swibno,2000,7,29,0.2599999999999998,19.5
54.3364222775687,18.9357671710981,Gdansk_Swibno,2000,7,30,0.2400000000000002,19.8
54.3364222775687,18.9357671710981,Gdansk_Swibno,2000,7,31,0.1699999999999999,19.9
54.3364222775687,18.9357671710981,Gdansk_Swibno,2000,8,1,0.1600000000000001,20.0
54.3364222775687,18.9357671710981,Gdansk_Swibno,2000,8,2,0.1699999999999999,20.2
54.3364222775687,18.9357671710981,Gdansk_Swibno,2000,8,3,0.21,20.8
54.3364222775687,18.9357671710981,Gdansk_Swibno,2000,8,4,0.1899999999999995,20.7
54.3364222775687,18.9357671710981,Gdansk_Swibno,2000,8,5,0.21,21.1
54.3364222775687,18.9357671710981,Gdansk_Swibno,2000,8,6,0.2199999999999998,21.4
54.3364222775687,18.9357671710981,Gdansk_Swibno,2000,8,7,0.3200000000000003,21.6
54.3364222775687,18.9357671710981,Gdansk_Swibno,2000,8,8,0.5499999999999998,21.3
54.3364222775687,18.9357671710981,Gdansk_Swibno,2000,8,9,0.79,21.1
54.3364222775687,18.9357671710981,Gdansk_Swibno,2000,8,10,0.6799999999999997,19.2
54.3364222775687,18.9357671710981,Gdansk_Swibno,2000,8,11,0.4799999999999995,19.0
54.3364222775687,18.9357671710981,Gdansk_Swibno,2000,8,12,0.4100000000000001,19.2
54.3364222775687,18.9357671710981,Gdansk_Swibno,2000,8,13,0.3799999999999999,19.1
54.3364222775687,18.9357671710981,Gdansk_Swibno,2000,8,14,0.3300000000000001,19.3
54.3364222775687,18.9357671710981,Gdansk_Swibno,2000,8,15,0.2599999999999998,20.5
54.3364222775687,18.9357671710981,Gdansk_Swibno,2000,8,16,0.2599999999999998,21.2
54.3364222775687,18.9357671710981,Gdansk_Swibno,2000,8,17,0.2199999999999998,21.5
54.3364222775687,18.9357671710981,Gdansk_Swibno,2000,8,18,0.25,21.4
54.3364222775687,18.9357671710981,Gdansk_Swibno,2000,8,19,0.25,21.6
54.3364222775687,18.9357671710981,Gdansk_Swibno,2000,8,20,0.2800000000000002,21.4
54.3364222775687,18.9357671710981,Gdansk_Swibno,2000,8,21,0.2299999999999995,21.5
54.3364222775687,18.9357671710981,Gdansk_Swibno,2000,8,22,0.2400000000000002,21.1
54.3364222775687,18.9357671710981,Gdansk_Swibno,2000,8,23,0.2800000000000002,20.7
54.3364222775687,18.9357671710981,Gdansk_Swibno,2000,8,24,0.29,19.7
54.3364222775687,18.9357671710981,Gdansk_Swibno,2000,8,25,0.5499999999999998,19.3
54.3364222775687,18.9357671710981,Gdansk_Swibno,2000,8,26,0.3200000000000003,19.0
54.3364222775687,18.9357671710981,Gdansk_Swibno,2000,8,27,0.2199999999999998,18.8
54.3364222775687,18.9357671710981,Gdansk_Swibno,2000,8,28,0.1399999999999997,19.1
54.3364222775687,18.9357671710981,Gdansk_Swibno,2000,8,29,0.1200000000000001,20.1
54.3364222775687,18.9357671710981,Gdansk_Swibno,2000,8,30,0.1399999999999997,20.0
54.3364222775687,18.9357671710981,Gdansk_Swibno,2000,8,31,0.1399999999999997,20.0
54.3364222775687,18.9357671710981,Gdansk_Swibno,2000,9,1,0.1399999999999997,19.8
54.3364222775687,18.9357671710981,Gdansk_Swibno,2000,9,2,0.1200000000000001,19.7
54.3364222775687,18.9357671710981,Gdansk_Swibno,2000,9,3,0.1899999999999995,19.4
54.3364222775687,18.9357671710981,Gdansk_Swibno,2000,9,4,0.4199999999999999,18.7
54.3364222775687,18.9357671710981,Gdansk_Swibno,2000,9,5,0.3499999999999996,18.0
54.3364222775687,18.9357671710981,Gdansk_Swibno,2000,9,6,0.1399999999999997,17.7
54.3364222775687,18.9357671710981,Gdansk_Swibno,2000,9,7,0.04999999999999982,16.7
54.3364222775687,18.9357671710981,Gdansk_Swibno,2000,9,8,-0.0600000000000005,16.3
54.3364222775687,18.9357671710981,Gdansk_Swibno,2000,9,9,0.03000000000000025,16.5
54.3364222775687,18.9357671710981,Gdansk_Swibno,2000,9,10,0.08000000000000007,16.7
54.3364222775687,18.9357671710981,Gdansk_Swibno,2000,9,11,0.1600000000000001,16.7
54.3364222775687,18.9357671710981,Gdansk_Swibno,2000,9,12,0.21,16.3
54.3364222775687,18.9357671710981,Gdansk_Swibno,2000,9,13,0.1600000000000001,16.3
54.3364222775687,18.9357671710981,Gdansk_Swibno,2000,9,14,0.2299999999999995,15.5
54.3364222775687,18.9357671710981,Gdansk_Swibno,2000,9,15,0.1200000000000001,15.5
54.3364222775687,18.9357671710981,Gdansk_Swibno,2000,9,16,-0.009999999999999787,15.3
54.3364222775687,18.9357671710981,Gdansk_Swibno,2000,9,17,-0.08999999999999986,14.8
54.3364222775687,18.9357671710981,Gdansk_Swibno,2000,9,18,-0.1100000000000003,14.4
54.3364222775687,18.9357671710981,Gdansk_Swibno,2000,9,19,-0.1100000000000003,14.0
54.3364222775687,18.9357671710981,Gdansk_Swibno,2000,9,20,-0.08000000000000007,13.6
54.3364222775687,18.9357671710981,Gdansk_Swibno,2000,9,21,-0.08000000000000007,13.3
54.3364222775687,18.9357671710981,Gdansk_Swibno,2000,9,22,-0.09999999999999964,13.5
54.3364222775687,18.9357671710981,Gdansk_Swibno,2000,9,23,-0.1799999999999997,13.3
54.3364222775687,18.9357671710981,Gdansk_Swibno,2000,9,24,-0.2000000000000002,13.0
54.3364222775687,18.9357671710981,Gdansk_Swibno,2000,9,25,-0.21,12.8
54.3364222775687,18.9357671710981,Gdansk_Swibno,2000,9,26,-0.2000000000000002,12.5
54.3364222775687,18.9357671710981,Gdansk_Swibno,2000,9,27,-0.2199999999999998,12.3
54.3364222775687,18.9357671710981,Gdansk_Swibno,2000,9,28,-0.2199999999999998,12.7
54.3364222775687,18.9357671710981,Gdansk_Swibno,2000,9,29,-0.2199999999999998,13.2
54.3364222775687,18.9357671710981,Gdansk_Swibno,2000,9,30,-0.2199999999999998,13.5
54.3364222775687,18.9357671710981,Gdansk_Swibno,2000,10,1,-0.2199999999999998,13.8
54.3364222775687,18.9357671710981,Gdansk_Swibno,2000,10,2,-0.21,13.8
54.3364222775687,18.9357671710981,Gdansk_Swibno,2000,10,3,-0.21,13.8
54.3364222775687,18.9357671710981,Gdansk_Swibno,2000,10,4,-0.1600000000000001,14.0
54.3364222775687,18.9357671710981,Gdansk_Swibno,2000,10,5,-0.1200000000000001,14.2
54.3364222775687,18.9357671710981,Gdansk_Swibno,2000,10,6,-0.0600000000000005,14.4
54.3364222775687,18.9357671710981,Gdansk_Swibno,2000,10,7,-0.03000000000000025,14.8
54.3364222775687,18.9357671710981,Gdansk_Swibno,2000,10,8,-0.04999999999999982,15.3
54.3364222775687,18.9357671710981,Gdansk_Swibno,2000,10,9,-0.1399999999999997,13.4
54.3364222775687,18.9357671710981,Gdansk_Swibno,2000,10,10,-0.2199999999999998,13.2
54.3364222775687,18.9357671710981,Gdansk_Swibno,2000,10,11,-0.2800000000000002,13.4
54.3364222775687,18.9357671710981,Gdansk_Swibno,2000,10,12,-0.2000000000000002,13.1
54.3364222775687,18.9357671710981,Gdansk_Swibno,2000,10,13,-0.1600000000000001,13.1
54.3364222775687,18.9357671710981,Gdansk_Swibno,2000,10,14,-0.1200000000000001,13.5
54.3364222775687,18.9357671710981,Gdansk_Swibno,2000,10,15,-0.1500000000000004,12.1
54.3364222775687,18.9357671710981,Gdansk_Swibno,2000,10,16,-0.1299999999999999,12.8
54.3364222775687,18.9357671710981,Gdansk_Swibno,2000,10,17,-0.1799999999999997,12.5
54.3364222775687,18.9357671710981,Gdansk_Swibno,2000,10,18,-0.1799999999999997,12.4
54.3364222775687,18.9357671710981,Gdansk_Swibno,2000,10,19,-0.2400000000000002,12.6
54.3364222775687,18.9357671710981,Gdansk_Swibno,2000,10,20,-0.2400000000000002,12.0
54.3364222775687,18.9357671710981,Gdansk_Swibno,2000,10,21,-0.2300000000000004,11.6
54.3364222775687,18.9357671710981,Gdansk_Swibno,2000,10,22,-0.3100000000000005,11.3
54.3364222775687,18.9357671710981,Gdansk_Swibno,2000,10,23,-0.1699999999999999,10.7
54.3364222775687,18.9357671710981,Gdansk_Swibno,2000,10,24,-0.2199999999999998,10.4
54.3364222775687,18.9357671710981,Gdansk_Swibno,2000,10,25,-0.21,10.2
54.3364222775687,18.9357671710981,Gdansk_Swibno,2000,10,26,-0.0600000000000005,10.3
54.3364222775687,18.9357671710981,Gdansk_Swibno,2000,10,27,0.08000000000000007,9.9
54.3364222775687,18.9357671710981,Gdansk_Swibno,2000,10,28,0.04999999999999982,9.6
54.3364222775687,18.9357671710981,Gdansk_Swibno,2000,10,29,0.009999999999999787,9.6
54.3364222775687,18.9357671710981,Gdansk_Swibno,2000,10,30,-0.0600000000000005,10.2
54.3364222775687,18.9357671710981,Gdansk_Swibno,2000,10,31,-0.1200000000000001,10.6
54.3364222775687,18.9357671710981,Gdansk_Swibno,2000,11,1,-0.1200000000000001,10.2
54.3364222775687,18.9357671710981,Gdansk_Swibno,2000,11,2,-0.08000000000000007,10.0
54.3364222775687,18.9357671710981,Gdansk_Swibno,2000,11,3,-0.08000000000000007,9.8
54.3364222775687,18.9357671710981,Gdansk_Swibno,2000,11,4,-0.04000000000000004,10.0
54.3364222775687,18.9357671710981,Gdansk_Swibno,2000,11,5,0.009999999999999787,9.7
54.3364222775687,18.9357671710981,Gdansk_Swibno,2000,11,6,-0.09999999999999964,9.3
54.3364222775687,18.9357671710981,Gdansk_Swibno,2000,11,7,-0.08999999999999986,8.7
54.3364222775687,18.9357671710981,Gdansk_Swibno,2000,11,8,-0.1100000000000003,8.6
54.3364222775687,18.9357671710981,Gdansk_Swibno,2000,11,9,-0.09999999999999964,8.3
54.3364222775687,18.9357671710981,Gdansk_Swibno,2000,11,10,-0.09999999999999964,7.8
54.3364222775687,18.9357671710981,Gdansk_Swibno,2000,11,11,-0.08999999999999986,8.2
54.3364222775687,18.9357671710981,Gdansk_Swibno,2000,11,12,-0.1399999999999997,7.7
54.3364222775687,18.9357671710981,Gdansk_Swibno,2000,11,13,-0.1900000000000004,7.7
54.3364222775687,18.9357671710981,Gdansk_Swibno,2000,11,14,-0.0600000000000005,8.0
54.3364222775687,18.9357671710981,Gdansk_Swibno,2000,11,15,-0.02000000000000046,8.0
54.3364222775687,18.9357671710981,Gdansk_Swibno,2000,11,16,-0.03000000000000025,7.6
54.3364222775687,18.9357671710981,Gdansk_Swibno,2000,11,17,-0.04999999999999982,7.0
54.3364222775687,18.9357671710981,Gdansk_Swibno,2000,11,18,-0.04999999999999982,6.8
54.3364222775687,18.9357671710981,Gdansk_Swibno,2000,11,19,-0.21,6.4
54.3364222775687,18.9357671710981,Gdansk_Swibno,2000,11,20,-0.07000000000000028,6.3
54.3364222775687,18.9357671710981,Gdansk_Swibno,2000,11,21,-0.07000000000000028,6.0
54.3364222775687,18.9357671710981,Gdansk_Swibno,2000,11,22,-0.1200000000000001,6.1
54.3364222775687,18.9357671710981,Gdansk_Swibno,2000,11,23,-0.1600000000000001,6.7
54.3364222775687,18.9357671710981,Gdansk_Swibno,2000,11,24,-0.1699999999999999,6.4
54.3364222775687,18.9357671710981,Gdansk_Swibno,2000,11,25,-0.2000000000000002,6.7
54.3364222775687,18.9357671710981,Gdansk_Swibno,2000,11,26,-0.2199999999999998,6.5
54.3364222775687,18.9357671710981,Gdansk_Swibno,2000,11,27,-0.1500000000000004,6.2
54.3364222775687,18.9357671710981,Gdansk_Swibno,2000,11,28,-0.1900000000000004,6.1
54.3364222775687,18.9357671710981,Gdansk_Swibno,2000,11,29,-0.21,6.0
54.3364222775687,18.9357671710981,Gdansk_Swibno,2000,11,30,-0.1399999999999997,6.4
54.3364222775687,18.9357671710981,Gdansk_Swibno,2001,5,1,0.8099999999999996,12.4
54.3364222775687,18.9357671710981,Gdansk_Swibno,2001,5,2,0.9000000000000004,12.6
54.3364222775687,18.9357671710981,Gdansk_Swibno,2001,5,3,1.03,13.0
54.3364222775687,18.9357671710981,Gdansk_Swibno,2001,5,4,1.2,13.2
54.3364222775687,18.9357671710981,Gdansk_Swibno,2001,5,5,1.25,14.6
54.3364222775687,18.9357671710981,Gdansk_Swibno,2001,5,6,1.11,14.3
54.3364222775687,18.9357671710981,Gdansk_Swibno,2001,5,7,0.7999999999999998,13.7
54.3364222775687,18.9357671710981,Gdansk_Swibno,2001,5,8,0.5499999999999998,14.1
54.3364222775687,18.9357671710981,Gdansk_Swibno,2001,5,9,0.4199999999999999,14.9
54.3364222775687,18.9357671710981,Gdansk_Swibno,2001,5,10,0.3700000000000001,15.7
54.3364222775687,18.9357671710981,Gdansk_Swibno,2001,5,11,0.3700000000000001,16.1
54.3364222775687,18.9357671710981,Gdansk_Swibno,2001,5,12,0.25,16.6
54.3364222775687,18.9357671710981,Gdansk_Swibno,2001,5,13,0.1200000000000001,16.1
54.3364222775687,18.9357671710981,Gdansk_Swibno,2001,5,14,0.1799999999999997,17.1
54.3364222775687,18.9357671710981,Gdansk_Swibno,2001,5,15,0.1600000000000001,17.5
54.3364222775687,18.9357671710981,Gdansk_Swibno,2001,5,16,0.1299999999999999,18.3
54.3364222775687,18.9357671710981,Gdansk_Swibno,2001,5,17,0.1200000000000001,18.3
54.3364222775687,18.9357671710981,Gdansk_Swibno,2001,5,18,0.1200000000000001,18.5
54.3364222775687,18.9357671710981,Gdansk_Swibno,2001,5,19,0.1200000000000001,17.1
54.3364222775687,18.9357671710981,Gdansk_Swibno,2001,5,20,0.2000000000000002,16.9
54.3364222775687,18.9357671710981,Gdansk_Swibno,2001,5,21,0.25,16.2
54.3364222775687,18.9357671710981,Gdansk_Swibno,2001,5,22,0.1699999999999999,15.4
54.3364222775687,18.9357671710981,Gdansk_Swibno,2001,5,23,0.08000000000000007,15.1
54.3364222775687,18.9357671710981,Gdansk_Swibno,2001,5,24,0.1399999999999997,15.5
54.3364222775687,18.9357671710981,Gdansk_Swibno,2001,5,25,0.1899999999999995,16.1
54.3364222775687,18.9357671710981,Gdansk_Swibno,2001,5,26,0.1100000000000003,16.3
54.3364222775687,18.9357671710981,Gdansk_Swibno,2001,5,27,0.08999999999999986,16.8
54.3364222775687,18.9357671710981,Gdansk_Swibno,2001,5,28,0.1200000000000001,17.3
54.3364222775687,18.9357671710981,Gdansk_Swibno,2001,5,29,0.2299999999999995,16.7
54.3364222775687,18.9357671710981,Gdansk_Swibno,2001,5,30,0.2400000000000002,16.3
54.3364222775687,18.9357671710981,Gdansk_Swibno,2001,5,31,0.1899999999999995,16.0
54.3364222775687,18.9357671710981,Gdansk_Swibno,2001,6,1,0.1500000000000004,16.0
54.3364222775687,18.9357671710981,Gdansk_Swibno,2001,6,2,0.1299999999999999,15.9
54.3364222775687,18.9357671710981,Gdansk_Swibno,2001,6,3,0.2000000000000002,15.8
54.3364222775687,18.9357671710981,Gdansk_Swibno,2001,6,4,0.2199999999999998,16.0
54.3364222775687,18.9357671710981,Gdansk_Swibno,2001,6,5,0.1399999999999997,15.9
54.3364222775687,18.9357671710981,Gdansk_Swibno,2001,6,6,0.1200000000000001,16.2
54.3364222775687,18.9357671710981,Gdansk_Swibno,2001,6,7,0.1200000000000001,15.8
54.3364222775687,18.9357671710981,Gdansk_Swibno,2001,6,8,0.09999999999999964,16.3
54.3364222775687,18.9357671710981,Gdansk_Swibno,2001,6,9,0.1600000000000001,16.5
54.3364222775687,18.9357671710981,Gdansk_Swibno,2001,6,10,0.1600000000000001,16.3
54.3364222775687,18.9357671710981,Gdansk_Swibno,2001,6,11,0.1899999999999995,17.0
54.3364222775687,18.9357671710981,Gdansk_Swibno,2001,6,12,0.1399999999999997,16.8
54.3364222775687,18.9357671710981,Gdansk_Swibno,2001,6,13,0.21,15.8
54.3364222775687,18.9357671710981,Gdansk_Swibno,2001,6,14,0.1899999999999995,16.1
54.3364222775687,18.9357671710981,Gdansk_Swibno,2001,6,15,0.1899999999999995,16.7
54.3364222775687,18.9357671710981,Gdansk_Swibno,2001,6,16,0.1899999999999995,17.0
54.3364222775687,18.9357671710981,Gdansk_Swibno,2001,6,17,0.1899999999999995,17.8
54.3364222775687,18.9357671710981,Gdansk_Swibno,2001,6,18,0.2400000000000002,17.7
54.3364222775687,18.9357671710981,Gdansk_Swibno,2001,6,19,0.2299999999999995,18.1
54.3364222775687,18.9357671710981,Gdansk_Swibno,2001,6,20,0.1699999999999999,18.3
54.3364222775687,18.9357671710981,Gdansk_Swibno,2001,6,21,0.1299999999999999,18.5
54.3364222775687,18.9357671710981,Gdansk_Swibno,2001,6,22,0.1899999999999995,18.8
54.3364222775687,18.9357671710981,Gdansk_Swibno,2001,6,23,0.4799999999999995,18.3
54.3364222775687,18.9357671710981,Gdansk_Swibno,2001,6,24,0.3700000000000001,17.6
54.3364222775687,18.9357671710981,Gdansk_Swibno,2001,6,25,0.2400000000000002,18.3
54.3364222775687,18.9357671710981,Gdansk_Swibno,2001,6,26,0.1799999999999997,18.8
54.3364222775687,18.9357671710981,Gdansk_Swibno,2001,6,27,0.2400000000000002,19.6
54.3364222775687,18.9357671710981,Gdansk_Swibno,2001,6,28,0.3600000000000003,20.1
54.3364222775687,18.9357671710981,Gdansk_Swibno,2001,6,29,0.3200000000000003,20.5
54.3364222775687,18.9357671710981,Gdansk_Swibno,2001,6,30,0.3099999999999996,20.7
54.3364222775687,18.9357671710981,Gdansk_Swibno,2001,7,1,0.3200000000000003,20.9
54.3364222775687,18.9357671710981,Gdansk_Swibno,2001,7,2,0.5,21.7
54.3364222775687,18.9357671710981,Gdansk_Swibno,2001,7,3,0.5499999999999998,21.7
54.3364222775687,18.9357671710981,Gdansk_Swibno,2001,7,4,0.4699999999999998,21.2
54.3364222775687,18.9357671710981,Gdansk_Swibno,2001,7,5,0.3099999999999996,21.7
54.3364222775687,18.9357671710981,Gdansk_Swibno,2001,7,6,0.1399999999999997,21.8
54.3364222775687,18.9357671710981,Gdansk_Swibno,2001,7,7,0.08999999999999986,22.8
54.3364222775687,18.9357671710981,Gdansk_Swibno,2001,7,8,0.1399999999999997,23.7
54.3364222775687,18.9357671710981,Gdansk_Swibno,2001,7,9,0.1500000000000004,23.9
54.3364222775687,18.9357671710981,Gdansk_Swibno,2001,7,10,0.1899999999999995,22.2
54.3364222775687,18.9357671710981,Gdansk_Swibno,2001,7,11,0.1699999999999999,22.2
54.3364222775687,18.9357671710981,Gdansk_Swibno,2001,7,12,0.2000000000000002,22.0
54.3364222775687,18.9357671710981,Gdansk_Swibno,2001,7,13,0.1699999999999999,21.8
54.3364222775687,18.9357671710981,Gdansk_Swibno,2001,7,14,0.08999999999999986,21.7
54.3364222775687,18.9357671710981,Gdansk_Swibno,2001,7,15,0.1500000000000004,22.2
54.3364222775687,18.9357671710981,Gdansk_Swibno,2001,7,16,0.1699999999999999,23.3
54.3364222775687,18.9357671710981,Gdansk_Swibno,2001,7,17,0.2000000000000002,21.7
54.3364222775687,18.9357671710981,Gdansk_Swibno,2001,7,18,0.2199999999999998,21.7
54.3364222775687,18.9357671710981,Gdansk_Swibno,2001,7,19,0.1399999999999997,20.8
54.3364222775687,18.9357671710981,Gdansk_Swibno,2001,7,20,0.1399999999999997,21.2
54.3364222775687,18.9357671710981,Gdansk_Swibno,2001,7,21,0.1799999999999997,21.5
54.3364222775687,18.9357671710981,Gdansk_Swibno,2001,7,22,0.1600000000000001,21.8
54.3364222775687,18.9357671710981,Gdansk_Swibno,2001,7,23,0.1100000000000003,22.1
54.3364222775687,18.9357671710981,Gdansk_Swibno,2001,7,24,0.1799999999999997,22.4
54.3364222775687,18.9357671710981,Gdansk_Swibno,2001,7,25,0.2199999999999998,23.0
54.3364222775687,18.9357671710981,Gdansk_Swibno,2001,7,26,0.2299999999999995,22.1
54.3364222775687,18.9357671710981,Gdansk_Swibno,2001,7,27,0.3200000000000003,22.2
54.3364222775687,18.9357671710981,Gdansk_Swibno,2001,7,28,0.2699999999999996,22.5
54.3364222775687,18.9357671710981,Gdansk_Swibno,2001,7,29,0.2400000000000002,23.1
54.3364222775687,18.9357671710981,Gdansk_Swibno,2001,7,30,0.29,23.8
54.3364222775687,18.9357671710981,Gdansk_Swibno,2001,7,31,0.46,24.0
54.3364222775687,18.9357671710981,Gdansk_Swibno,2001,8,1,0.6799999999999997,22.3
54.3364222775687,18.9357671710981,Gdansk_Swibno,2001,8,2,0.9699999999999998,21.7
54.3364222775687,18.9357671710981,Gdansk_Swibno,2001,8,3,1.29,21.2
54.3364222775687,18.9357671710981,Gdansk_Swibno,2001,8,4,1.68,21.3
54.3364222775687,18.9357671710981,Gdansk_Swibno,2001,8,5,1.63,20.8
54.3364222775687,18.9357671710981,Gdansk_Swibno,2001,8,6,1.5,20.6
54.3364222775687,18.9357671710981,Gdansk_Swibno,2001,8,7,1.41,20.3
54.3364222775687,18.9357671710981,Gdansk_Swibno,2001,8,8,1.26,20.1
54.3364222775687,18.9357671710981,Gdansk_Swibno,2001,8,9,0.8499999999999996,20.8
54.3364222775687,18.9357671710981,Gdansk_Swibno,2001,8,10,0.5899999999999999,20.0
54.3364222775687,18.9357671710981,Gdansk_Swibno,2001,8,11,0.5599999999999996,19.7
54.3364222775687,18.9357671710981,Gdansk_Swibno,2001,8,12,0.5499999999999998,19.3
54.3364222775687,18.9357671710981,Gdansk_Swibno,2001,8,13,0.5800000000000001,20.1
54.3364222775687,18.9357671710981,Gdansk_Swibno,2001,8,14,0.5800000000000001,19.8
54.3364222775687,18.9357671710981,Gdansk_Swibno,2001,8,15,0.5,19.9
54.3364222775687,18.9357671710981,Gdansk_Swibno,2001,8,16,0.4299999999999997,20.5
54.3364222775687,18.9357671710981,Gdansk_Swibno,2001,8,17,0.3899999999999997,21.9
54.3364222775687,18.9357671710981,Gdansk_Swibno,2001,8,18,0.3700000000000001,21.7
54.3364222775687,18.9357671710981,Gdansk_Swibno,2001,8,19,0.3899999999999997,21.5
54.3364222775687,18.9357671710981,Gdansk_Swibno,2001,8,20,0.3799999999999999,22.6
54.3364222775687,18.9357671710981,Gdansk_Swibno,2001,8,21,0.3200000000000003,22.9
54.3364222775687,18.9357671710981,Gdansk_Swibno,2001,8,22,0.2999999999999998,23.3
54.3364222775687,18.9357671710981,Gdansk_Swibno,2001,8,23,0.25,23.5
54.3364222775687,18.9357671710981,Gdansk_Swibno,2001,8,24,0.1600000000000001,22.1
54.3364222775687,18.9357671710981,Gdansk_Swibno,2001,8,25,0.1399999999999997,22.0
54.3364222775687,18.9357671710981,Gdansk_Swibno,2001,8,26,0.08999999999999986,22.1
54.3364222775687,18.9357671710981,Gdansk_Swibno,2001,8,27,0.1100000000000003,22.3
54.3364222775687,18.9357671710981,Gdansk_Swibno,2001,8,28,0.2000000000000002,21.1
54.3364222775687,18.9357671710981,Gdansk_Swibno,2001,8,29,0.3300000000000001,19.7
54.3364222775687,18.9357671710981,Gdansk_Swibno,2001,8,30,0.2400000000000002,19.2
54.3364222775687,18.9357671710981,Gdansk_Swibno,2001,8,31,0.1600000000000001,19.3
54.3364222775687,18.9357671710981,Gdansk_Swibno,2001,9,1,0.1299999999999999,19.3
54.3364222775687,18.9357671710981,Gdansk_Swibno,2001,9,2,0.1699999999999999,19.8
54.3364222775687,18.9357671710981,Gdansk_Swibno,2001,9,3,0.1200000000000001,19.7
54.3364222775687,18.9357671710981,Gdansk_Swibno,2001,9,4,0.1500000000000004,19.8
54.3364222775687,18.9357671710981,Gdansk_Swibno,2001,9,5,0.2199999999999998,19.7
54.3364222775687,18.9357671710981,Gdansk_Swibno,2001,9,6,0.2400000000000002,19.1
54.3364222775687,18.9357671710981,Gdansk_Swibno,2001,9,7,0.1899999999999995,18.7
54.3364222775687,18.9357671710981,Gdansk_Swibno,2001,9,8,0.2199999999999998,17.5
54.3364222775687,18.9357671710981,Gdansk_Swibno,2001,9,9,0.2400000000000002,16.3
54.3364222775687,18.9357671710981,Gdansk_Swibno,2001,9,10,0.4399999999999995,15.2
54.3364222775687,18.9357671710981,Gdansk_Swibno,2001,9,11,0.3799999999999999,14.7
54.3364222775687,18.9357671710981,Gdansk_Swibno,2001,9,12,0.4299999999999997,14.5
54.3364222775687,18.9357671710981,Gdansk_Swibno,2001,9,13,0.3200000000000003,14.3
54.3364222775687,18.9357671710981,Gdansk_Swibno,2001,9,14,0.2999999999999998,14.3
54.3364222775687,18.9357671710981,Gdansk_Swibno,2001,9,15,0.2999999999999998,14.0
54.3364222775687,18.9357671710981,Gdansk_Swibno,2001,9,16,0.3600000000000003,14.0
54.3364222775687,18.9357671710981,Gdansk_Swibno,2001,9,17,0.4199999999999999,13.9
54.3364222775687,18.9357671710981,Gdansk_Swibno,2001,9,18,0.4299999999999997,14.2
54.3364222775687,18.9357671710981,Gdansk_Swibno,2001,9,19,0.3300000000000001,14.0
54.3364222775687,18.9357671710981,Gdansk_Swibno,2001,9,20,0.2599999999999998,13.8
54.3364222775687,18.9357671710981,Gdansk_Swibno,2001,9,21,0.21,13.5
54.3364222775687,18.9357671710981,Gdansk_Swibno,2001,9,22,0.2299999999999995,13.5
54.3364222775687,18.9357671710981,Gdansk_Swibno,2001,9,23,0.2599999999999998,13.0
54.3364222775687,18.9357671710981,Gdansk_Swibno,2001,9,24,0.3499999999999996,13.1
54.3364222775687,18.9357671710981,Gdansk_Swibno,2001,9,25,0.3300000000000001,13.5
54.3364222775687,18.9357671710981,Gdansk_Swibno,2001,9,26,0.21,12.7
54.3364222775687,18.9357671710981,Gdansk_Swibno,2001,9,27,0.1899999999999995,13.4
54.3364222775687,18.9357671710981,Gdansk_Swibno,2001,9,28,0.2000000000000002,13.5
54.3364222775687,18.9357671710981,Gdansk_Swibno,2001,9,29,0.2699999999999996,13.6
54.3364222775687,18.9357671710981,Gdansk_Swibno,2001,9,30,0.2000000000000002,13.4
54.3364222775687,18.9357671710981,Gdansk_Swibno,2001,10,1,0.1100000000000003,13.5
54.3364222775687,18.9357671710981,Gdansk_Swibno,2001,10,2,0.1299999999999999,13.7
54.3364222775687,18.9357671710981,Gdansk_Swibno,2001,10,3,0.2400000000000002,14.1
54.3364222775687,18.9357671710981,Gdansk_Swibno,2001,10,4,0.2599999999999998,14.3
54.3364222775687,18.9357671710981,Gdansk_Swibno,2001,10,5,0.3200000000000003,14.4
54.3364222775687,18.9357671710981,Gdansk_Swibno,2001,10,6,0.3200000000000003,13.7
54.3364222775687,18.9357671710981,Gdansk_Swibno,2001,10,7,0.25,12.6
54.3364222775687,18.9357671710981,Gdansk_Swibno,2001,10,8,0.2199999999999998,12.9
54.3364222775687,18.9357671710981,Gdansk_Swibno,2001,10,9,0.2199999999999998,13.2
54.3364222775687,18.9357671710981,Gdansk_Swibno,2001,10,10,0.1399999999999997,14.3
54.3364222775687,18.9357671710981,Gdansk_Swibno,2001,10,11,0.2599999999999998,14.1
54.3364222775687,18.9357671710981,Gdansk_Swibno,2001,10,12,0.2999999999999998,13.7
54.3364222775687,18.9357671710981,Gdansk_Swibno,2001,10,13,0.3099999999999996,13.5
54.3364222775687,18.9357671710981,Gdansk_Swibno,2001,10,14,0.3399999999999999,13.3
54.3364222775687,18.9357671710981,Gdansk_Swibno,2001,10,15,0.2999999999999998,13.4
54.3364222775687,18.9357671710981,Gdansk_Swibno,2001,10,16,0.1899999999999995,13.0
54.3364222775687,18.9357671710981,Gdansk_Swibno,2001,10,17,0.21,12.8
54.3364222775687,18.9357671710981,Gdansk_Swibno,2001,10,18,0.2400000000000002,12.4
54.3364222775687,18.9357671710981,Gdansk_Swibno,2001,10,19,0.1899999999999995,12.9
54.3364222775687,18.9357671710981,Gdansk_Swibno,2001,10,20,0.1699999999999999,12.8
54.3364222775687,18.9357671710981,Gdansk_Swibno,2001,10,21,0.1200000000000001,13.1
54.3364222775687,18.9357671710981,Gdansk_Swibno,2001,10,22,0.1699999999999999,12.3
54.3364222775687,18.9357671710981,Gdansk_Swibno,2001,10,23,0.1799999999999997,11.9
54.3364222775687,18.9357671710981,Gdansk_Swibno,2001,10,24,-0.02000000000000046,10.2
54.3364222775687,18.9357671710981,Gdansk_Swibno,2001,10,25,-0.1500000000000004,9.4
54.3364222775687,18.9357671710981,Gdansk_Swibno,2001,10,26,-0.08999999999999986,9.0
54.3364222775687,18.9357671710981,Gdansk_Swibno,2001,10,27,-0.1500000000000004,9.0
54.3364222775687,18.9357671710981,Gdansk_Swibno,2001,10,28,0.01999999999999957,9.3
54.3364222775687,18.9357671710981,Gdansk_Swibno,2001,10,29,0.1799999999999997,9.6
54.3364222775687,18.9357671710981,Gdansk_Swibno,2001,10,30,0.2199999999999998,9.1
54.3364222775687,18.9357671710981,Gdansk_Swibno,2001,10,31,0.2599999999999998,9.3
54.3364222775687,18.9357671710981,Gdansk_Swibno,2001,11,1,0.6799999999999997,8.9
54.3364222775687,18.9357671710981,Gdansk_Swibno,2001,11,2,0.7199999999999998,8.8
54.3364222775687,18.9357671710981,Gdansk_Swibno,2001,11,3,0.29,8.6
54.3364222775687,18.9357671710981,Gdansk_Swibno,2001,11,4,0.2800000000000002,8.6
54.3364222775687,18.9357671710981,Gdansk_Swibno,2001,11,5,0.5300000000000002,8.4
54.3364222775687,18.9357671710981,Gdansk_Swibno,2001,11,6,0.4000000000000004,7.7
54.3364222775687,18.9357671710981,Gdansk_Swibno,2001,11,7,0.5099999999999998,7.3
54.3364222775687,18.9357671710981,Gdansk_Swibno,2001,11,8,0.5199999999999996,7.4
54.3364222775687,18.9357671710981,Gdansk_Swibno,2001,11,9,0.9699999999999998,7.0
54.3364222775687,18.9357671710981,Gdansk_Swibno,2001,11,10,0.6299999999999999,6.4
54.3364222775687,18.9357671710981,Gdansk_Swibno,2001,11,11,0.3300000000000001,6.1
54.3364222775687,18.9357671710981,Gdansk_Swibno,2001,11,12,0.5300000000000002,6.0
54.3364222775687,18.9357671710981,Gdansk_Swibno,2001,11,13,0.6399999999999997,5.8
54.3364222775687,18.9357671710981,Gdansk_Swibno,2001,11,14,0.5899999999999999,5.6
54.3364222775687,18.9357671710981,Gdansk_Swibno,2001,11,15,0.4199999999999999,4.5
54.3364222775687,18.9357671710981,Gdansk_Swibno,2001,11,16,0.9799999999999995,4.7
54.3364222775687,18.9357671710981,Gdansk_Swibno,2001,11,17,0.4500000000000002,4.0
54.3364222775687,18.9357671710981,Gdansk_Swibno,2001,11,18,0.4799999999999995,3.6
54.3364222775687,18.9357671710981,Gdansk_Swibno,2001,11,19,0.6600000000000001,3.5
54.3364222775687,18.9357671710981,Gdansk_Swibno,2001,11,20,0.5,3.3
54.3364222775687,18.9357671710981,Gdansk_Swibno,2001,11,21,0.3600000000000003,3.3
54.3364222775687,18.9357671710981,Gdansk_Swibno,2001,11,22,0.4299999999999997,3.5
54.3364222775687,18.9357671710981,Gdansk_Swibno,2001,11,23,0.9100000000000001,3.7
54.3364222775687,18.9357671710981,Gdansk_Swibno,2001,11,24,0.8700000000000001,3.3
54.3364222775687,18.9357671710981,Gdansk_Swibno,2001,11,25,0.5099999999999998,3.0
54.3364222775687,18.9357671710981,Gdansk_Swibno,2001,11,26,0.4000000000000004,3.3
54.3364222775687,18.9357671710981,Gdansk_Swibno,2001,11,27,0.3700000000000001,3.0
54.3364222775687,18.9357671710981,Gdansk_Swibno,2001,11,28,0.3300000000000001,2.5
54.3364222775687,18.9357671710981,Gdansk_Swibno,2001,11,29,0.4000000000000004,2.1
54.3364222775687,18.9357671710981,Gdansk_Swibno,2001,11,30,0.3399999999999999,1.8
54.3364222775687,18.9357671710981,Gdansk_Swibno,2002,5,1,0.08999999999999986,14.2
54.3364222775687,18.9357671710981,Gdansk_Swibno,2002,5,2,0.1200000000000001,14.9
54.3364222775687,18.9357671710981,Gdansk_Swibno,2002,5,3,0.1399999999999997,15.7
54.3364222775687,18.9357671710981,Gdansk_Swibno,2002,5,4,0.1699999999999999,17.0
54.3364222775687,18.9357671710981,Gdansk_Swibno,2002,5,5,0.1799999999999997,18.1
54.3364222775687,18.9357671710981,Gdansk_Swibno,2002,5,6,0.21,18.6
54.3364222775687,18.9357671710981,Gdansk_Swibno,2002,5,7,0.1899999999999995,18.3
54.3364222775687,18.9357671710981,Gdansk_Swibno,2002,5,8,0.09999999999999964,18.4
54.3364222775687,18.9357671710981,Gdansk_Swibno,2002,5,9,0.1100000000000003,18.9
54.3364222775687,18.9357671710981,Gdansk_Swibno,2002,5,10,0.1299999999999999,19.4
54.3364222775687,18.9357671710981,Gdansk_Swibno,2002,5,11,0.04999999999999982,19.2
54.3364222775687,18.9357671710981,Gdansk_Swibno,2002,5,12,-0.03000000000000025,19.8
54.3364222775687,18.9357671710981,Gdansk_Swibno,2002,5,13,-0.02000000000000046,19.6
54.3364222775687,18.9357671710981,Gdansk_Swibno,2002,5,14,-0.0600000000000005,19.3
54.3364222775687,18.9357671710981,Gdansk_Swibno,2002,5,15,-0.08999999999999986,19.0
54.3364222775687,18.9357671710981,Gdansk_Swibno,2002,5,16,-0.1200000000000001,18.7
54.3364222775687,18.9357671710981,Gdansk_Swibno,2002,5,17,0.009999999999999787,18.3
54.3364222775687,18.9357671710981,Gdansk_Swibno,2002,5,18,0.04999999999999982,18.0
54.3364222775687,18.9357671710981,Gdansk_Swibno,2002,5,19,0.03000000000000025,17.5
54.3364222775687,18.9357671710981,Gdansk_Swibno,2002,5,20,0.01999999999999957,17.6
54.3364222775687,18.9357671710981,Gdansk_Swibno,2002,5,21,-0.04000000000000004,17.4
54.3364222775687,18.9357671710981,Gdansk_Swibno,2002,5,22,-0.04000000000000004,17.6
54.3364222775687,18.9357671710981,Gdansk_Swibno,2002,5,23,-0.04000000000000004,18.1
54.3364222775687,18.9357671710981,Gdansk_Swibno,2002,5,24,0.01999999999999957,20.2
54.3364222775687,18.9357671710981,Gdansk_Swibno,2002,5,25,-0.03000000000000025,20.2
54.3364222775687,18.9357671710981,Gdansk_Swibno,2002,5,26,-0.02000000000000046,19.6
54.3364222775687,18.9357671710981,Gdansk_Swibno,2002,5,27,0.04000000000000004,20.3
54.3364222775687,18.9357671710981,Gdansk_Swibno,2002,5,28,0.07000000000000028,19.4
54.3364222775687,18.9357671710981,Gdansk_Swibno,2002,5,29,0.05999999999999961,19.5
54.3364222775687,18.9357671710981,Gdansk_Swibno,2002,5,30,0.0,18.9
54.3364222775687,18.9357671710981,Gdansk_Swibno,2002,5,31,-0.04999999999999982,18.2
54.3364222775687,18.9357671710981,Gdansk_Swibno,2002,6,1,0.04000000000000004,18.4
54.3364222775687,18.9357671710981,Gdansk_Swibno,2002,6,2,0.09999999999999964,18.7
54.3364222775687,18.9357671710981,Gdansk_Swibno,2002,6,3,0.05999999999999961,18.7
54.3364222775687,18.9357671710981,Gdansk_Swibno,2002,6,4,0.05999999999999961,17.8
54.3364222775687,18.9357671710981,Gdansk_Swibno,2002,6,5,0.08999999999999986,18.2
54.3364222775687,18.9357671710981,Gdansk_Swibno,2002,6,6,0.07000000000000028,18.8
54.3364222775687,18.9357671710981,Gdansk_Swibno,2002,6,7,0.1500000000000004,19.2
54.3364222775687,18.9357671710981,Gdansk_Swibno,2002,6,8,0.25,19.5
54.3364222775687,18.9357671710981,Gdansk_Swibno,2002,6,9,0.21,18.8
54.3364222775687,18.9357671710981,Gdansk_Swibno,2002,6,10,0.1799999999999997,18.7
54.3364222775687,18.9357671710981,Gdansk_Swibno,2002,6,11,0.1799999999999997,19.0
54.3364222775687,18.9357671710981,Gdansk_Swibno,2002,6,12,0.1600000000000001,19.3
54.3364222775687,18.9357671710981,Gdansk_Swibno,2002,6,13,0.1299999999999999,18.9
54.3364222775687,18.9357671710981,Gdansk_Swibno,2002,6,14,0.1600000000000001,18.5
54.3364222775687,18.9357671710981,Gdansk_Swibno,2002,6,15,0.1699999999999999,18.6
54.3364222775687,18.9357671710981,Gdansk_Swibno,2002,6,16,0.2199999999999998,19.1
54.3364222775687,18.9357671710981,Gdansk_Swibno,2002,6,17,0.2599999999999998,19.3
54.3364222775687,18.9357671710981,Gdansk_Swibno,2002,6,18,0.2999999999999998,19.5
54.3364222775687,18.9357671710981,Gdansk_Swibno,2002,6,19,0.3700000000000001,20.8
54.3364222775687,18.9357671710981,Gdansk_Swibno,2002,6,20,0.4299999999999997,21.6
54.3364222775687,18.9357671710981,Gdansk_Swibno,2002,6,21,0.4699999999999998,22.4
54.3364222775687,18.9357671710981,Gdansk_Swibno,2002,6,22,0.4199999999999999,22.0
54.3364222775687,18.9357671710981,Gdansk_Swibno,2002,6,23,0.3099999999999996,22.0
54.3364222775687,18.9357671710981,Gdansk_Swibno,2002,6,24,0.2599999999999998,21.4
54.3364222775687,18.9357671710981,Gdansk_Swibno,2002,6,25,0.3099999999999996,21.3
54.3364222775687,18.9357671710981,Gdansk_Swibno,2002,6,26,0.29,20.7
54.3364222775687,18.9357671710981,Gdansk_Swibno,2002,6,27,0.29,20.4
54.3364222775687,18.9357671710981,Gdansk_Swibno,2002,6,28,0.29,20.0
54.3364222775687,18.9357671710981,Gdansk_Swibno,2002,6,29,0.3700000000000001,19.9
54.3364222775687,18.9357671710981,Gdansk_Swibno,2002,6,30,0.3600000000000003,19.8
54.3364222775687,18.9357671710981,Gdansk_Swibno,2002,7,1,0.3300000000000001,19.6
54.3364222775687,18.9357671710981,Gdansk_Swibno,2002,7,2,0.3099999999999996,19.3
54.3364222775687,18.9357671710981,Gdansk_Swibno,2002,7,3,0.2999999999999998,19.3
54.3364222775687,18.9357671710981,Gdansk_Swibno,2002,7,4,0.3499999999999996,19.7
54.3364222775687,18.9357671710981,Gdansk_Swibno,2002,7,5,0.3300000000000001,19.1
54.3364222775687,18.9357671710981,Gdansk_Swibno,2002,7,6,0.2800000000000002,19.5
54.3364222775687,18.9357671710981,Gdansk_Swibno,2002,7,7,0.3099999999999996,19.8
54.3364222775687,18.9357671710981,Gdansk_Swibno,2002,7,8,0.2599999999999998,19.8
54.3364222775687,18.9357671710981,Gdansk_Swibno,2002,7,9,0.2299999999999995,21.6
54.3364222775687,18.9357671710981,Gdansk_Swibno,2002,7,10,0.25,22.4
54.3364222775687,18.9357671710981,Gdansk_Swibno,2002,7,11,0.2599999999999998,23.1
54.3364222775687,18.9357671710981,Gdansk_Swibno,2002,7,12,0.21,22.8
54.3364222775687,18.9357671710981,Gdansk_Swibno,2002,7,13,0.2299999999999995,22.4
54.3364222775687,18.9357671710981,Gdansk_Swibno,2002,7,14,0.25,22.2
54.3364222775687,18.9357671710981,Gdansk_Swibno,2002,7,15,0.2000000000000002,22.5
54.3364222775687,18.9357671710981,Gdansk_Swibno,2002,7,16,0.1399999999999997,22.6
54.3364222775687,18.9357671710981,Gdansk_Swibno,2002,7,17,0.1299999999999999,22.4
54.3364222775687,18.9357671710981,Gdansk_Swibno,2002,7,18,0.1299999999999999,22.6
54.3364222775687,18.9357671710981,Gdansk_Swibno,2002,7,19,0.1100000000000003,22.9
54.3364222775687,18.9357671710981,Gdansk_Swibno,2002,7,20,0.07000000000000028,23.3
54.3364222775687,18.9357671710981,Gdansk_Swibno,2002,7,21,0.09999999999999964,23.0
54.3364222775687,18.9357671710981,Gdansk_Swibno,2002,7,22,0.08000000000000007,22.3
54.3364222775687,18.9357671710981,Gdansk_Swibno,2002,7,23,0.009999999999999787,22.1
54.3364222775687,18.9357671710981,Gdansk_Swibno,2002,7,24,0.08000000000000007,21.6
54.3364222775687,18.9357671710981,Gdansk_Swibno,2002,7,25,0.1899999999999995,21.3
54.3364222775687,18.9357671710981,Gdansk_Swibno,2002,7,26,0.2199999999999998,20.7
54.3364222775687,18.9357671710981,Gdansk_Swibno,2002,7,27,0.2199999999999998,21.2
54.3364222775687,18.9357671710981,Gdansk_Swibno,2002,7,28,0.2199999999999998,21.4
54.3364222775687,18.9357671710981,Gdansk_Swibno,2002,7,29,0.1799999999999997,22.5
54.3364222775687,18.9357671710981,Gdansk_Swibno,2002,7,30,0.2299999999999995,22.8
54.3364222775687,18.9357671710981,Gdansk_Swibno,2002,7,31,0.21,23.5
54.3364222775687,18.9357671710981,Gdansk_Swibno,2002,8,1,0.1500000000000004,23.8
54.3364222775687,18.9357671710981,Gdansk_Swibno,2002,8,2,0.1699999999999999,24.4
54.3364222775687,18.9357671710981,Gdansk_Swibno,2002,8,3,0.1600000000000001,24.8
54.3364222775687,18.9357671710981,Gdansk_Swibno,2002,8,4,0.1100000000000003,24.8
54.3364222775687,18.9357671710981,Gdansk_Swibno,2002,8,5,0.08000000000000007,23.6
54.3364222775687,18.9357671710981,Gdansk_Swibno,2002,8,6,0.01999999999999957,22.9
54.3364222775687,18.9357671710981,Gdansk_Swibno,2002,8,7,0.009999999999999787,23.3
54.3364222775687,18.9357671710981,Gdansk_Swibno,2002,8,8,-0.02000000000000046,23.8
54.3364222775687,18.9357671710981,Gdansk_Swibno,2002,8,9,-0.04999999999999982,22.6
54.3364222775687,18.9357671710981,Gdansk_Swibno,2002,8,10,-0.07000000000000028,22.8
54.3364222775687,18.9357671710981,Gdansk_Swibno,2002,8,11,-0.08000000000000007,22.5
54.3364222775687,18.9357671710981,Gdansk_Swibno,2002,8,12,-0.04000000000000004,23.4
54.3364222775687,18.9357671710981,Gdansk_Swibno,2002,8,13,0.01999999999999957,22.4
54.3364222775687,18.9357671710981,Gdansk_Swibno,2002,8,14,0.07000000000000028,22.7
54.3364222775687,18.9357671710981,Gdansk_Swibno,2002,8,15,0.08999999999999986,22.9
54.3364222775687,18.9357671710981,Gdansk_Swibno,2002,8,16,0.09999999999999964,23.3
54.3364222775687,18.9357671710981,Gdansk_Swibno,2002,8,17,0.1100000000000003,23.7
54.3364222775687,18.9357671710981,Gdansk_Swibno,2002,8,18,0.08000000000000007,23.2
54.3364222775687,18.9357671710981,Gdansk_Swibno,2002,8,19,-0.009999999999999787,22.6
54.3364222775687,18.9357671710981,Gdansk_Swibno,2002,8,20,-0.0600000000000005,22.1
54.3364222775687,18.9357671710981,Gdansk_Swibno,2002,8,21,-0.0600000000000005,21.7
54.3364222775687,18.9357671710981,Gdansk_Swibno,2002,8,22,-0.03000000000000025,22.6
54.3364222775687,18.9357671710981,Gdansk_Swibno,2002,8,23,-0.009999999999999787,22.5
54.3364222775687,18.9357671710981,Gdansk_Swibno,2002,8,24,0.009999999999999787,22.1
54.3364222775687,18.9357671710981,Gdansk_Swibno,2002,8,25,-0.02000000000000046,22.0
54.3364222775687,18.9357671710981,Gdansk_Swibno,2002,8,26,-0.0600000000000005,21.8
54.3364222775687,18.9357671710981,Gdansk_Swibno,2002,8,27,-0.08000000000000007,21.5
54.3364222775687,18.9357671710981,Gdansk_Swibno,2002,8,28,-0.09999999999999964,21.3
54.3364222775687,18.9357671710981,Gdansk_Swibno,2002,8,29,-0.08000000000000007,21.1
54.3364222775687,18.9357671710981,Gdansk_Swibno,2002,8,30,-0.1299999999999999,21.4
54.3364222775687,18.9357671710981,Gdansk_Swibno,2002,8,31,-0.1299999999999999,21.1
54.3364222775687,18.9357671710981,Gdansk_Swibno,2002,9,1,0.03000000000000025,20.9
54.3364222775687,18.9357671710981,Gdansk_Swibno,2002,9,2,0.03000000000000025,21.3
54.3364222775687,18.9357671710981,Gdansk_Swibno,2002,9,3,-0.04999999999999982,21.1
54.3364222775687,18.9357671710981,Gdansk_Swibno,2002,9,4,-0.03000000000000025,21.1
54.3364222775687,18.9357671710981,Gdansk_Swibno,2002,9,5,-0.07000000000000028,20.6
54.3364222775687,18.9357671710981,Gdansk_Swibno,2002,9,6,-0.04999999999999982,20.4
54.3364222775687,18.9357671710981,Gdansk_Swibno,2002,9,7,-0.03000000000000025,20.1
54.3364222775687,18.9357671710981,Gdansk_Swibno,2002,9,8,-0.02000000000000046,19.6
54.3364222775687,18.9357671710981,Gdansk_Swibno,2002,9,9,0.009999999999999787,19.8
54.3364222775687,18.9357671710981,Gdansk_Swibno,2002,9,10,0.01999999999999957,19.6
54.3364222775687,18.9357671710981,Gdansk_Swibno,2002,9,11,0.08000000000000007,19.6
54.3364222775687,18.9357671710981,Gdansk_Swibno,2002,9,12,-0.0600000000000005,19.1
54.3364222775687,18.9357671710981,Gdansk_Swibno,2002,9,13,-0.08999999999999986,18.6
54.3364222775687,18.9357671710981,Gdansk_Swibno,2002,9,14,0.07000000000000028,19.0
54.3364222775687,18.9357671710981,Gdansk_Swibno,2002,9,15,0.2599999999999998,18.7
54.3364222775687,18.9357671710981,Gdansk_Swibno,2002,9,16,0.04999999999999982,18.0
54.3364222775687,18.9357671710981,Gdansk_Swibno,2002,9,17,-0.02000000000000046,17.7
54.3364222775687,18.9357671710981,Gdansk_Swibno,2002,9,18,0.08999999999999986,17.2
54.3364222775687,18.9357671710981,Gdansk_Swibno,2002,9,19,0.1399999999999997,16.6
54.3364222775687,18.9357671710981,Gdansk_Swibno,2002,9,20,0.03000000000000025,15.9
54.3364222775687,18.9357671710981,Gdansk_Swibno,2002,9,21,0.1899999999999995,15.6
54.3364222775687,18.9357671710981,Gdansk_Swibno,2002,9,22,0.1100000000000003,15.3
54.3364222775687,18.9357671710981,Gdansk_Swibno,2002,9,23,0.08999999999999986,14.1
54.3364222775687,18.9357671710981,Gdansk_Swibno,2002,9,24,-0.08000000000000007,13.2
54.3364222775687,18.9357671710981,Gdansk_Swibno,2002,9,25,-0.07000000000000028,12.4
54.3364222775687,18.9357671710981,Gdansk_Swibno,2002,9,26,0.04999999999999982,12.2
54.3364222775687,18.9357671710981,Gdansk_Swibno,2002,9,27,0.2199999999999998,12.5
54.3364222775687,18.9357671710981,Gdansk_Swibno,2002,9,28,-0.009999999999999787,12.3
54.3364222775687,18.9357671710981,Gdansk_Swibno,2002,9,29,-0.02000000000000046,12.1
54.3364222775687,18.9357671710981,Gdansk_Swibno,2002,9,30,-0.02000000000000046,12.8
54.3364222775687,18.9357671710981,Gdansk_Swibno,2002,10,1,0.07000000000000028,13.0
54.3364222775687,18.9357671710981,Gdansk_Swibno,2002,10,2,0.04000000000000004,13.1
54.3364222775687,18.9357671710981,Gdansk_Swibno,2002,10,3,0.04999999999999982,12.8
54.3364222775687,18.9357671710981,Gdansk_Swibno,2002,10,4,0.08999999999999986,13.2
54.3364222775687,18.9357671710981,Gdansk_Swibno,2002,10,5,0.1899999999999995,13.0
54.3364222775687,18.9357671710981,Gdansk_Swibno,2002,10,6,0.2800000000000002,12.8
54.3364222775687,18.9357671710981,Gdansk_Swibno,2002,10,7,0.5,12.5
54.3364222775687,18.9357671710981,Gdansk_Swibno,2002,10,8,0.4100000000000001,10.8
54.3364222775687,18.9357671710981,Gdansk_Swibno,2002,10,9,0.25,10.0
54.3364222775687,18.9357671710981,Gdansk_Swibno,2002,10,10,0.04999999999999982,9.4
54.3364222775687,18.9357671710981,Gdansk_Swibno,2002,10,11,-0.02000000000000046,9.4
54.3364222775687,18.9357671710981,Gdansk_Swibno,2002,10,12,-0.09999999999999964,9.0
54.3364222775687,18.9357671710981,Gdansk_Swibno,2002,10,13,-0.1500000000000004,8.7
54.3364222775687,18.9357671710981,Gdansk_Swibno,2002,10,14,-0.2199999999999998,8.5
54.3364222775687,18.9357671710981,Gdansk_Swibno,2002,10,15,-0.1900000000000004,8.2
54.3364222775687,18.9357671710981,Gdansk_Swibno,2002,10,16,-0.1699999999999999,7.9
54.3364222775687,18.9357671710981,Gdansk_Swibno,2002,10,17,-0.08000000000000007,8.1
54.3364222775687,18.9357671710981,Gdansk_Swibno,2002,10,18,0.009999999999999787,7.7
54.3364222775687,18.9357671710981,Gdansk_Swibno,2002,10,19,-0.03000000000000025,7.5
54.3364222775687,18.9357671710981,Gdansk_Swibno,2002,10,20,-0.009999999999999787,7.2
54.3364222775687,18.9357671710981,Gdansk_Swibno,2002,10,21,-0.09999999999999964,6.8
54.3364222775687,18.9357671710981,Gdansk_Swibno,2002,10,22,-0.07000000000000028,7.0
54.3364222775687,18.9357671710981,Gdansk_Swibno,2002,10,23,-0.07000000000000028,7.1
54.3364222775687,18.9357671710981,Gdansk_Swibno,2002,10,24,-0.1299999999999999,7.4
54.3364222775687,18.9357671710981,Gdansk_Swibno,2002,10,25,-0.1699999999999999,7.4
54.3364222775687,18.9357671710981,Gdansk_Swibno,2002,10,26,-0.09999999999999964,7.8
54.3364222775687,18.9357671710981,Gdansk_Swibno,2002,10,27,-0.02000000000000046,8.3
54.3364222775687,18.9357671710981,Gdansk_Swibno,2002,10,28,0.3399999999999999,8.5
54.3364222775687,18.9357671710981,Gdansk_Swibno,2002,10,29,0.2599999999999998,8.6
54.3364222775687,18.9357671710981,Gdansk_Swibno,2002,10,30,0.2000000000000002,8.3
54.3364222775687,18.9357671710981,Gdansk_Swibno,2002,10,31,0.1799999999999997,7.6
54.3364222775687,18.9357671710981,Gdansk_Swibno,2002,11,1,0.2400000000000002,7.5
54.3364222775687,18.9357671710981,Gdansk_Swibno,2002,11,2,0.3899999999999997,7.6
54.3364222775687,18.9357671710981,Gdansk_Swibno,2002,11,3,0.2699999999999996,7.1
54.3364222775687,18.9357671710981,Gdansk_Swibno,2002,11,4,0.1600000000000001,6.4
54.3364222775687,18.9357671710981,Gdansk_Swibno,2002,11,5,0.1399999999999997,6.0
54.3364222775687,18.9357671710981,Gdansk_Swibno,2002,11,6,0.0,5.2
54.3364222775687,18.9357671710981,Gdansk_Swibno,2002,11,7,-0.07000000000000028,4.7
54.3364222775687,18.9357671710981,Gdansk_Swibno,2002,11,8,0.1100000000000003,4.4
54.3364222775687,18.9357671710981,Gdansk_Swibno,2002,11,9,0.1500000000000004,4.6
54.3364222775687,18.9357671710981,Gdansk_Swibno,2002,11,10,0.3200000000000003,4.9
54.3364222775687,18.9357671710981,Gdansk_Swibno,2002,11,11,0.2199999999999998,4.2
54.3364222775687,18.9357671710981,Gdansk_Swibno,2002,11,12,0.1399999999999997,3.9
54.3364222775687,18.9357671710981,Gdansk_Swibno,2002,11,13,0.04999999999999982,4.0
54.3364222775687,18.9357671710981,Gdansk_Swibno,2002,11,14,0.09999999999999964,3.7
54.3364222775687,18.9357671710981,Gdansk_Swibno,2002,11,15,0.1399999999999997,4.3
54.3364222775687,18.9357671710981,Gdansk_Swibno,2002,11,16,0.1200000000000001,4.5
54.3364222775687,18.9357671710981,Gdansk_Swibno,2002,11,17,0.1399999999999997,4.4
54.3364222775687,18.9357671710981,Gdansk_Swibno,2002,11,18,0.09999999999999964,5.1
54.3364222775687,18.9357671710981,Gdansk_Swibno,2002,11,19,0.2199999999999998,5.4
54.3364222775687,18.9357671710981,Gdansk_Swibno,2002,11,20,0.3099999999999996,4.8
54.3364222775687,18.9357671710981,Gdansk_Swibno,2002,11,21,0.2000000000000002,4.4
54.3364222775687,18.9357671710981,Gdansk_Swibno,2002,11,22,0.1600000000000001,4.1
54.3364222775687,18.9357671710981,Gdansk_Swibno,2002,11,23,0.1600000000000001,4.0
54.3364222775687,18.9357671710981,Gdansk_Swibno,2002,11,24,0.09999999999999964,4.2
54.3364222775687,18.9357671710981,Gdansk_Swibno,2002,11,25,0.009999999999999787,4.4
54.3364222775687,18.9357671710981,Gdansk_Swibno,2002,11,26,0.01999999999999957,5.1
54.3364222775687,18.9357671710981,Gdansk_Swibno,2002,11,27,0.09999999999999964,5.3
54.3364222775687,18.9357671710981,Gdansk_Swibno,2002,11,28,0.1100000000000003,5.3
54.3364222775687,18.9357671710981,Gdansk_Swibno,2002,11,29,0.07000000000000028,5.0
54.3364222775687,18.9357671710981,Gdansk_Swibno,2002,11,30,0.0,4.3
54.3364222775687,18.9357671710981,Gdansk_Swibno,2003,5,1,0.09999999999999964,13.9
54.3364222775687,18.9357671710981,Gdansk_Swibno,2003,5,2,0.08999999999999986,14.3
54.3364222775687,18.9357671710981,Gdansk_Swibno,2003,5,3,0.1699999999999999,14.3
54.3364222775687,18.9357671710981,Gdansk_Swibno,2003,5,4,0.1600000000000001,14.2
54.3364222775687,18.9357671710981,Gdansk_Swibno,2003,5,5,0.1299999999999999,14.0
54.3364222775687,18.9357671710981,Gdansk_Swibno,2003,5,6,0.09999999999999964,14.4
54.3364222775687,18.9357671710981,Gdansk_Swibno,2003,5,7,0.1200000000000001,15.8
54.3364222775687,18.9357671710981,Gdansk_Swibno,2003,5,8,0.1399999999999997,15.1
54.3364222775687,18.9357671710981,Gdansk_Swibno,2003,5,9,0.1299999999999999,15.6
54.3364222775687,18.9357671710981,Gdansk_Swibno,2003,5,10,0.1600000000000001,15.3
54.3364222775687,18.9357671710981,Gdansk_Swibno,2003,5,11,0.1799999999999997,15.3
54.3364222775687,18.9357671710981,Gdansk_Swibno,2003,5,12,0.1899999999999995,15.8
54.3364222775687,18.9357671710981,Gdansk_Swibno,2003,5,13,0.1600000000000001,16.0
54.3364222775687,18.9357671710981,Gdansk_Swibno,2003,5,14,0.1500000000000004,17.0
54.3364222775687,18.9357671710981,Gdansk_Swibno,2003,5,15,0.1399999999999997,16.6
54.3364222775687,18.9357671710981,Gdansk_Swibno,2003,5,16,0.1600000000000001,16.0
54.3364222775687,18.9357671710981,Gdansk_Swibno,2003,5,17,0.1399999999999997,16.2
54.3364222775687,18.9357671710981,Gdansk_Swibno,2003,5,18,0.1600000000000001,16.6
54.3364222775687,18.9357671710981,Gdansk_Swibno,2003,5,19,0.1500000000000004,16.8
54.3364222775687,18.9357671710981,Gdansk_Swibno,2003,5,20,0.1699999999999999,17.1
54.3364222775687,18.9357671710981,Gdansk_Swibno,2003,5,21,0.1799999999999997,16.6
54.3364222775687,18.9357671710981,Gdansk_Swibno,2003,5,22,0.1799999999999997,16.9
54.3364222775687,18.9357671710981,Gdansk_Swibno,2003,5,23,0.25,17.0
54.3364222775687,18.9357671710981,Gdansk_Swibno,2003,5,24,0.2699999999999996,17.2
54.3364222775687,18.9357671710981,Gdansk_Swibno,2003,5,25,0.2599999999999998,18.0
54.3364222775687,18.9357671710981,Gdansk_Swibno,2003,5,26,0.2199999999999998,19.2
54.3364222775687,18.9357671710981,Gdansk_Swibno,2003,5,27,0.1799999999999997,18.6
54.3364222775687,18.9357671710981,Gdansk_Swibno,2003,5,28,0.1899999999999995,18.5
54.3364222775687,18.9357671710981,Gdansk_Swibno,2003,5,29,0.3099999999999996,18.9
54.3364222775687,18.9357671710981,Gdansk_Swibno,2003,5,30,0.3300000000000001,18.5
54.3364222775687,18.9357671710981,Gdansk_Swibno,2003,5,31,0.3799999999999999,19.0
54.3364222775687,18.9357671710981,Gdansk_Swibno,2003,6,1,0.3600000000000003,19.0
54.3364222775687,18.9357671710981,Gdansk_Swibno,2003,6,2,0.25,18.5
54.3364222775687,18.9357671710981,Gdansk_Swibno,2003,6,3,0.1799999999999997,18.7
54.3364222775687,18.9357671710981,Gdansk_Swibno,2003,6,4,0.08000000000000007,19.1
54.3364222775687,18.9357671710981,Gdansk_Swibno,2003,6,5,0.07000000000000028,21.5
54.3364222775687,18.9357671710981,Gdansk_Swibno,2003,6,6,0.09999999999999964,22.3
54.3364222775687,18.9357671710981,Gdansk_Swibno,2003,6,7,0.1100000000000003,22.5
54.3364222775687,18.9357671710981,Gdansk_Swibno,2003,6,8,0.09999999999999964,22.5
54.3364222775687,18.9357671710981,Gdansk_Swibno,2003,6,9,0.1200000000000001,22.9
54.3364222775687,18.9357671710981,Gdansk_Swibno,2003,6,10,0.1399999999999997,22.6
54.3364222775687,18.9357671710981,Gdansk_Swibno,2003,6,11,0.1399999999999997,22.2
54.3364222775687,18.9357671710981,Gdansk_Swibno,2003,6,12,0.1200000000000001,22.5
54.3364222775687,18.9357671710981,Gdansk_Swibno,2003,6,13,0.1399999999999997,21.6
54.3364222775687,18.9357671710981,Gdansk_Swibno,2003,6,14,0.1799999999999997,21.1
54.3364222775687,18.9357671710981,Gdansk_Swibno,2003,6,15,0.1899999999999995,20.7
54.3364222775687,18.9357671710981,Gdansk_Swibno,2003,6,16,0.2000000000000002,20.8
54.3364222775687,18.9357671710981,Gdansk_Swibno,2003,6,17,0.1899999999999995,20.4
54.3364222775687,18.9357671710981,Gdansk_Swibno,2003,6,18,0.1100000000000003,19.6
54.3364222775687,18.9357671710981,Gdansk_Swibno,2003,6,19,0.05999999999999961,19.3
54.3364222775687,18.9357671710981,Gdansk_Swibno,2003,6,20,0.1600000000000001,19.1
54.3364222775687,18.9357671710981,Gdansk_Swibno,2003,6,21,0.3300000000000001,18.3
54.3364222775687,18.9357671710981,Gdansk_Swibno,2003,6,22,0.3200000000000003,18.0
54.3364222775687,18.9357671710981,Gdansk_Swibno,2003,6,23,0.2000000000000002,18.7
54.3364222775687,18.9357671710981,Gdansk_Swibno,2003,6,24,0.2299999999999995,19.0
54.3364222775687,18.9357671710981,Gdansk_Swibno,2003,6,25,0.3200000000000003,19.1
54.3364222775687,18.9357671710981,Gdansk_Swibno,2003,6,26,0.3099999999999996,18.7
54.3364222775687,18.9357671710981,Gdansk_Swibno,2003,6,27,0.2699999999999996,18.4
54.3364222775687,18.9357671710981,Gdansk_Swibno,2003,6,28,0.2199999999999998,18.6
54.3364222775687,18.9357671710981,Gdansk_Swibno,2003,6,29,0.1899999999999995,19.6
54.3364222775687,18.9357671710981,Gdansk_Swibno,2003,6,30,0.2000000000000002,20.6
54.3364222775687,18.9357671710981,Gdansk_Swibno,2003,7,1,0.1399999999999997,21.2
54.3364222775687,18.9357671710981,Gdansk_Swibno,2003,7,2,0.1200000000000001,21.6
54.3364222775687,18.9357671710981,Gdansk_Swibno,2003,7,3,0.04000000000000004,20.8
54.3364222775687,18.9357671710981,Gdansk_Swibno,2003,7,4,0.09999999999999964,20.4
54.3364222775687,18.9357671710981,Gdansk_Swibno,2003,7,5,0.1399999999999997,19.9
54.3364222775687,18.9357671710981,Gdansk_Swibno,2003,7,6,0.2299999999999995,20.2
54.3364222775687,18.9357671710981,Gdansk_Swibno,2003,7,7,0.2199999999999998,19.5
54.3364222775687,18.9357671710981,Gdansk_Swibno,2003,7,8,0.21,19.9
54.3364222775687,18.9357671710981,Gdansk_Swibno,2003,7,9,0.1899999999999995,20.2
54.3364222775687,18.9357671710981,Gdansk_Swibno,2003,7,10,0.2199999999999998,19.5
54.3364222775687,18.9357671710981,Gdansk_Swibno,2003,7,11,0.1600000000000001,19.9
54.3364222775687,18.9357671710981,Gdansk_Swibno,2003,7,12,0.1500000000000004,20.2
54.3364222775687,18.9357671710981,Gdansk_Swibno,2003,7,13,0.2199999999999998,19.9
54.3364222775687,18.9357671710981,Gdansk_Swibno,2003,7,14,0.25,20.0
54.3364222775687,18.9357671710981,Gdansk_Swibno,2003,7,15,0.2400000000000002,19.6
54.3364222775687,18.9357671710981,Gdansk_Swibno,2003,7,16,0.1799999999999997,20.1
54.3364222775687,18.9357671710981,Gdansk_Swibno,2003,7,17,0.1299999999999999,20.7
54.3364222775687,18.9357671710981,Gdansk_Swibno,2003,7,18,0.1100000000000003,22.9
54.3364222775687,18.9357671710981,Gdansk_Swibno,2003,7,19,0.07000000000000028,23.3
54.3364222775687,18.9357671710981,Gdansk_Swibno,2003,7,20,0.03000000000000025,23.5
54.3364222775687,18.9357671710981,Gdansk_Swibno,2003,7,21,-0.009999999999999787,23.8
54.3364222775687,18.9357671710981,Gdansk_Swibno,2003,7,22,-0.009999999999999787,23.9
54.3364222775687,18.9357671710981,Gdansk_Swibno,2003,7,23,-0.02000000000000046,23.7
54.3364222775687,18.9357671710981,Gdansk_Swibno,2003,7,24,-0.03000000000000025,23.4
54.3364222775687,18.9357671710981,Gdansk_Swibno,2003,7,25,-0.02000000000000046,23.6
54.3364222775687,18.9357671710981,Gdansk_Swibno,2003,7,26,-0.02000000000000046,23.8
54.3364222775687,18.9357671710981,Gdansk_Swibno,2003,7,27,-0.04999999999999982,23.4
54.3364222775687,18.9357671710981,Gdansk_Swibno,2003,7,28,-0.02000000000000046,24.6
54.3364222775687,18.9357671710981,Gdansk_Swibno,2003,7,29,0.09999999999999964,24.2
54.3364222775687,18.9357671710981,Gdansk_Swibno,2003,7,30,0.08000000000000007,23.6
54.3364222775687,18.9357671710981,Gdansk_Swibno,2003,7,31,0.05999999999999961,23.2
54.3364222775687,18.9357671710981,Gdansk_Swibno,2003,8,1,0.04000000000000004,23.0
54.3364222775687,18.9357671710981,Gdansk_Swibno,2003,8,2,-0.02000000000000046,23.3
54.3364222775687,18.9357671710981,Gdansk_Swibno,2003,8,3,0.0,23.5
54.3364222775687,18.9357671710981,Gdansk_Swibno,2003,8,4,0.03000000000000025,23.7
54.3364222775687,18.9357671710981,Gdansk_Swibno,2003,8,5,0.08000000000000007,23.5
54.3364222775687,18.9357671710981,Gdansk_Swibno,2003,8,6,0.1200000000000001,23.6
54.3364222775687,18.9357671710981,Gdansk_Swibno,2003,8,7,0.05999999999999961,23.3
54.3364222775687,18.9357671710981,Gdansk_Swibno,2003,8,8,0.03000000000000025,23.6
54.3364222775687,18.9357671710981,Gdansk_Swibno,2003,8,9,0.04999999999999982,23.5
54.3364222775687,18.9357671710981,Gdansk_Swibno,2003,8,10,0.08999999999999986,23.5
54.3364222775687,18.9357671710981,Gdansk_Swibno,2003,8,11,-0.02000000000000046,21.4
54.3364222775687,18.9357671710981,Gdansk_Swibno,2003,8,12,-0.1100000000000003,21.0
54.3364222775687,18.9357671710981,Gdansk_Swibno,2003,8,13,-0.0600000000000005,21.5
54.3364222775687,18.9357671710981,Gdansk_Swibno,2003,8,14,-0.009999999999999787,22.3
54.3364222775687,18.9357671710981,Gdansk_Swibno,2003,8,15,0.03000000000000025,21.7
54.3364222775687,18.9357671710981,Gdansk_Swibno,2003,8,16,0.1899999999999995,21.0
54.3364222775687,18.9357671710981,Gdansk_Swibno,2003,8,17,0.2000000000000002,20.4
54.3364222775687,18.9357671710981,Gdansk_Swibno,2003,8,18,0.09999999999999964,20.1
54.3364222775687,18.9357671710981,Gdansk_Swibno,2003,8,19,0.09999999999999964,20.4
54.3364222775687,18.9357671710981,Gdansk_Swibno,2003,8,20,0.08000000000000007,20.0
54.3364222775687,18.9357671710981,Gdansk_Swibno,2003,8,21,0.08999999999999986,19.8
54.3364222775687,18.9357671710981,Gdansk_Swibno,2003,8,22,0.1200000000000001,19.4
54.3364222775687,18.9357671710981,Gdansk_Swibno,2003,8,23,0.1799999999999997,19.6
54.3364222775687,18.9357671710981,Gdansk_Swibno,2003,8,24,0.3799999999999999,19.4
54.3364222775687,18.9357671710981,Gdansk_Swibno,2003,8,25,0.4500000000000002,19.2
54.3364222775687,18.9357671710981,Gdansk_Swibno,2003,8,26,0.29,18.9
54.3364222775687,18.9357671710981,Gdansk_Swibno,2003,8,27,0.3600000000000003,18.9
54.3364222775687,18.9357671710981,Gdansk_Swibno,2003,8,28,0.4299999999999997,18.4
54.3364222775687,18.9357671710981,Gdansk_Swibno,2003,8,29,0.2699999999999996,17.5
54.3364222775687,18.9357671710981,Gdansk_Swibno,2003,8,30,0.3300000000000001,17.5
54.3364222775687,18.9357671710981,Gdansk_Swibno,2003,8,31,0.2699999999999996,17.3
54.3364222775687,18.9357671710981,Gdansk_Swibno,2003,9,1,0.2800000000000002,16.8
54.3364222775687,18.9357671710981,Gdansk_Swibno,2003,9,2,0.4199999999999999,16.9
54.3364222775687,18.9357671710981,Gdansk_Swibno,2003,9,3,0.1600000000000001,15.6
54.3364222775687,18.9357671710981,Gdansk_Swibno,2003,9,4,0.2000000000000002,15.2
54.3364222775687,18.9357671710981,Gdansk_Swibno,2003,9,5,0.1799999999999997,15.4
54.3364222775687,18.9357671710981,Gdansk_Swibno,2003,9,6,0.1200000000000001,15.3
54.3364222775687,18.9357671710981,Gdansk_Swibno,2003,9,7,0.05999999999999961,16.4
54.3364222775687,18.9357671710981,Gdansk_Swibno,2003,9,8,0.03000000000000025,16.7
54.3364222775687,18.9357671710981,Gdansk_Swibno,2003,9,9,0.05999999999999961,17.2
54.3364222775687,18.9357671710981,Gdansk_Swibno,2003,9,10,0.03000000000000025,17.6
54.3364222775687,18.9357671710981,Gdansk_Swibno,2003,9,11,0.04000000000000004,17.4
54.3364222775687,18.9357671710981,Gdansk_Swibno,2003,9,12,0.01999999999999957,16.9
54.3364222775687,18.9357671710981,Gdansk_Swibno,2003,9,13,0.01999999999999957,16.5
54.3364222775687,18.9357671710981,Gdansk_Swibno,2003,9,14,-0.03000000000000025,16.3
54.3364222775687,18.9357671710981,Gdansk_Swibno,2003,9,15,-0.09999999999999964,16.6
54.3364222775687,18.9357671710981,Gdansk_Swibno,2003,9,16,-0.04000000000000004,16.8
54.3364222775687,18.9357671710981,Gdansk_Swibno,2003,9,17,0.07000000000000028,17.1
54.3364222775687,18.9357671710981,Gdansk_Swibno,2003,9,18,-0.02000000000000046,17.2
54.3364222775687,18.9357671710981,Gdansk_Swibno,2003,9,19,-0.02000000000000046,17.6
54.3364222775687,18.9357671710981,Gdansk_Swibno,2003,9,20,0.1200000000000001,18.2
54.3364222775687,18.9357671710981,Gdansk_Swibno,2003,9,21,0.08000000000000007,17.8
54.3364222775687,18.9357671710981,Gdansk_Swibno,2003,9,22,0.0,17.6
54.3364222775687,18.9357671710981,Gdansk_Swibno,2003,9,23,-0.04000000000000004,17.3
54.3364222775687,18.9357671710981,Gdansk_Swibno,2003,9,24,0.1299999999999999,16.3
54.3364222775687,18.9357671710981,Gdansk_Swibno,2003,9,25,0.08999999999999986,15.6
54.3364222775687,18.9357671710981,Gdansk_Swibno,2003,9,26,0.03000000000000025,15.0
54.3364222775687,18.9357671710981,Gdansk_Swibno,2003,9,27,0.04000000000000004,14.7
54.3364222775687,18.9357671710981,Gdansk_Swibno,2003,9,28,0.1799999999999997,14.5
54.3364222775687,18.9357671710981,Gdansk_Swibno,2003,9,29,0.2000000000000002,14.1
54.3364222775687,18.9357671710981,Gdansk_Swibno,2003,9,30,0.2599999999999998,13.6
54.3364222775687,18.9357671710981,Gdansk_Swibno,2003,10,1,0.1399999999999997,13.2
54.3364222775687,18.9357671710981,Gdansk_Swibno,2003,10,2,0.09999999999999964,13.1
54.3364222775687,18.9357671710981,Gdansk_Swibno,2003,10,3,0.1299999999999999,13.8
54.3364222775687,18.9357671710981,Gdansk_Swibno,2003,10,4,0.09999999999999964,14.2
54.3364222775687,18.9357671710981,Gdansk_Swibno,2003,10,5,0.1200000000000001,14.2
54.3364222775687,18.9357671710981,Gdansk_Swibno,2003,10,6,0.2400000000000002,14.0
54.3364222775687,18.9357671710981,Gdansk_Swibno,2003,10,7,0.1799999999999997,12.8
54.3364222775687,18.9357671710981,Gdansk_Swibno,2003,10,8,0.2800000000000002,12.4
54.3364222775687,18.9357671710981,Gdansk_Swibno,2003,10,9,0.2999999999999998,12.0
54.3364222775687,18.9357671710981,Gdansk_Swibno,2003,10,10,0.2999999999999998,12.4
54.3364222775687,18.9357671710981,Gdansk_Swibno,2003,10,11,0.4100000000000001,12.0
54.3364222775687,18.9357671710981,Gdansk_Swibno,2003,10,12,0.54,11.6
54.3364222775687,18.9357671710981,Gdansk_Swibno,2003,10,13,0.6699999999999999,10.7
54.3364222775687,18.9357671710981,Gdansk_Swibno,2003,10,14,0.6299999999999999,9.9
54.3364222775687,18.9357671710981,Gdansk_Swibno,2003,10,15,0.5700000000000003,9.9
54.3364222775687,18.9357671710981,Gdansk_Swibno,2003,10,16,0.2999999999999998,9.0
54.3364222775687,18.9357671710981,Gdansk_Swibno,2003,10,17,0.1200000000000001,8.2
54.3364222775687,18.9357671710981,Gdansk_Swibno,2003,10,18,0.07000000000000028,8.3
54.3364222775687,18.9357671710981,Gdansk_Swibno,2003,10,19,0.1399999999999997,8.0
54.3364222775687,18.9357671710981,Gdansk_Swibno,2003,10,20,0.1299999999999999,7.8
54.3364222775687,18.9357671710981,Gdansk_Swibno,2003,10,21,0.2299999999999995,7.6
54.3364222775687,18.9357671710981,Gdansk_Swibno,2003,10,22,0.2299999999999995,6.9
54.3364222775687,18.9357671710981,Gdansk_Swibno,2003,10,23,0.05999999999999961,6.6
54.3364222775687,18.9357671710981,Gdansk_Swibno,2003,10,24,0.009999999999999787,6.0
54.3364222775687,18.9357671710981,Gdansk_Swibno,2003,10,25,0.08000000000000007,5.6
54.3364222775687,18.9357671710981,Gdansk_Swibno,2003,10,26,0.2599999999999998,5.3
54.3364222775687,18.9357671710981,Gdansk_Swibno,2003,10,27,0.04999999999999982,4.8
54.3364222775687,18.9357671710981,Gdansk_Swibno,2003,10,28,-0.1799999999999997,4.7
54.3364222775687,18.9357671710981,Gdansk_Swibno,2003,10,29,-0.1299999999999999,4.5
54.3364222775687,18.9357671710981,Gdansk_Swibno,2003,10,30,-0.02000000000000046,4.2
54.3364222775687,18.9357671710981,Gdansk_Swibno,2003,10,31,0.0,4.0
54.3364222775687,18.9357671710981,Gdansk_Swibno,2003,11,1,-0.04000000000000004,4.4
54.3364222775687,18.9357671710981,Gdansk_Swibno,2003,11,2,-0.04000000000000004,4.7
54.3364222775687,18.9357671710981,Gdansk_Swibno,2003,11,3,-0.08000000000000007,5.5
54.3364222775687,18.9357671710981,Gdansk_Swibno,2003,11,4,0.0,6.1
54.3364222775687,18.9357671710981,Gdansk_Swibno,2003,11,5,0.07000000000000028,5.2
54.3364222775687,18.9357671710981,Gdansk_Swibno,2003,11,6,0.03000000000000025,5.2
54.3364222775687,18.9357671710981,Gdansk_Swibno,2003,11,7,0.009999999999999787,5.4
54.3364222775687,18.9357671710981,Gdansk_Swibno,2003,11,8,0.03000000000000025,5.6
54.3364222775687,18.9357671710981,Gdansk_Swibno,2003,11,9,-0.03000000000000025,5.3
54.3364222775687,18.9357671710981,Gdansk_Swibno,2003,11,10,-0.1399999999999997,5.0
54.3364222775687,18.9357671710981,Gdansk_Swibno,2003,11,11,-0.2000000000000002,4.5
54.3364222775687,18.9357671710981,Gdansk_Swibno,2003,11,12,-0.21,4.0
54.3364222775687,18.9357671710981,Gdansk_Swibno,2003,11,13,-0.2199999999999998,3.7
54.3364222775687,18.9357671710981,Gdansk_Swibno,2003,11,14,-0.25,3.4
54.3364222775687,18.9357671710981,Gdansk_Swibno,2003,11,15,-0.2800000000000002,3.4
54.3364222775687,18.9357671710981,Gdansk_Swibno,2003,11,16,-0.2999999999999998,3.5
54.3364222775687,18.9357671710981,Gdansk_Swibno,2003,11,17,-0.1600000000000001,3.9
54.3364222775687,18.9357671710981,Gdansk_Swibno,2003,11,18,-0.03000000000000025,3.5
54.3364222775687,18.9357671710981,Gdansk_Swibno,2003,11,19,0.0,4.0
54.3364222775687,18.9357671710981,Gdansk_Swibno,2003,11,20,0.08000000000000007,4.4
54.3364222775687,18.9357671710981,Gdansk_Swibno,2003,11,21,0.05999999999999961,4.9
54.3364222775687,18.9357671710981,Gdansk_Swibno,2003,11,22,0.03000000000000025,5.3
54.3364222775687,18.9357671710981,Gdansk_Swibno,2003,11,23,0.04000000000000004,5.5
54.3364222775687,18.9357671710981,Gdansk_Swibno,2003,11,24,0.07000000000000028,5.7
54.3364222775687,18.9357671710981,Gdansk_Swibno,2003,11,25,0.05999999999999961,5.5
54.3364222775687,18.9357671710981,Gdansk_Swibno,2003,11,26,0.04000000000000004,5.8
54.3364222775687,18.9357671710981,Gdansk_Swibno,2003,11,27,0.03000000000000025,6.3
54.3364222775687,18.9357671710981,Gdansk_Swibno,2003,11,28,0.009999999999999787,6.5
54.3364222775687,18.9357671710981,Gdansk_Swibno,2003,11,29,0.03000000000000025,6.4
54.3364222775687,18.9357671710981,Gdansk_Swibno,2003,11,30,-0.04000000000000004,6.6
54.3364222775687,18.9357671710981,Gdansk_Swibno,2004,5,1,-0.009999999999999787,14.1
54.3364222775687,18.9357671710981,Gdansk_Swibno,2004,5,2,0.009999999999999787,14.7
54.3364222775687,18.9357671710981,Gdansk_Swibno,2004,5,3,-0.03000000000000025,15.2
54.3364222775687,18.9357671710981,Gdansk_Swibno,2004,5,4,-0.03000000000000025,15.4
54.3364222775687,18.9357671710981,Gdansk_Swibno,2004,5,5,0.01999999999999957,15.9
54.3364222775687,18.9357671710981,Gdansk_Swibno,2004,5,6,0.03000000000000025,16.7
54.3364222775687,18.9357671710981,Gdansk_Swibno,2004,5,7,0.01999999999999957,16.4
54.3364222775687,18.9357671710981,Gdansk_Swibno,2004,5,8,0.04000000000000004,16.5
54.3364222775687,18.9357671710981,Gdansk_Swibno,2004,5,9,0.04000000000000004,15.8
54.3364222775687,18.9357671710981,Gdansk_Swibno,2004,5,10,0.08000000000000007,16.2
54.3364222775687,18.9357671710981,Gdansk_Swibno,2004,5,11,0.1299999999999999,16.4
54.3364222775687,18.9357671710981,Gdansk_Swibno,2004,5,12,0.1299999999999999,14.9
54.3364222775687,18.9357671710981,Gdansk_Swibno,2004,5,13,0.1500000000000004,14.6
54.3364222775687,18.9357671710981,Gdansk_Swibno,2004,5,14,0.03000000000000025,14.4
54.3364222775687,18.9357671710981,Gdansk_Swibno,2004,5,15,0.08999999999999986,14.2
54.3364222775687,18.9357671710981,Gdansk_Swibno,2004,5,16,0.1799999999999997,14.0
54.3364222775687,18.9357671710981,Gdansk_Swibno,2004,5,17,0.1500000000000004,14.3
54.3364222775687,18.9357671710981,Gdansk_Swibno,2004,5,18,0.1500000000000004,14.7
54.3364222775687,18.9357671710981,Gdansk_Swibno,2004,5,19,0.2199999999999998,15.3
54.3364222775687,18.9357671710981,Gdansk_Swibno,2004,5,20,0.2999999999999998,15.1
54.3364222775687,18.9357671710981,Gdansk_Swibno,2004,5,21,0.3200000000000003,14.8
54.3364222775687,18.9357671710981,Gdansk_Swibno,2004,5,22,0.2999999999999998,14.5
54.3364222775687,18.9357671710981,Gdansk_Swibno,2004,5,23,0.3399999999999999,14.1
54.3364222775687,18.9357671710981,Gdansk_Swibno,2004,5,24,0.3799999999999999,14.0
54.3364222775687,18.9357671710981,Gdansk_Swibno,2004,5,25,0.3600000000000003,14.2
54.3364222775687,18.9357671710981,Gdansk_Swibno,2004,5,26,0.3099999999999996,14.4
54.3364222775687,18.9357671710981,Gdansk_Swibno,2004,5,27,0.2999999999999998,14.2
54.3364222775687,18.9357671710981,Gdansk_Swibno,2004,5,28,0.2000000000000002,14.4
54.3364222775687,18.9357671710981,Gdansk_Swibno,2004,5,29,0.1799999999999997,15.2
54.3364222775687,18.9357671710981,Gdansk_Swibno,2004,5,30,0.2000000000000002,15.6
54.3364222775687,18.9357671710981,Gdansk_Swibno,2004,5,31,0.2000000000000002,16.1
54.3364222775687,18.9357671710981,Gdansk_Swibno,2004,6,1,0.1600000000000001,16.7
54.3364222775687,18.9357671710981,Gdansk_Swibno,2004,6,2,0.1399999999999997,16.9
54.3364222775687,18.9357671710981,Gdansk_Swibno,2004,6,3,0.09999999999999964,17.2
54.3364222775687,18.9357671710981,Gdansk_Swibno,2004,6,4,0.04999999999999982,17.6
54.3364222775687,18.9357671710981,Gdansk_Swibno,2004,6,5,0.05999999999999961,18.0
54.3364222775687,18.9357671710981,Gdansk_Swibno,2004,6,6,0.04000000000000004,17.7
54.3364222775687,18.9357671710981,Gdansk_Swibno,2004,6,7,0.05999999999999961,18.1
54.3364222775687,18.9357671710981,Gdansk_Swibno,2004,6,8,0.2000000000000002,18.9
54.3364222775687,18.9357671710981,Gdansk_Swibno,2004,6,9,0.1799999999999997,19.2
54.3364222775687,18.9357671710981,Gdansk_Swibno,2004,6,10,0.04000000000000004,18.7
54.3364222775687,18.9357671710981,Gdansk_Swibno,2004,6,11,0.04999999999999982,18.8
54.3364222775687,18.9357671710981,Gdansk_Swibno,2004,6,12,0.1200000000000001,19.3
54.3364222775687,18.9357671710981,Gdansk_Swibno,2004,6,13,0.1799999999999997,19.5
54.3364222775687,18.9357671710981,Gdansk_Swibno,2004,6,14,0.1200000000000001,19.9
54.3364222775687,18.9357671710981,Gdansk_Swibno,2004,6,15,0.1899999999999995,18.7
54.3364222775687,18.9357671710981,Gdansk_Swibno,2004,6,16,0.3399999999999999,18.1
54.3364222775687,18.9357671710981,Gdansk_Swibno,2004,6,17,0.2400000000000002,17.4
54.3364222775687,18.9357671710981,Gdansk_Swibno,2004,6,18,0.25,17.8
54.3364222775687,18.9357671710981,Gdansk_Swibno,2004,6,19,0.2299999999999995,17.6
54.3364222775687,18.9357671710981,Gdansk_Swibno,2004,6,20,0.1799999999999997,17.4
54.3364222775687,18.9357671710981,Gdansk_Swibno,2004,6,21,0.1899999999999995,17.3
54.3364222775687,18.9357671710981,Gdansk_Swibno,2004,6,22,0.1699999999999999,17.8
54.3364222775687,18.9357671710981,Gdansk_Swibno,2004,6,23,0.1399999999999997,18.1
54.3364222775687,18.9357671710981,Gdansk_Swibno,2004,6,24,0.1699999999999999,18.8
54.3364222775687,18.9357671710981,Gdansk_Swibno,2004,6,25,0.09999999999999964,19.3
54.3364222775687,18.9357671710981,Gdansk_Swibno,2004,6,26,0.1399999999999997,19.9
54.3364222775687,18.9357671710981,Gdansk_Swibno,2004,6,27,0.2000000000000002,19.9
54.3364222775687,18.9357671710981,Gdansk_Swibno,2004,6,28,0.1600000000000001,18.8
54.3364222775687,18.9357671710981,Gdansk_Swibno,2004,6,29,0.1799999999999997,18.9
54.3364222775687,18.9357671710981,Gdansk_Swibno,2004,6,30,0.2400000000000002,19.0
54.3364222775687,18.9357671710981,Gdansk_Swibno,2004,7,1,0.2000000000000002,17.7
54.3364222775687,18.9357671710981,Gdansk_Swibno,2004,7,2,0.2199999999999998,18.4
54.3364222775687,18.9357671710981,Gdansk_Swibno,2004,7,3,0.1899999999999995,18.7
54.3364222775687,18.9357671710981,Gdansk_Swibno,2004,7,4,0.1799999999999997,18.9
54.3364222775687,18.9357671710981,Gdansk_Swibno,2004,7,5,0.1699999999999999,19.4
54.3364222775687,18.9357671710981,Gdansk_Swibno,2004,7,6,0.2000000000000002,19.7
54.3364222775687,18.9357671710981,Gdansk_Swibno,2004,7,7,0.1899999999999995,19.1
54.3364222775687,18.9357671710981,Gdansk_Swibno,2004,7,8,0.1699999999999999,19.4
54.3364222775687,18.9357671710981,Gdansk_Swibno,2004,7,9,0.1699999999999999,19.7
54.3364222775687,18.9357671710981,Gdansk_Swibno,2004,7,10,0.1100000000000003,19.7
54.3364222775687,18.9357671710981,Gdansk_Swibno,2004,7,11,0.1100000000000003,19.7
54.3364222775687,18.9357671710981,Gdansk_Swibno,2004,7,12,0.1200000000000001,18.8
54.3364222775687,18.9357671710981,Gdansk_Swibno,2004,7,13,0.1799999999999997,18.6
54.3364222775687,18.9357671710981,Gdansk_Swibno,2004,7,14,0.2199999999999998,18.5
54.3364222775687,18.9357671710981,Gdansk_Swibno,2004,7,15,0.2400000000000002,17.6
54.3364222775687,18.9357671710981,Gdansk_Swibno,2004,7,16,0.2599999999999998,18.0
54.3364222775687,18.9357671710981,Gdansk_Swibno,2004,7,17,0.25,18.3
54.3364222775687,18.9357671710981,Gdansk_Swibno,2004,7,18,0.2199999999999998,18.8
54.3364222775687,18.9357671710981,Gdansk_Swibno,2004,7,19,0.1899999999999995,19.6
54.3364222775687,18.9357671710981,Gdansk_Swibno,2004,7,20,0.1399999999999997,19.8
54.3364222775687,18.9357671710981,Gdansk_Swibno,2004,7,21,0.1899999999999995,21.1
54.3364222775687,18.9357671710981,Gdansk_Swibno,2004,7,22,0.2000000000000002,21.5
54.3364222775687,18.9357671710981,Gdansk_Swibno,2004,7,23,0.1699999999999999,21.7
54.3364222775687,18.9357671710981,Gdansk_Swibno,2004,7,24,0.1200000000000001,21.9
54.3364222775687,18.9357671710981,Gdansk_Swibno,2004,7,25,0.08000000000000007,22.1
54.3364222775687,18.9357671710981,Gdansk_Swibno,2004,7,26,0.08999999999999986,22.3
54.3364222775687,18.9357671710981,Gdansk_Swibno,2004,7,27,0.1299999999999999,21.4
54.3364222775687,18.9357671710981,Gdansk_Swibno,2004,7,28,0.1200000000000001,20.2
54.3364222775687,18.9357671710981,Gdansk_Swibno,2004,7,29,0.1100000000000003,21.3
54.3364222775687,18.9357671710981,Gdansk_Swibno,2004,7,30,0.1100000000000003,21.6
54.3364222775687,18.9357671710981,Gdansk_Swibno,2004,7,31,0.08000000000000007,22.8
54.3364222775687,18.9357671710981,Gdansk_Swibno,2004,8,1,0.07000000000000028,21.9
54.3364222775687,18.9357671710981,Gdansk_Swibno,2004,8,2,0.1399999999999997,21.8
54.3364222775687,18.9357671710981,Gdansk_Swibno,2004,8,3,0.1600000000000001,21.6
54.3364222775687,18.9357671710981,Gdansk_Swibno,2004,8,4,0.1100000000000003,21.8
54.3364222775687,18.9357671710981,Gdansk_Swibno,2004,8,5,0.1600000000000001,22.1
54.3364222775687,18.9357671710981,Gdansk_Swibno,2004,8,6,0.3700000000000001,22.6
54.3364222775687,18.9357671710981,Gdansk_Swibno,2004,8,7,0.5899999999999999,22.8
54.3364222775687,18.9357671710981,Gdansk_Swibno,2004,8,8,0.8499999999999996,22.9
54.3364222775687,18.9357671710981,Gdansk_Swibno,2004,8,9,0.96,21.8
54.3364222775687,18.9357671710981,Gdansk_Swibno,2004,8,10,0.5800000000000001,22.1
54.3364222775687,18.9357671710981,Gdansk_Swibno,2004,8,11,0.2599999999999998,21.6
54.3364222775687,18.9357671710981,Gdansk_Swibno,2004,8,12,0.1399999999999997,21.9
54.3364222775687,18.9357671710981,Gdansk_Swibno,2004,8,13,0.07000000000000028,22.2
54.3364222775687,18.9357671710981,Gdansk_Swibno,2004,8,14,0.1899999999999995,21.8
54.3364222775687,18.9357671710981,Gdansk_Swibno,2004,8,15,0.01999999999999957,21.5
54.3364222775687,18.9357671710981,Gdansk_Swibno,2004,8,16,0.0,21.8
54.3364222775687,18.9357671710981,Gdansk_Swibno,2004,8,17,0.07000000000000028,21.2
54.3364222775687,18.9357671710981,Gdansk_Swibno,2004,8,18,0.1200000000000001,22.2
54.3364222775687,18.9357671710981,Gdansk_Swibno,2004,8,19,0.05999999999999961,22.4
54.3364222775687,18.9357671710981,Gdansk_Swibno,2004,8,20,-0.04999999999999982,22.7
54.3364222775687,18.9357671710981,Gdansk_Swibno,2004,8,21,-0.03000000000000025,22.3
54.3364222775687,18.9357671710981,Gdansk_Swibno,2004,8,22,0.08999999999999986,22.3
54.3364222775687,18.9357671710981,Gdansk_Swibno,2004,8,23,0.1100000000000003,20.9
54.3364222775687,18.9357671710981,Gdansk_Swibno,2004,8,24,0.08000000000000007,20.0
54.3364222775687,18.9357671710981,Gdansk_Swibno,2004,8,25,0.07000000000000028,19.5
54.3364222775687,18.9357671710981,Gdansk_Swibno,2004,8,26,0.05999999999999961,19.2
54.3364222775687,18.9357671710981,Gdansk_Swibno,2004,8,27,0.1200000000000001,18.8
54.3364222775687,18.9357671710981,Gdansk_Swibno,2004,8,28,0.07000000000000028,18.6
54.3364222775687,18.9357671710981,Gdansk_Swibno,2004,8,29,0.08999999999999986,19.0
54.3364222775687,18.9357671710981,Gdansk_Swibno,2004,8,30,0.1600000000000001,19.4
54.3364222775687,18.9357671710981,Gdansk_Swibno,2004,8,31,0.1500000000000004,19.3
54.3364222775687,18.9357671710981,Gdansk_Swibno,2004,9,1,0.2000000000000002,19.2
54.3364222775687,18.9357671710981,Gdansk_Swibno,2004,9,2,0.2299999999999995,18.7
54.3364222775687,18.9357671710981,Gdansk_Swibno,2004,9,3,0.29,18.3
54.3364222775687,18.9357671710981,Gdansk_Swibno,2004,9,4,0.29,19.0
54.3364222775687,18.9357671710981,Gdansk_Swibno,2004,9,5,0.1399999999999997,19.2
54.3364222775687,18.9357671710981,Gdansk_Swibno,2004,9,6,0.09999999999999964,19.4
54.3364222775687,18.9357671710981,Gdansk_Swibno,2004,9,7,0.1699999999999999,19.2
54.3364222775687,18.9357671710981,Gdansk_Swibno,2004,9,8,0.4399999999999995,18.6
54.3364222775687,18.9357671710981,Gdansk_Swibno,2004,9,9,0.3099999999999996,18.6
54.3364222775687,18.9357671710981,Gdansk_Swibno,2004,9,10,0.08000000000000007,17.5
54.3364222775687,18.9357671710981,Gdansk_Swibno,2004,9,11,0.04999999999999982,17.2
54.3364222775687,18.9357671710981,Gdansk_Swibno,2004,9,12,0.07000000000000028,17.8
54.3364222775687,18.9357671710981,Gdansk_Swibno,2004,9,13,-0.0600000000000005,17.5
54.3364222775687,18.9357671710981,Gdansk_Swibno,2004,9,14,-0.03000000000000025,17.6
54.3364222775687,18.9357671710981,Gdansk_Swibno,2004,9,15,0.05999999999999961,17.3
54.3364222775687,18.9357671710981,Gdansk_Swibno,2004,9,16,0.1799999999999997,17.1
54.3364222775687,18.9357671710981,Gdansk_Swibno,2004,9,17,0.1500000000000004,16.4
54.3364222775687,18.9357671710981,Gdansk_Swibno,2004,9,18,0.009999999999999787,15.6
54.3364222775687,18.9357671710981,Gdansk_Swibno,2004,9,19,0.04999999999999982,15.3
54.3364222775687,18.9357671710981,Gdansk_Swibno,2004,9,20,0.08000000000000007,15.5
54.3364222775687,18.9357671710981,Gdansk_Swibno,2004,9,21,0.1100000000000003,15.6
54.3364222775687,18.9357671710981,Gdansk_Swibno,2004,9,22,0.2699999999999996,15.3
54.3364222775687,18.9357671710981,Gdansk_Swibno,2004,9,23,0.2999999999999998,14.8
54.3364222775687,18.9357671710981,Gdansk_Swibno,2004,9,24,0.3099999999999996,14.4
54.3364222775687,18.9357671710981,Gdansk_Swibno,2004,9,25,0.3300000000000001,14.0
54.3364222775687,18.9357671710981,Gdansk_Swibno,2004,9,26,0.3399999999999999,13.6
54.3364222775687,18.9357671710981,Gdansk_Swibno,2004,9,27,0.2400000000000002,13.3
54.3364222775687,18.9357671710981,Gdansk_Swibno,2004,9,28,0.3399999999999999,13.7
54.3364222775687,18.9357671710981,Gdansk_Swibno,2004,9,29,0.3899999999999997,13.9
54.3364222775687,18.9357671710981,Gdansk_Swibno,2004,9,30,0.5,13.7
54.3364222775687,18.9357671710981,Gdansk_Swibno,2004,10,1,0.4900000000000002,14.3
54.3364222775687,18.9357671710981,Gdansk_Swibno,2004,10,2,0.3099999999999996,14.5
54.3364222775687,18.9357671710981,Gdansk_Swibno,2004,10,3,0.25,14.0
54.3364222775687,18.9357671710981,Gdansk_Swibno,2004,10,4,0.1399999999999997,13.7
54.3364222775687,18.9357671710981,Gdansk_Swibno,2004,10,5,0.04000000000000004,14.1
54.3364222775687,18.9357671710981,Gdansk_Swibno,2004,10,6,0.1399999999999997,14.3
54.3364222775687,18.9357671710981,Gdansk_Swibno,2004,10,7,0.1100000000000003,14.6
54.3364222775687,18.9357671710981,Gdansk_Swibno,2004,10,8,0.1600000000000001,13.9
54.3364222775687,18.9357671710981,Gdansk_Swibno,2004,10,9,0.3600000000000003,13.6
54.3364222775687,18.9357671710981,Gdansk_Swibno,2004,10,10,0.4000000000000004,13.2
54.3364222775687,18.9357671710981,Gdansk_Swibno,2004,10,11,0.3799999999999999,12.9
54.3364222775687,18.9357671710981,Gdansk_Swibno,2004,10,12,0.08000000000000007,11.0
54.3364222775687,18.9357671710981,Gdansk_Swibno,2004,10,13,-0.04999999999999982,9.9
54.3364222775687,18.9357671710981,Gdansk_Swibno,2004,10,14,-0.1200000000000001,9.0
54.3364222775687,18.9357671710981,Gdansk_Swibno,2004,10,15,-0.09999999999999964,8.8
54.3364222775687,18.9357671710981,Gdansk_Swibno,2004,10,16,-0.0600000000000005,9.0
54.3364222775687,18.9357671710981,Gdansk_Swibno,2004,10,17,0.01999999999999957,9.2
54.3364222775687,18.9357671710981,Gdansk_Swibno,2004,10,18,-0.02000000000000046,9.6
54.3364222775687,18.9357671710981,Gdansk_Swibno,2004,10,19,0.1899999999999995,9.5
54.3364222775687,18.9357671710981,Gdansk_Swibno,2004,10,20,0.1399999999999997,9.2
54.3364222775687,18.9357671710981,Gdansk_Swibno,2004,10,21,-0.03000000000000025,9.0
54.3364222775687,18.9357671710981,Gdansk_Swibno,2004,10,22,-0.1299999999999999,8.6
54.3364222775687,18.9357671710981,Gdansk_Swibno,2004,10,23,-0.08000000000000007,8.5
54.3364222775687,18.9357671710981,Gdansk_Swibno,2004,10,24,0.09999999999999964,8.6
54.3364222775687,18.9357671710981,Gdansk_Swibno,2004,10,25,0.09999999999999964,9.0
54.3364222775687,18.9357671710981,Gdansk_Swibno,2004,10,26,-0.02000000000000046,9.9
54.3364222775687,18.9357671710981,Gdansk_Swibno,2004,10,27,0.05999999999999961,9.7
54.3364222775687,18.9357671710981,Gdansk_Swibno,2004,10,28,0.04000000000000004,9.3
54.3364222775687,18.9357671710981,Gdansk_Swibno,2004,10,29,0.09999999999999964,9.3
54.3364222775687,18.9357671710981,Gdansk_Swibno,2004,10,30,0.1200000000000001,9.3
54.3364222775687,18.9357671710981,Gdansk_Swibno,2004,10,31,0.1100000000000003,9.6
54.3364222775687,18.9357671710981,Gdansk_Swibno,2004,11,1,-0.009999999999999787,10.2
54.3364222775687,18.9357671710981,Gdansk_Swibno,2004,11,2,0.03000000000000025,10.4
54.3364222775687,18.9357671710981,Gdansk_Swibno,2004,11,3,-0.09999999999999964,9.3
54.3364222775687,18.9357671710981,Gdansk_Swibno,2004,11,4,-0.08999999999999986,9.9
54.3364222775687,18.9357671710981,Gdansk_Swibno,2004,11,5,-0.04999999999999982,10.1
54.3364222775687,18.9357671710981,Gdansk_Swibno,2004,11,6,0.07000000000000028,9.6
54.3364222775687,18.9357671710981,Gdansk_Swibno,2004,11,7,0.1799999999999997,8.9
54.3364222775687,18.9357671710981,Gdansk_Swibno,2004,11,8,0.07000000000000028,8.5
54.3364222775687,18.9357671710981,Gdansk_Swibno,2004,11,9,0.09999999999999964,8.3
54.3364222775687,18.9357671710981,Gdansk_Swibno,2004,11,10,0.009999999999999787,8.3
54.3364222775687,18.9357671710981,Gdansk_Swibno,2004,11,11,0.009999999999999787,8.4
54.3364222775687,18.9357671710981,Gdansk_Swibno,2004,11,12,-0.2300000000000004,8.2
54.3364222775687,18.9357671710981,Gdansk_Swibno,2004,11,13,0.01999999999999957,8.0
54.3364222775687,18.9357671710981,Gdansk_Swibno,2004,11,14,0.1799999999999997,7.7
54.3364222775687,18.9357671710981,Gdansk_Swibno,2004,11,15,-0.03000000000000025,7.1
54.3364222775687,18.9357671710981,Gdansk_Swibno,2004,11,16,0.2800000000000002,7.4
54.3364222775687,18.9357671710981,Gdansk_Swibno,2004,11,17,0.29,7.2
54.3364222775687,18.9357671710981,Gdansk_Swibno,2004,11,18,0.4399999999999995,7.0
54.3364222775687,18.9357671710981,Gdansk_Swibno,2004,11,19,0.46,5.3
54.3364222775687,18.9357671710981,Gdansk_Swibno,2004,11,20,0.3700000000000001,3.8
54.3364222775687,18.9357671710981,Gdansk_Swibno,2004,11,21,0.5700000000000003,3.2
54.3364222775687,18.9357671710981,Gdansk_Swibno,2004,11,22,0.1899999999999995,2.9
54.3364222775687,18.9357671710981,Gdansk_Swibno,2004,11,23,0.8499999999999996,3.1
54.3364222775687,18.9357671710981,Gdansk_Swibno,2004,11,24,0.8899999999999997,3.0
54.3364222775687,18.9357671710981,Gdansk_Swibno,2004,11,25,0.1899999999999995,3.1
54.3364222775687,18.9357671710981,Gdansk_Swibno,2004,11,26,0.3300000000000001,3.5
54.3364222775687,18.9357671710981,Gdansk_Swibno,2004,11,27,0.3099999999999996,3.4
54.3364222775687,18.9357671710981,Gdansk_Swibno,2004,11,28,0.29,3.1
54.3364222775687,18.9357671710981,Gdansk_Swibno,2004,11,29,0.1899999999999995,3.0
54.3364222775687,18.9357671710981,Gdansk_Swibno,2004,11,30,0.1699999999999999,2.9
54.3364222775687,18.9357671710981,Gdansk_Swibno,2005,5,1,0.1299999999999999,13.5
54.3364222775687,18.9357671710981,Gdansk_Swibno,2005,5,2,0.08999999999999986,13.8
54.3364222775687,18.9357671710981,Gdansk_Swibno,2005,5,3,0.1100000000000003,14.2
54.3364222775687,18.9357671710981,Gdansk_Swibno,2005,5,4,0.2400000000000002,14.6
54.3364222775687,18.9357671710981,Gdansk_Swibno,2005,5,5,0.29,14.8
54.3364222775687,18.9357671710981,Gdansk_Swibno,2005,5,6,0.2000000000000002,14.1
54.3364222775687,18.9357671710981,Gdansk_Swibno,2005,5,7,0.1699999999999999,14.1
54.3364222775687,18.9357671710981,Gdansk_Swibno,2005,5,8,0.2299999999999995,14.7
54.3364222775687,18.9357671710981,Gdansk_Swibno,2005,5,9,0.21,14.9
54.3364222775687,18.9357671710981,Gdansk_Swibno,2005,5,10,0.2000000000000002,15.2
54.3364222775687,18.9357671710981,Gdansk_Swibno,2005,5,11,0.2699999999999996,15.2
54.3364222775687,18.9357671710981,Gdansk_Swibno,2005,5,12,0.4199999999999999,14.1
54.3364222775687,18.9357671710981,Gdansk_Swibno,2005,5,13,0.5599999999999996,14.3
54.3364222775687,18.9357671710981,Gdansk_Swibno,2005,5,14,0.46,14.5
54.3364222775687,18.9357671710981,Gdansk_Swibno,2005,5,15,0.3600000000000003,14.4
54.3364222775687,18.9357671710981,Gdansk_Swibno,2005,5,16,0.3399999999999999,13.6
54.3364222775687,18.9357671710981,Gdansk_Swibno,2005,5,17,0.3499999999999996,13.8
54.3364222775687,18.9357671710981,Gdansk_Swibno,2005,5,18,0.2999999999999998,13.4
54.3364222775687,18.9357671710981,Gdansk_Swibno,2005,5,19,0.2199999999999998,13.7
54.3364222775687,18.9357671710981,Gdansk_Swibno,2005,5,20,0.1799999999999997,13.9
54.3364222775687,18.9357671710981,Gdansk_Swibno,2005,5,21,0.1500000000000004,14.1
54.3364222775687,18.9357671710981,Gdansk_Swibno,2005,5,22,0.1399999999999997,14.6
54.3364222775687,18.9357671710981,Gdansk_Swibno,2005,5,23,0.1299999999999999,16.1
54.3364222775687,18.9357671710981,Gdansk_Swibno,2005,5,24,0.1799999999999997,16.8
54.3364222775687,18.9357671710981,Gdansk_Swibno,2005,5,25,0.2000000000000002,17.2
54.3364222775687,18.9357671710981,Gdansk_Swibno,2005,5,26,0.3399999999999999,17.5
54.3364222775687,18.9357671710981,Gdansk_Swibno,2005,5,27,0.4500000000000002,18.0
54.3364222775687,18.9357671710981,Gdansk_Swibno,2005,5,28,0.4799999999999995,18.6
54.3364222775687,18.9357671710981,Gdansk_Swibno,2005,5,29,0.3700000000000001,20.4
54.3364222775687,18.9357671710981,Gdansk_Swibno,2005,5,30,0.2599999999999998,21.2
54.3364222775687,18.9357671710981,Gdansk_Swibno,2005,5,31,0.1899999999999995,19.4
54.3364222775687,18.9357671710981,Gdansk_Swibno,2005,6,1,0.1600000000000001,18.1
54.3364222775687,18.9357671710981,Gdansk_Swibno,2005,6,2,0.1200000000000001,17.7
54.3364222775687,18.9357671710981,Gdansk_Swibno,2005,6,3,0.08000000000000007,17.8
54.3364222775687,18.9357671710981,Gdansk_Swibno,2005,6,4,0.04999999999999982,18.8
54.3364222775687,18.9357671710981,Gdansk_Swibno,2005,6,5,0.01999999999999957,19.0
54.3364222775687,18.9357671710981,Gdansk_Swibno,2005,6,6,0.1200000000000001,18.9
54.3364222775687,18.9357671710981,Gdansk_Swibno,2005,6,7,0.2299999999999995,19.2
54.3364222775687,18.9357671710981,Gdansk_Swibno,2005,6,8,0.3499999999999996,18.3
54.3364222775687,18.9357671710981,Gdansk_Swibno,2005,6,9,0.2000000000000002,17.1
54.3364222775687,18.9357671710981,Gdansk_Swibno,2005,6,10,0.1299999999999999,16.7
54.3364222775687,18.9357671710981,Gdansk_Swibno,2005,6,11,0.1899999999999995,17.0
54.3364222775687,18.9357671710981,Gdansk_Swibno,2005,6,12,0.1899999999999995,16.7
54.3364222775687,18.9357671710981,Gdansk_Swibno,2005,6,13,0.1699999999999999,17.5
54.3364222775687,18.9357671710981,Gdansk_Swibno,2005,6,14,0.1299999999999999,18.3
54.3364222775687,18.9357671710981,Gdansk_Swibno,2005,6,15,0.1699999999999999,18.9
54.3364222775687,18.9357671710981,Gdansk_Swibno,2005,6,16,0.2000000000000002,19.3
54.3364222775687,18.9357671710981,Gdansk_Swibno,2005,6,17,0.1799999999999997,19.8
54.3364222775687,18.9357671710981,Gdansk_Swibno,2005,6,18,0.4199999999999999,19.6
54.3364222775687,18.9357671710981,Gdansk_Swibno,2005,6,19,0.5,19.8
54.3364222775687,18.9357671710981,Gdansk_Swibno,2005,6,20,0.5700000000000003,19.8
54.3364222775687,18.9357671710981,Gdansk_Swibno,2005,6,21,0.4199999999999999,19.5
54.3364222775687,18.9357671710981,Gdansk_Swibno,2005,6,22,0.29,19.9
54.3364222775687,18.9357671710981,Gdansk_Swibno,2005,6,23,0.2800000000000002,20.1
54.3364222775687,18.9357671710981,Gdansk_Swibno,2005,6,24,0.1799999999999997,20.5
54.3364222775687,18.9357671710981,Gdansk_Swibno,2005,6,25,0.2199999999999998,20.8
54.3364222775687,18.9357671710981,Gdansk_Swibno,2005,6,26,0.2299999999999995,21.0
54.3364222775687,18.9357671710981,Gdansk_Swibno,2005,6,27,0.1500000000000004,21.4
54.3364222775687,18.9357671710981,Gdansk_Swibno,2005,6,28,0.2400000000000002,21.6
54.3364222775687,18.9357671710981,Gdansk_Swibno,2005,6,29,0.3300000000000001,21.6
54.3364222775687,18.9357671710981,Gdansk_Swibno,2005,6,30,0.3399999999999999,20.4
54.3364222775687,18.9357671710981,Gdansk_Swibno,2005,7,1,0.2299999999999995,20.3
54.3364222775687,18.9357671710981,Gdansk_Swibno,2005,7,2,0.1699999999999999,19.9
54.3364222775687,18.9357671710981,Gdansk_Swibno,2005,7,3,0.1200000000000001,20.0
54.3364222775687,18.9357671710981,Gdansk_Swibno,2005,7,4,0.08000000000000007,21.0
54.3364222775687,18.9357671710981,Gdansk_Swibno,2005,7,5,0.07000000000000028,21.7
54.3364222775687,18.9357671710981,Gdansk_Swibno,2005,7,6,0.07000000000000028,22.8
54.3364222775687,18.9357671710981,Gdansk_Swibno,2005,7,7,0.08999999999999986,23.3
54.3364222775687,18.9357671710981,Gdansk_Swibno,2005,7,8,0.08000000000000007,23.6
54.3364222775687,18.9357671710981,Gdansk_Swibno,2005,7,9,0.08000000000000007,23.8
54.3364222775687,18.9357671710981,Gdansk_Swibno,2005,7,10,0.07000000000000028,23.6
54.3364222775687,18.9357671710981,Gdansk_Swibno,2005,7,11,0.04000000000000004,23.7
54.3364222775687,18.9357671710981,Gdansk_Swibno,2005,7,12,-0.02000000000000046,24.0
54.3364222775687,18.9357671710981,Gdansk_Swibno,2005,7,13,-0.04000000000000004,23.8
54.3364222775687,18.9357671710981,Gdansk_Swibno,2005,7,14,0.009999999999999787,23.6
54.3364222775687,18.9357671710981,Gdansk_Swibno,2005,7,15,-0.03000000000000025,24.1
54.3364222775687,18.9357671710981,Gdansk_Swibno,2005,7,16,0.04000000000000004,24.3
54.3364222775687,18.9357671710981,Gdansk_Swibno,2005,7,17,0.05999999999999961,23.5
54.3364222775687,18.9357671710981,Gdansk_Swibno,2005,7,18,0.1100000000000003,22.6
54.3364222775687,18.9357671710981,Gdansk_Swibno,2005,7,19,0.1200000000000001,22.2
54.3364222775687,18.9357671710981,Gdansk_Swibno,2005,7,20,0.09999999999999964,22.0
54.3364222775687,18.9357671710981,Gdansk_Swibno,2005,7,21,0.1399999999999997,21.7
54.3364222775687,18.9357671710981,Gdansk_Swibno,2005,7,22,0.3300000000000001,21.3
54.3364222775687,18.9357671710981,Gdansk_Swibno,2005,7,23,0.25,21.0
54.3364222775687,18.9357671710981,Gdansk_Swibno,2005,7,24,0.25,21.0
54.3364222775687,18.9357671710981,Gdansk_Swibno,2005,7,25,0.21,20.8
54.3364222775687,18.9357671710981,Gdansk_Swibno,2005,7,26,0.2400000000000002,19.5
54.3364222775687,18.9357671710981,Gdansk_Swibno,2005,7,27,0.1899999999999995,19.3
54.3364222775687,18.9357671710981,Gdansk_Swibno,2005,7,28,0.1899999999999995,19.7
54.3364222775687,18.9357671710981,Gdansk_Swibno,2005,7,29,0.2000000000000002,20.6
54.3364222775687,18.9357671710981,Gdansk_Swibno,2005,7,30,0.2000000000000002,22.1
54.3364222775687,18.9357671710981,Gdansk_Swibno,2005,7,31,0.1100000000000003,23.1
54.3364222775687,18.9357671710981,Gdansk_Swibno,2005,8,1,0.1500000000000004,22.6
54.3364222775687,18.9357671710981,Gdansk_Swibno,2005,8,2,0.1699999999999999,22.2
54.3364222775687,18.9357671710981,Gdansk_Swibno,2005,8,3,0.2000000000000002,21.5
54.3364222775687,18.9357671710981,Gdansk_Swibno,2005,8,4,0.2400000000000002,20.7
54.3364222775687,18.9357671710981,Gdansk_Swibno,2005,8,5,0.1600000000000001,20.5
54.3364222775687,18.9357671710981,Gdansk_Swibno,2005,8,6,0.2000000000000002,20.1
54.3364222775687,18.9357671710981,Gdansk_Swibno,2005,8,7,0.2299999999999995,19.7
54.3364222775687,18.9357671710981,Gdansk_Swibno,2005,8,8,0.29,19.3
54.3364222775687,18.9357671710981,Gdansk_Swibno,2005,8,9,0.4299999999999997,19.4
54.3364222775687,18.9357671710981,Gdansk_Swibno,2005,8,10,0.3700000000000001,18.9
54.3364222775687,18.9357671710981,Gdansk_Swibno,2005,8,11,0.2999999999999998,18.9
54.3364222775687,18.9357671710981,Gdansk_Swibno,2005,8,12,0.3099999999999996,18.6
54.3364222775687,18.9357671710981,Gdansk_Swibno,2005,8,13,0.3200000000000003,17.7
54.3364222775687,18.9357671710981,Gdansk_Swibno,2005,8,14,0.3700000000000001,17.2
54.3364222775687,18.9357671710981,Gdansk_Swibno,2005,8,15,0.3499999999999996,17.0
54.3364222775687,18.9357671710981,Gdansk_Swibno,2005,8,16,0.2999999999999998,17.3
54.3364222775687,18.9357671710981,Gdansk_Swibno,2005,8,17,0.3399999999999999,17.8
54.3364222775687,18.9357671710981,Gdansk_Swibno,2005,8,18,0.3200000000000003,18.5
54.3364222775687,18.9357671710981,Gdansk_Swibno,2005,8,19,0.2599999999999998,19.4
54.3364222775687,18.9357671710981,Gdansk_Swibno,2005,8,20,0.21,19.8
54.3364222775687,18.9357671710981,Gdansk_Swibno,2005,8,21,0.2000000000000002,20.4
54.3364222775687,18.9357671710981,Gdansk_Swibno,2005,8,22,0.2199999999999998,20.7
54.3364222775687,18.9357671710981,Gdansk_Swibno,2005,8,23,0.1699999999999999,20.5
54.3364222775687,18.9357671710981,Gdansk_Swibno,2005,8,24,0.1399999999999997,20.8
54.3364222775687,18.9357671710981,Gdansk_Swibno,2005,8,25,0.08000000000000007,20.6
54.3364222775687,18.9357671710981,Gdansk_Swibno,2005,8,26,0.08000000000000007,20.8
54.3364222775687,18.9357671710981,Gdansk_Swibno,2005,8,27,0.08999999999999986,20.0
54.3364222775687,18.9357671710981,Gdansk_Swibno,2005,8,28,0.09999999999999964,18.9
54.3364222775687,18.9357671710981,Gdansk_Swibno,2005,8,29,0.05999999999999961,19.1
54.3364222775687,18.9357671710981,Gdansk_Swibno,2005,8,30,0.1500000000000004,19.5
54.3364222775687,18.9357671710981,Gdansk_Swibno,2005,8,31,0.2000000000000002,18.8
54.3364222775687,18.9357671710981,Gdansk_Swibno,2005,9,1,0.1699999999999999,19.6
54.3364222775687,18.9357671710981,Gdansk_Swibno,2005,9,2,0.1200000000000001,19.4
54.3364222775687,18.9357671710981,Gdansk_Swibno,2005,9,3,0.1200000000000001,19.7
54.3364222775687,18.9357671710981,Gdansk_Swibno,2005,9,4,0.1399999999999997,19.8
54.3364222775687,18.9357671710981,Gdansk_Swibno,2005,9,5,0.05999999999999961,19.7
54.3364222775687,18.9357671710981,Gdansk_Swibno,2005,9,6,0.03000000000000025,19.7
54.3364222775687,18.9357671710981,Gdansk_Swibno,2005,9,7,-0.04000000000000004,19.8
54.3364222775687,18.9357671710981,Gdansk_Swibno,2005,9,8,-0.04000000000000004,19.8
54.3364222775687,18.9357671710981,Gdansk_Swibno,2005,9,9,0.04000000000000004,20.3
54.3364222775687,18.9357671710981,Gdansk_Swibno,2005,9,10,0.1600000000000001,21.4
54.3364222775687,18.9357671710981,Gdansk_Swibno,2005,9,11,0.1699999999999999,21.2
54.3364222775687,18.9357671710981,Gdansk_Swibno,2005,9,12,0.08000000000000007,21.1
54.3364222775687,18.9357671710981,Gdansk_Swibno,2005,9,13,0.08999999999999986,20.9
54.3364222775687,18.9357671710981,Gdansk_Swibno,2005,9,14,-0.1200000000000001,20.7
54.3364222775687,18.9357671710981,Gdansk_Swibno,2005,9,15,0.1200000000000001,19.0
54.3364222775687,18.9357671710981,Gdansk_Swibno,2005,9,16,0.2199999999999998,18.2
54.3364222775687,18.9357671710981,Gdansk_Swibno,2005,9,17,0.2199999999999998,17.7
54.3364222775687,18.9357671710981,Gdansk_Swibno,2005,9,18,0.05999999999999961,17.0
54.3364222775687,18.9357671710981,Gdansk_Swibno,2005,9,19,0.1100000000000003,16.8
54.3364222775687,18.9357671710981,Gdansk_Swibno,2005,9,20,0.1299999999999999,16.8
54.3364222775687,18.9357671710981,Gdansk_Swibno,2005,9,21,0.1299999999999999,16.5
54.3364222775687,18.9357671710981,Gdansk_Swibno,2005,9,22,0.1399999999999997,16.5
54.3364222775687,18.9357671710981,Gdansk_Swibno,2005,9,23,0.08000000000000007,16.6
54.3364222775687,18.9357671710981,Gdansk_Swibno,2005,9,24,0.03000000000000025,16.7
54.3364222775687,18.9357671710981,Gdansk_Swibno,2005,9,25,0.08999999999999986,16.7
54.3364222775687,18.9357671710981,Gdansk_Swibno,2005,9,26,0.07000000000000028,17.1
54.3364222775687,18.9357671710981,Gdansk_Swibno,2005,9,27,0.04999999999999982,17.1
54.3364222775687,18.9357671710981,Gdansk_Swibno,2005,9,28,0.04999999999999982,17.0
54.3364222775687,18.9357671710981,Gdansk_Swibno,2005,9,29,0.1100000000000003,16.5
54.3364222775687,18.9357671710981,Gdansk_Swibno,2005,9,30,0.2000000000000002,16.3
54.3364222775687,18.9357671710981,Gdansk_Swibno,2005,10,1,0.08999999999999986,15.9
54.3364222775687,18.9357671710981,Gdansk_Swibno,2005,10,2,0.1200000000000001,15.8
54.3364222775687,18.9357671710981,Gdansk_Swibno,2005,10,3,0.08999999999999986,15.5
54.3364222775687,18.9357671710981,Gdansk_Swibno,2005,10,4,0.09999999999999964,15.5
54.3364222775687,18.9357671710981,Gdansk_Swibno,2005,10,5,0.05999999999999961,14.7
54.3364222775687,18.9357671710981,Gdansk_Swibno,2005,10,6,0.009999999999999787,14.1
54.3364222775687,18.9357671710981,Gdansk_Swibno,2005,10,7,-0.009999999999999787,13.8
54.3364222775687,18.9357671710981,Gdansk_Swibno,2005,10,8,-0.04999999999999982,14.1
54.3364222775687,18.9357671710981,Gdansk_Swibno,2005,10,9,-0.1399999999999997,14.2
54.3364222775687,18.9357671710981,Gdansk_Swibno,2005,10,10,-0.08999999999999986,13.6
54.3364222775687,18.9357671710981,Gdansk_Swibno,2005,10,11,-0.09999999999999964,13.2
54.3364222775687,18.9357671710981,Gdansk_Swibno,2005,10,12,-0.08999999999999986,12.1
54.3364222775687,18.9357671710981,Gdansk_Swibno,2005,10,13,-0.07000000000000028,12.0
54.3364222775687,18.9357671710981,Gdansk_Swibno,2005,10,14,-0.1100000000000003,11.8
54.3364222775687,18.9357671710981,Gdansk_Swibno,2005,10,15,0.1299999999999999,11.7
54.3364222775687,18.9357671710981,Gdansk_Swibno,2005,10,16,0.3399999999999999,11.5
54.3364222775687,18.9357671710981,Gdansk_Swibno,2005,10,17,0.04000000000000004,11.7
54.3364222775687,18.9357671710981,Gdansk_Swibno,2005,10,18,-0.07000000000000028,11.4
54.3364222775687,18.9357671710981,Gdansk_Swibno,2005,10,19,-0.1500000000000004,11.0
54.3364222775687,18.9357671710981,Gdansk_Swibno,2005,10,20,-0.2800000000000002,10.8
54.3364222775687,18.9357671710981,Gdansk_Swibno,2005,10,21,-0.3100000000000005,10.8
54.3364222775687,18.9357671710981,Gdansk_Swibno,2005,10,22,-0.2199999999999998,10.6
54.3364222775687,18.9357671710981,Gdansk_Swibno,2005,10,23,-0.07000000000000028,11.6
54.3364222775687,18.9357671710981,Gdansk_Swibno,2005,10,24,0.04000000000000004,10.6
54.3364222775687,18.9357671710981,Gdansk_Swibno,2005,10,25,-0.1200000000000001,10.0
54.3364222775687,18.9357671710981,Gdansk_Swibno,2005,10,26,-0.02000000000000046,10.0
54.3364222775687,18.9357671710981,Gdansk_Swibno,2005,10,27,0.1500000000000004,10.2
54.3364222775687,18.9357671710981,Gdansk_Swibno,2005,10,28,-0.1200000000000001,9.7
54.3364222775687,18.9357671710981,Gdansk_Swibno,2005,10,29,-0.3499999999999996,9.0
54.3364222775687,18.9357671710981,Gdansk_Swibno,2005,10,30,-0.21,8.2
54.3364222775687,18.9357671710981,Gdansk_Swibno,2005,10,31,-0.2199999999999998,7.5
54.3364222775687,18.9357671710981,Gdansk_Swibno,2005,11,1,-0.21,7.1
54.3364222775687,18.9357671710981,Gdansk_Swibno,2005,11,2,-0.1399999999999997,7.0
54.3364222775687,18.9357671710981,Gdansk_Swibno,2005,11,3,-0.1200000000000001,7.1
54.3364222775687,18.9357671710981,Gdansk_Swibno,2005,11,4,-0.1399999999999997,7.2
54.3364222775687,18.9357671710981,Gdansk_Swibno,2005,11,5,-0.08000000000000007,7.0
54.3364222775687,18.9357671710981,Gdansk_Swibno,2005,11,6,-0.0600000000000005,6.8
54.3364222775687,18.9357671710981,Gdansk_Swibno,2005,11,7,-0.0600000000000005,6.6
54.3364222775687,18.9357671710981,Gdansk_Swibno,2005,11,8,0.01999999999999957,6.4
54.3364222775687,18.9357671710981,Gdansk_Swibno,2005,11,9,-0.04999999999999982,6.5
54.3364222775687,18.9357671710981,Gdansk_Swibno,2005,11,10,-0.04000000000000004,7.1
54.3364222775687,18.9357671710981,Gdansk_Swibno,2005,11,11,0.01999999999999957,7.2
54.3364222775687,18.9357671710981,Gdansk_Swibno,2005,11,12,0.04000000000000004,7.6
54.3364222775687,18.9357671710981,Gdansk_Swibno,2005,11,13,-0.02000000000000046,7.5
54.3364222775687,18.9357671710981,Gdansk_Swibno,2005,11,14,-0.03000000000000025,7.2
54.3364222775687,18.9357671710981,Gdansk_Swibno,2005,11,15,-0.04999999999999982,7.2
54.3364222775687,18.9357671710981,Gdansk_Swibno,2005,11,16,0.3099999999999996,6.5
54.3364222775687,18.9357671710981,Gdansk_Swibno,2005,11,17,0.3899999999999997,6.3
54.3364222775687,18.9357671710981,Gdansk_Swibno,2005,11,18,0.3899999999999997,5.4
54.3364222775687,18.9357671710981,Gdansk_Swibno,2005,11,19,0.3200000000000003,4.9
54.3364222775687,18.9357671710981,Gdansk_Swibno,2005,11,20,0.2999999999999998,4.5
54.3364222775687,18.9357671710981,Gdansk_Swibno,2005,11,21,0.3799999999999999,4.1
54.3364222775687,18.9357671710981,Gdansk_Swibno,2005,11,22,0.3499999999999996,3.8
54.3364222775687,18.9357671710981,Gdansk_Swibno,2005,11,23,0.1600000000000001,3.6
54.3364222775687,18.9357671710981,Gdansk_Swibno,2005,11,24,-0.009999999999999787,2.9
54.3364222775687,18.9357671710981,Gdansk_Swibno,2005,11,25,-0.02000000000000046,2.9
54.3364222775687,18.9357671710981,Gdansk_Swibno,2005,11,26,0.01999999999999957,2.2
54.3364222775687,18.9357671710981,Gdansk_Swibno,2005,11,27,0.04000000000000004,2.1
54.3364222775687,18.9357671710981,Gdansk_Swibno,2005,11,28,0.04999999999999982,2.1
54.3364222775687,18.9357671710981,Gdansk_Swibno,2005,11,29,-0.02000000000000046,1.8
54.3364222775687,18.9357671710981,Gdansk_Swibno,2005,11,30,-0.0600000000000005,1.9
54.3364222775687,18.9357671710981,Gdansk_Swibno,2006,5,1,0.2699999999999996,12.8
54.3364222775687,18.9357671710981,Gdansk_Swibno,2006,5,2,0.1799999999999997,12.9
54.3364222775687,18.9357671710981,Gdansk_Swibno,2006,5,3,0.1799999999999997,13.0
54.3364222775687,18.9357671710981,Gdansk_Swibno,2006,5,4,0.1699999999999999,13.5
54.3364222775687,18.9357671710981,Gdansk_Swibno,2006,5,5,0.1399999999999997,14.0
54.3364222775687,18.9357671710981,Gdansk_Swibno,2006,5,6,0.07000000000000028,14.7
54.3364222775687,18.9357671710981,Gdansk_Swibno,2006,5,7,0.03000000000000025,15.2
54.3364222775687,18.9357671710981,Gdansk_Swibno,2006,5,8,0.03000000000000025,15.6
54.3364222775687,18.9357671710981,Gdansk_Swibno,2006,5,9,0.009999999999999787,16.0
54.3364222775687,18.9357671710981,Gdansk_Swibno,2006,5,10,0.0,16.2
54.3364222775687,18.9357671710981,Gdansk_Swibno,2006,5,11,-0.07000000000000028,16.4
54.3364222775687,18.9357671710981,Gdansk_Swibno,2006,5,12,-0.09999999999999964,16.7
54.3364222775687,18.9357671710981,Gdansk_Swibno,2006,5,13,-0.09999999999999964,17.1
54.3364222775687,18.9357671710981,Gdansk_Swibno,2006,5,14,-0.04000000000000004,17.4
54.3364222775687,18.9357671710981,Gdansk_Swibno,2006,5,15,-0.03000000000000025,17.6
54.3364222775687,18.9357671710981,Gdansk_Swibno,2006,5,16,-0.04000000000000004,17.4
54.3364222775687,18.9357671710981,Gdansk_Swibno,2006,5,17,-0.04000000000000004,17.7
54.3364222775687,18.9357671710981,Gdansk_Swibno,2006,5,18,-0.1100000000000003,17.0
54.3364222775687,18.9357671710981,Gdansk_Swibno,2006,5,19,-0.09999999999999964,16.4
54.3364222775687,18.9357671710981,Gdansk_Swibno,2006,5,20,-0.1399999999999997,17.2
54.3364222775687,18.9357671710981,Gdansk_Swibno,2006,5,21,-0.04000000000000004,17.4
54.3364222775687,18.9357671710981,Gdansk_Swibno,2006,5,22,-0.09999999999999964,17.6
54.3364222775687,18.9357671710981,Gdansk_Swibno,2006,5,23,-0.09999999999999964,17.4
54.3364222775687,18.9357671710981,Gdansk_Swibno,2006,5,24,-0.1699999999999999,17.4
54.3364222775687,18.9357671710981,Gdansk_Swibno,2006,5,25,-0.08999999999999986,17.5
54.3364222775687,18.9357671710981,Gdansk_Swibno,2006,5,26,0.01999999999999957,17.6
54.3364222775687,18.9357671710981,Gdansk_Swibno,2006,5,27,0.04000000000000004,17.2
54.3364222775687,18.9357671710981,Gdansk_Swibno,2006,5,28,0.09999999999999964,16.4
54.3364222775687,18.9357671710981,Gdansk_Swibno,2006,5,29,0.1100000000000003,15.5
54.3364222775687,18.9357671710981,Gdansk_Swibno,2006,5,30,0.1200000000000001,15.4
54.3364222775687,18.9357671710981,Gdansk_Swibno,2006,5,31,0.2000000000000002,15.6
54.3364222775687,18.9357671710981,Gdansk_Swibno,2006,6,1,0.21,15.9
54.3364222775687,18.9357671710981,Gdansk_Swibno,2006,6,2,0.1299999999999999,16.0
54.3364222775687,18.9357671710981,Gdansk_Swibno,2006,6,3,0.08000000000000007,16.1
54.3364222775687,18.9357671710981,Gdansk_Swibno,2006,6,4,0.2000000000000002,16.5
54.3364222775687,18.9357671710981,Gdansk_Swibno,2006,6,5,0.29,16.6
54.3364222775687,18.9357671710981,Gdansk_Swibno,2006,6,6,0.3200000000000003,16.4
54.3364222775687,18.9357671710981,Gdansk_Swibno,2006,6,7,0.2000000000000002,16.5
54.3364222775687,18.9357671710981,Gdansk_Swibno,2006,6,8,0.25,16.7
54.3364222775687,18.9357671710981,Gdansk_Swibno,2006,6,9,0.2999999999999998,16.7
54.3364222775687,18.9357671710981,Gdansk_Swibno,2006,6,10,0.2800000000000002,17.0
54.3364222775687,18.9357671710981,Gdansk_Swibno,2006,6,11,0.3700000000000001,17.4
54.3364222775687,18.9357671710981,Gdansk_Swibno,2006,6,12,0.5899999999999999,17.5
54.3364222775687,18.9357671710981,Gdansk_Swibno,2006,6,13,0.7299999999999995,18.1
54.3364222775687,18.9357671710981,Gdansk_Swibno,2006,6,14,0.6200000000000001,18.3
54.3364222775687,18.9357671710981,Gdansk_Swibno,2006,6,15,0.4399999999999995,18.5
54.3364222775687,18.9357671710981,Gdansk_Swibno,2006,6,16,0.2800000000000002,18.8
54.3364222775687,18.9357671710981,Gdansk_Swibno,2006,6,17,0.1799999999999997,19.0
54.3364222775687,18.9357671710981,Gdansk_Swibno,2006,6,18,0.09999999999999964,19.9
54.3364222775687,18.9357671710981,Gdansk_Swibno,2006,6,19,0.009999999999999787,20.1
54.3364222775687,18.9357671710981,Gdansk_Swibno,2006,6,20,-0.02000000000000046,21.0
54.3364222775687,18.9357671710981,Gdansk_Swibno,2006,6,21,-0.009999999999999787,21.4
54.3364222775687,18.9357671710981,Gdansk_Swibno,2006,6,22,0.009999999999999787,21.8
54.3364222775687,18.9357671710981,Gdansk_Swibno,2006,6,23,0.01999999999999957,21.9
54.3364222775687,18.9357671710981,Gdansk_Swibno,2006,6,24,0.009999999999999787,22.4
54.3364222775687,18.9357671710981,Gdansk_Swibno,2006,6,25,-0.02000000000000046,22.8
54.3364222775687,18.9357671710981,Gdansk_Swibno,2006,6,26,-0.03000000000000025,22.6
54.3364222775687,18.9357671710981,Gdansk_Swibno,2006,6,27,-0.009999999999999787,22.6
54.3364222775687,18.9357671710981,Gdansk_Swibno,2006,6,28,0.009999999999999787,23.1
54.3364222775687,18.9357671710981,Gdansk_Swibno,2006,6,29,0.04999999999999982,22.8
54.3364222775687,18.9357671710981,Gdansk_Swibno,2006,6,30,0.1200000000000001,21.8
54.3364222775687,18.9357671710981,Gdansk_Swibno,2006,7,1,0.05999999999999961,22.1
54.3364222775687,18.9357671710981,Gdansk_Swibno,2006,7,2,-0.009999999999999787,22.4
54.3364222775687,18.9357671710981,Gdansk_Swibno,2006,7,3,-0.0600000000000005,22.1
54.3364222775687,18.9357671710981,Gdansk_Swibno,2006,7,4,-0.1200000000000001,22.3
54.3364222775687,18.9357671710981,Gdansk_Swibno,2006,7,5,-0.08999999999999986,22.7
54.3364222775687,18.9357671710981,Gdansk_Swibno,2006,7,6,-0.1299999999999999,23.6
54.3364222775687,18.9357671710981,Gdansk_Swibno,2006,7,7,-0.1399999999999997,24.7
54.3364222775687,18.9357671710981,Gdansk_Swibno,2006,7,8,-0.04999999999999982,25.5
54.3364222775687,18.9357671710981,Gdansk_Swibno,2006,7,9,0.08000000000000007,25.5
54.3364222775687,18.9357671710981,Gdansk_Swibno,2006,7,10,0.0,24.7
54.3364222775687,18.9357671710981,Gdansk_Swibno,2006,7,11,-0.02000000000000046,24.9
54.3364222775687,18.9357671710981,Gdansk_Swibno,2006,7,12,0.0,25.1
54.3364222775687,18.9357671710981,Gdansk_Swibno,2006,7,13,-0.02000000000000046,24.8
54.3364222775687,18.9357671710981,Gdansk_Swibno,2006,7,14,0.2000000000000002,25.4
54.3364222775687,18.9357671710981,Gdansk_Swibno,2006,7,15,0.3700000000000001,25.3
54.3364222775687,18.9357671710981,Gdansk_Swibno,2006,7,16,0.1699999999999999,24.6
54.3364222775687,18.9357671710981,Gdansk_Swibno,2006,7,17,-0.02000000000000046,23.1
54.3364222775687,18.9357671710981,Gdansk_Swibno,2006,7,18,0.03000000000000025,22.9
54.3364222775687,18.9357671710981,Gdansk_Swibno,2006,7,19,0.01999999999999957,23.0
54.3364222775687,18.9357671710981,Gdansk_Swibno,2006,7,20,-0.04000000000000004,22.7
54.3364222775687,18.9357671710981,Gdansk_Swibno,2006,7,21,-0.04999999999999982,23.6
54.3364222775687,18.9357671710981,Gdansk_Swibno,2006,7,22,-0.02000000000000046,23.9
54.3364222775687,18.9357671710981,Gdansk_Swibno,2006,7,23,-0.03000000000000025,24.0
54.3364222775687,18.9357671710981,Gdansk_Swibno,2006,7,24,-0.02000000000000046,24.1
54.3364222775687,18.9357671710981,Gdansk_Swibno,2006,7,25,0.01999999999999957,24.3
54.3364222775687,18.9357671710981,Gdansk_Swibno,2006,7,26,0.03000000000000025,24.1
54.3364222775687,18.9357671710981,Gdansk_Swibno,2006,7,27,0.03000000000000025,24.5
54.3364222775687,18.9357671710981,Gdansk_Swibno,2006,7,28,-0.0600000000000005,23.9
54.3364222775687,18.9357671710981,Gdansk_Swibno,2006,7,29,-0.03000000000000025,23.5
54.3364222775687,18.9357671710981,Gdansk_Swibno,2006,7,30,0.009999999999999787,23.1
54.3364222775687,18.9357671710981,Gdansk_Swibno,2006,7,31,-0.03000000000000025,22.4
54.3364222775687,18.9357671710981,Gdansk_Swibno,2006,8,1,-0.04000000000000004,23.2
54.3364222775687,18.9357671710981,Gdansk_Swibno,2006,8,2,0.009999999999999787,22.7
54.3364222775687,18.9357671710981,Gdansk_Swibno,2006,8,3,0.009999999999999787,22.6
54.3364222775687,18.9357671710981,Gdansk_Swibno,2006,8,4,0.05999999999999961,22.8
54.3364222775687,18.9357671710981,Gdansk_Swibno,2006,8,5,0.1200000000000001,21.2
54.3364222775687,18.9357671710981,Gdansk_Swibno,2006,8,6,0.1299999999999999,21.0
54.3364222775687,18.9357671710981,Gdansk_Swibno,2006,8,7,0.08000000000000007,20.2
54.3364222775687,18.9357671710981,Gdansk_Swibno,2006,8,8,0.08000000000000007,19.9
54.3364222775687,18.9357671710981,Gdansk_Swibno,2006,8,9,0.04000000000000004,19.7
54.3364222775687,18.9357671710981,Gdansk_Swibno,2006,8,10,0.04000000000000004,19.6
54.3364222775687,18.9357671710981,Gdansk_Swibno,2006,8,11,0.05999999999999961,19.8
54.3364222775687,18.9357671710981,Gdansk_Swibno,2006,8,12,0.08999999999999986,19.5
54.3364222775687,18.9357671710981,Gdansk_Swibno,2006,8,13,0.03000000000000025,19.3
54.3364222775687,18.9357671710981,Gdansk_Swibno,2006,8,14,-0.03000000000000025,18.7
54.3364222775687,18.9357671710981,Gdansk_Swibno,2006,8,15,-0.1100000000000003,19.6
54.3364222775687,18.9357671710981,Gdansk_Swibno,2006,8,16,-0.1200000000000001,19.2
54.3364222775687,18.9357671710981,Gdansk_Swibno,2006,8,17,-0.07000000000000028,19.4
54.3364222775687,18.9357671710981,Gdansk_Swibno,2006,8,18,-0.03000000000000025,19.5
54.3364222775687,18.9357671710981,Gdansk_Swibno,2006,8,19,-0.009999999999999787,19.3
54.3364222775687,18.9357671710981,Gdansk_Swibno,2006,8,20,-0.04000000000000004,20.2
54.3364222775687,18.9357671710981,Gdansk_Swibno,2006,8,21,-0.03000000000000025,20.5
54.3364222775687,18.9357671710981,Gdansk_Swibno,2006,8,22,0.01999999999999957,20.2
54.3364222775687,18.9357671710981,Gdansk_Swibno,2006,8,23,0.07000000000000028,20.6
54.3364222775687,18.9357671710981,Gdansk_Swibno,2006,8,24,0.1200000000000001,20.1
54.3364222775687,18.9357671710981,Gdansk_Swibno,2006,8,25,0.09999999999999964,19.6
54.3364222775687,18.9357671710981,Gdansk_Swibno,2006,8,26,0.08999999999999986,19.4
54.3364222775687,18.9357671710981,Gdansk_Swibno,2006,8,27,0.08000000000000007,19.1
54.3364222775687,18.9357671710981,Gdansk_Swibno,2006,8,28,0.05999999999999961,18.9
54.3364222775687,18.9357671710981,Gdansk_Swibno,2006,8,29,0.1100000000000003,18.6
54.3364222775687,18.9357671710981,Gdansk_Swibno,2006,8,30,0.2400000000000002,18.3
54.3364222775687,18.9357671710981,Gdansk_Swibno,2006,8,31,0.3899999999999997,18.1
54.3364222775687,18.9357671710981,Gdansk_Swibno,2006,9,1,0.2199999999999998,17.8
54.3364222775687,18.9357671710981,Gdansk_Swibno,2006,9,2,0.1600000000000001,17.6
54.3364222775687,18.9357671710981,Gdansk_Swibno,2006,9,3,0.1299999999999999,18.6
54.3364222775687,18.9357671710981,Gdansk_Swibno,2006,9,4,0.3099999999999996,18.8
54.3364222775687,18.9357671710981,Gdansk_Swibno,2006,9,5,0.4699999999999998,18.5
54.3364222775687,18.9357671710981,Gdansk_Swibno,2006,9,6,0.4100000000000001,18.2
54.3364222775687,18.9357671710981,Gdansk_Swibno,2006,9,7,0.3099999999999996,17.9
54.3364222775687,18.9357671710981,Gdansk_Swibno,2006,9,8,0.46,18.1
54.3364222775687,18.9357671710981,Gdansk_Swibno,2006,9,9,0.5300000000000002,17.4
54.3364222775687,18.9357671710981,Gdansk_Swibno,2006,9,10,0.3899999999999997,16.9
54.3364222775687,18.9357671710981,Gdansk_Swibno,2006,9,11,0.2800000000000002,16.9
54.3364222775687,18.9357671710981,Gdansk_Swibno,2006,9,12,0.1899999999999995,16.7
54.3364222775687,18.9357671710981,Gdansk_Swibno,2006,9,13,0.1500000000000004,16.8
54.3364222775687,18.9357671710981,Gdansk_Swibno,2006,9,14,0.1500000000000004,17.0
54.3364222775687,18.9357671710981,Gdansk_Swibno,2006,9,15,0.1799999999999997,17.2
54.3364222775687,18.9357671710981,Gdansk_Swibno,2006,9,16,0.07000000000000028,17.0
54.3364222775687,18.9357671710981,Gdansk_Swibno,2006,9,17,0.04000000000000004,17.4
54.3364222775687,18.9357671710981,Gdansk_Swibno,2006,9,18,0.01999999999999957,17.4
54.3364222775687,18.9357671710981,Gdansk_Swibno,2006,9,19,0.01999999999999957,17.6
54.3364222775687,18.9357671710981,Gdansk_Swibno,2006,9,20,0.03000000000000025,17.9
54.3364222775687,18.9357671710981,Gdansk_Swibno,2006,9,21,0.04999999999999982,18.4
54.3364222775687,18.9357671710981,Gdansk_Swibno,2006,9,22,0.04999999999999982,18.4
54.3364222775687,18.9357671710981,Gdansk_Swibno,2006,9,23,0.03000000000000025,18.5
54.3364222775687,18.9357671710981,Gdansk_Swibno,2006,9,24,-0.009999999999999787,18.4
54.3364222775687,18.9357671710981,Gdansk_Swibno,2006,9,25,0.04999999999999982,17.7
54.3364222775687,18.9357671710981,Gdansk_Swibno,2006,9,26,0.0,17.6
54.3364222775687,18.9357671710981,Gdansk_Swibno,2006,9,27,-0.02000000000000046,17.4
54.3364222775687,18.9357671710981,Gdansk_Swibno,2006,9,28,0.0,17.5
54.3364222775687,18.9357671710981,Gdansk_Swibno,2006,9,29,0.04999999999999982,17.3
54.3364222775687,18.9357671710981,Gdansk_Swibno,2006,9,30,0.09999999999999964,17.2
54.3364222775687,18.9357671710981,Gdansk_Swibno,2006,10,1,0.08999999999999986,17.2
54.3364222775687,18.9357671710981,Gdansk_Swibno,2006,10,2,0.05999999999999961,17.2
54.3364222775687,18.9357671710981,Gdansk_Swibno,2006,10,3,0.04999999999999982,16.8
54.3364222775687,18.9357671710981,Gdansk_Swibno,2006,10,4,0.1399999999999997,16.2
54.3364222775687,18.9357671710981,Gdansk_Swibno,2006,10,5,0.1799999999999997,16.0
54.3364222775687,18.9357671710981,Gdansk_Swibno,2006,10,6,0.1399999999999997,15.6
54.3364222775687,18.9357671710981,Gdansk_Swibno,2006,10,7,0.08999999999999986,15.0
54.3364222775687,18.9357671710981,Gdansk_Swibno,2006,10,8,0.1600000000000001,14.7
54.3364222775687,18.9357671710981,Gdansk_Swibno,2006,10,9,0.2400000000000002,14.4
54.3364222775687,18.9357671710981,Gdansk_Swibno,2006,10,10,0.2000000000000002,14.2
54.3364222775687,18.9357671710981,Gdansk_Swibno,2006,10,11,0.21,14.1
54.3364222775687,18.9357671710981,Gdansk_Swibno,2006,10,12,0.1699999999999999,14.0
54.3364222775687,18.9357671710981,Gdansk_Swibno,2006,10,13,0.1200000000000001,13.8
54.3364222775687,18.9357671710981,Gdansk_Swibno,2006,10,14,0.05999999999999961,13.8
54.3364222775687,18.9357671710981,Gdansk_Swibno,2006,10,15,0.1899999999999995,13.8
54.3364222775687,18.9357671710981,Gdansk_Swibno,2006,10,16,0.01999999999999957,13.1
54.3364222775687,18.9357671710981,Gdansk_Swibno,2006,10,17,-0.07000000000000028,12.7
54.3364222775687,18.9357671710981,Gdansk_Swibno,2006,10,18,-0.04999999999999982,11.9
54.3364222775687,18.9357671710981,Gdansk_Swibno,2006,10,19,0.0,11.1
54.3364222775687,18.9357671710981,Gdansk_Swibno,2006,10,20,0.0,10.5
54.3364222775687,18.9357671710981,Gdansk_Swibno,2006,10,21,-0.04000000000000004,10.1
54.3364222775687,18.9357671710981,Gdansk_Swibno,2006,10,22,-0.07000000000000028,10.0
54.3364222775687,18.9357671710981,Gdansk_Swibno,2006,10,23,-0.1100000000000003,10.4
54.3364222775687,18.9357671710981,Gdansk_Swibno,2006,10,24,-0.08000000000000007,10.4
54.3364222775687,18.9357671710981,Gdansk_Swibno,2006,10,25,0.1200000000000001,10.3
54.3364222775687,18.9357671710981,Gdansk_Swibno,2006,10,26,-0.04000000000000004,10.0
54.3364222775687,18.9357671710981,Gdansk_Swibno,2006,10,27,-0.02000000000000046,11.6
54.3364222775687,18.9357671710981,Gdansk_Swibno,2006,10,28,0.1899999999999995,11.0
54.3364222775687,18.9357671710981,Gdansk_Swibno,2006,10,29,0.3200000000000003,10.6
54.3364222775687,18.9357671710981,Gdansk_Swibno,2006,10,30,-0.02000000000000046,9.9
54.3364222775687,18.9357671710981,Gdansk_Swibno,2006,10,31,-0.21,9.1
54.3364222775687,18.9357671710981,Gdansk_Swibno,2006,11,1,0.3399999999999999,9.3
54.3364222775687,18.9357671710981,Gdansk_Swibno,2006,11,2,0.7000000000000002,8.4
54.3364222775687,18.9357671710981,Gdansk_Swibno,2006,11,3,0.4000000000000004,6.2
54.3364222775687,18.9357671710981,Gdansk_Swibno,2006,11,4,0.1600000000000001,5.8
54.3364222775687,18.9357671710981,Gdansk_Swibno,2006,11,5,0.1799999999999997,5.4
54.3364222775687,18.9357671710981,Gdansk_Swibno,2006,11,6,0.3099999999999996,5.5
54.3364222775687,18.9357671710981,Gdansk_Swibno,2006,11,7,0.3700000000000001,5.5
54.3364222775687,18.9357671710981,Gdansk_Swibno,2006,11,8,0.3399999999999999,6.2
54.3364222775687,18.9357671710981,Gdansk_Swibno,2006,11,9,0.5599999999999996,6.4
54.3364222775687,18.9357671710981,Gdansk_Swibno,2006,11,10,0.6100000000000003,6.0
54.3364222775687,18.9357671710981,Gdansk_Swibno,2006,11,11,0.2699999999999996,5.8
54.3364222775687,18.9357671710981,Gdansk_Swibno,2006,11,12,0.4199999999999999,5.8
54.3364222775687,18.9357671710981,Gdansk_Swibno,2006,11,13,0.46,5.4
54.3364222775687,18.9357671710981,Gdansk_Swibno,2006,11,14,0.46,4.7
54.3364222775687,18.9357671710981,Gdansk_Swibno,2006,11,15,0.4199999999999999,5.2
54.3364222775687,18.9357671710981,Gdansk_Swibno,2006,11,16,0.4500000000000002,5.4
54.3364222775687,18.9357671710981,Gdansk_Swibno,2006,11,17,0.3600000000000003,5.9
54.3364222775687,18.9357671710981,Gdansk_Swibno,2006,11,18,0.4000000000000004,6.3
54.3364222775687,18.9357671710981,Gdansk_Swibno,2006,11,19,0.3499999999999996,6.5
54.3364222775687,18.9357671710981,Gdansk_Swibno,2006,11,20,0.3499999999999996,6.4
54.3364222775687,18.9357671710981,Gdansk_Swibno,2006,11,21,0.2199999999999998,6.0
54.3364222775687,18.9357671710981,Gdansk_Swibno,2006,11,22,0.3099999999999996,6.1
54.3364222775687,18.9357671710981,Gdansk_Swibno,2006,11,23,0.2599999999999998,6.2
54.3364222775687,18.9357671710981,Gdansk_Swibno,2006,11,24,0.2299999999999995,6.1
54.3364222775687,18.9357671710981,Gdansk_Swibno,2006,11,25,0.2000000000000002,6.5
54.3364222775687,18.9357671710981,Gdansk_Swibno,2006,11,26,0.1500000000000004,6.7
54.3364222775687,18.9357671710981,Gdansk_Swibno,2006,11,27,0.1899999999999995,6.5
54.3364222775687,18.9357671710981,Gdansk_Swibno,2006,11,28,0.1899999999999995,6.0
54.3364222775687,18.9357671710981,Gdansk_Swibno,2006,11,29,0.2199999999999998,5.8
54.3364222775687,18.9357671710981,Gdansk_Swibno,2006,11,30,0.2199999999999998,5.6
54.3364222775687,18.9357671710981,Gdansk_Swibno,2007,5,1,0.08000000000000007,12.2
54.3364222775687,18.9357671710981,Gdansk_Swibno,2007,5,2,0.0,11.4
54.3364222775687,18.9357671710981,Gdansk_Swibno,2007,5,3,0.04000000000000004,11.2
54.3364222775687,18.9357671710981,Gdansk_Swibno,2007,5,4,-0.03000000000000025,11.7
54.3364222775687,18.9357671710981,Gdansk_Swibno,2007,5,5,-0.02000000000000046,12.8
54.3364222775687,18.9357671710981,Gdansk_Swibno,2007,5,6,-0.09999999999999964,13.5
54.3364222775687,18.9357671710981,Gdansk_Swibno,2007,5,7,-0.09999999999999964,14.5
54.3364222775687,18.9357671710981,Gdansk_Swibno,2007,5,8,-0.04000000000000004,15.1
54.3364222775687,18.9357671710981,Gdansk_Swibno,2007,5,9,0.04999999999999982,14.9
54.3364222775687,18.9357671710981,Gdansk_Swibno,2007,5,10,0.04999999999999982,14.1
54.3364222775687,18.9357671710981,Gdansk_Swibno,2007,5,11,0.05999999999999961,13.6
54.3364222775687,18.9357671710981,Gdansk_Swibno,2007,5,12,0.1100000000000003,13.9
54.3364222775687,18.9357671710981,Gdansk_Swibno,2007,5,13,0.04999999999999982,14.0
54.3364222775687,18.9357671710981,Gdansk_Swibno,2007,5,14,0.03000000000000025,14.6
54.3364222775687,18.9357671710981,Gdansk_Swibno,2007,5,15,0.05999999999999961,15.7
54.3364222775687,18.9357671710981,Gdansk_Swibno,2007,5,16,0.01999999999999957,15.6
54.3364222775687,18.9357671710981,Gdansk_Swibno,2007,5,17,0.1200000000000001,15.5
54.3364222775687,18.9357671710981,Gdansk_Swibno,2007,5,18,0.1299999999999999,15.4
54.3364222775687,18.9357671710981,Gdansk_Swibno,2007,5,19,0.01999999999999957,15.6
54.3364222775687,18.9357671710981,Gdansk_Swibno,2007,5,20,0.08000000000000007,16.1
54.3364222775687,18.9357671710981,Gdansk_Swibno,2007,5,21,0.1200000000000001,16.4
54.3364222775687,18.9357671710981,Gdansk_Swibno,2007,5,22,0.1500000000000004,18.5
54.3364222775687,18.9357671710981,Gdansk_Swibno,2007,5,23,0.1399999999999997,19.2
54.3364222775687,18.9357671710981,Gdansk_Swibno,2007,5,24,0.08000000000000007,19.4
54.3364222775687,18.9357671710981,Gdansk_Swibno,2007,5,25,0.08999999999999986,20.8
54.3364222775687,18.9357671710981,Gdansk_Swibno,2007,5,26,0.1399999999999997,21.5
54.3364222775687,18.9357671710981,Gdansk_Swibno,2007,5,27,0.1799999999999997,21.9
54.3364222775687,18.9357671710981,Gdansk_Swibno,2007,5,28,0.21,22.4
54.3364222775687,18.9357671710981,Gdansk_Swibno,2007,5,29,0.2199999999999998,22.8
54.3364222775687,18.9357671710981,Gdansk_Swibno,2007,5,30,0.1799999999999997,23.5
54.3364222775687,18.9357671710981,Gdansk_Swibno,2007,5,31,0.1500000000000004,23.2
54.3364222775687,18.9357671710981,Gdansk_Swibno,2007,6,1,0.21,22.6
54.3364222775687,18.9357671710981,Gdansk_Swibno,2007,6,2,0.21,21.1
54.3364222775687,18.9357671710981,Gdansk_Swibno,2007,6,3,0.1200000000000001,19.7
54.3364222775687,18.9357671710981,Gdansk_Swibno,2007,6,4,0.07000000000000028,19.7
54.3364222775687,18.9357671710981,Gdansk_Swibno,2007,6,5,0.04000000000000004,19.8
54.3364222775687,18.9357671710981,Gdansk_Swibno,2007,6,6,0.01999999999999957,19.9
54.3364222775687,18.9357671710981,Gdansk_Swibno,2007,6,7,0.009999999999999787,20.6
54.3364222775687,18.9357671710981,Gdansk_Swibno,2007,6,8,-0.03000000000000025,21.4
54.3364222775687,18.9357671710981,Gdansk_Swibno,2007,6,9,-0.03000000000000025,21.0
54.3364222775687,18.9357671710981,Gdansk_Swibno,2007,6,10,-0.04000000000000004,21.6
54.3364222775687,18.9357671710981,Gdansk_Swibno,2007,6,11,-0.07000000000000028,23.1
54.3364222775687,18.9357671710981,Gdansk_Swibno,2007,6,12,-0.1399999999999997,23.4
54.3364222775687,18.9357671710981,Gdansk_Swibno,2007,6,13,-0.08999999999999986,23.7
54.3364222775687,18.9357671710981,Gdansk_Swibno,2007,6,14,-0.0600000000000005,23.6
54.3364222775687,18.9357671710981,Gdansk_Swibno,2007,6,15,0.009999999999999787,23.2
54.3364222775687,18.9357671710981,Gdansk_Swibno,2007,6,16,0.03000000000000025,23.0
54.3364222775687,18.9357671710981,Gdansk_Swibno,2007,6,17,-0.07000000000000028,22.8
54.3364222775687,18.9357671710981,Gdansk_Swibno,2007,6,18,-0.04999999999999982,23.1
54.3364222775687,18.9357671710981,Gdansk_Swibno,2007,6,19,0.009999999999999787,22.8
54.3364222775687,18.9357671710981,Gdansk_Swibno,2007,6,20,-0.04999999999999982,22.2
54.3364222775687,18.9357671710981,Gdansk_Swibno,2007,6,21,-0.0600000000000005,22.0
54.3364222775687,18.9357671710981,Gdansk_Swibno,2007,6,22,0.009999999999999787,22.8
54.3364222775687,18.9357671710981,Gdansk_Swibno,2007,6,23,-0.03000000000000025,22.5
54.3364222775687,18.9357671710981,Gdansk_Swibno,2007,6,24,-0.02000000000000046,21.7
54.3364222775687,18.9357671710981,Gdansk_Swibno,2007,6,25,-0.04999999999999982,21.5
54.3364222775687,18.9357671710981,Gdansk_Swibno,2007,6,26,-0.02000000000000046,21.6
54.3364222775687,18.9357671710981,Gdansk_Swibno,2007,6,27,0.01999999999999957,20.2
54.3364222775687,18.9357671710981,Gdansk_Swibno,2007,6,28,0.08000000000000007,18.2
54.3364222775687,18.9357671710981,Gdansk_Swibno,2007,6,29,0.05999999999999961,18.1
54.3364222775687,18.9357671710981,Gdansk_Swibno,2007,6,30,0.09999999999999964,18.0
54.3364222775687,18.9357671710981,Gdansk_Swibno,2007,7,1,0.1500000000000004,18.0
54.3364222775687,18.9357671710981,Gdansk_Swibno,2007,7,2,0.1399999999999997,19.1
54.3364222775687,18.9357671710981,Gdansk_Swibno,2007,7,3,0.1399999999999997,19.4
54.3364222775687,18.9357671710981,Gdansk_Swibno,2007,7,4,0.1500000000000004,19.5
54.3364222775687,18.9357671710981,Gdansk_Swibno,2007,7,5,0.2199999999999998,18.4
54.3364222775687,18.9357671710981,Gdansk_Swibno,2007,7,6,0.29,18.7
54.3364222775687,18.9357671710981,Gdansk_Swibno,2007,7,7,0.29,18.5
54.3364222775687,18.9357671710981,Gdansk_Swibno,2007,7,8,0.2999999999999998,17.7
54.3364222775687,18.9357671710981,Gdansk_Swibno,2007,7,9,0.2400000000000002,17.4
54.3364222775687,18.9357671710981,Gdansk_Swibno,2007,7,10,0.25,17.2
54.3364222775687,18.9357671710981,Gdansk_Swibno,2007,7,11,0.2000000000000002,17.0
54.3364222775687,18.9357671710981,Gdansk_Swibno,2007,7,12,0.1899999999999995,17.1
54.3364222775687,18.9357671710981,Gdansk_Swibno,2007,7,13,0.2199999999999998,17.4
54.3364222775687,18.9357671710981,Gdansk_Swibno,2007,7,14,0.21,18.0
54.3364222775687,18.9357671710981,Gdansk_Swibno,2007,7,15,0.1699999999999999,19.1
54.3364222775687,18.9357671710981,Gdansk_Swibno,2007,7,16,0.1799999999999997,20.5
54.3364222775687,18.9357671710981,Gdansk_Swibno,2007,7,17,0.1899999999999995,22.1
54.3364222775687,18.9357671710981,Gdansk_Swibno,2007,7,18,0.05999999999999961,22.5
54.3364222775687,18.9357671710981,Gdansk_Swibno,2007,7,19,0.1100000000000003,23.6
54.3364222775687,18.9357671710981,Gdansk_Swibno,2007,7,20,0.1699999999999999,23.0
54.3364222775687,18.9357671710981,Gdansk_Swibno,2007,7,21,0.1799999999999997,23.1
54.3364222775687,18.9357671710981,Gdansk_Swibno,2007,7,22,0.1399999999999997,22.9
54.3364222775687,18.9357671710981,Gdansk_Swibno,2007,7,23,0.1100000000000003,21.1
54.3364222775687,18.9357671710981,Gdansk_Swibno,2007,7,24,0.09999999999999964,21.5
54.3364222775687,18.9357671710981,Gdansk_Swibno,2007,7,25,0.2199999999999998,21.0
54.3364222775687,18.9357671710981,Gdansk_Swibno,2007,7,26,0.1600000000000001,20.7
54.3364222775687,18.9357671710981,Gdansk_Swibno,2007,7,27,0.1299999999999999,20.8
54.3364222775687,18.9357671710981,Gdansk_Swibno,2007,7,28,0.09999999999999964,20.1
54.3364222775687,18.9357671710981,Gdansk_Swibno,2007,7,29,0.1699999999999999,21.0
54.3364222775687,18.9357671710981,Gdansk_Swibno,2007,7,30,0.2999999999999998,19.8
54.3364222775687,18.9357671710981,Gdansk_Swibno,2007,7,31,0.3099999999999996,18.4
54.3364222775687,18.9357671710981,Gdansk_Swibno,2007,8,1,0.3300000000000001,18.0
54.3364222775687,18.9357671710981,Gdansk_Swibno,2007,8,2,0.2699999999999996,18.2
54.3364222775687,18.9357671710981,Gdansk_Swibno,2007,8,3,0.3399999999999999,18.7
54.3364222775687,18.9357671710981,Gdansk_Swibno,2007,8,4,0.3399999999999999,19.1
54.3364222775687,18.9357671710981,Gdansk_Swibno,2007,8,5,0.25,19.0
54.3364222775687,18.9357671710981,Gdansk_Swibno,2007,8,6,0.2400000000000002,19.3
54.3364222775687,18.9357671710981,Gdansk_Swibno,2007,8,7,0.2400000000000002,21.0
54.3364222775687,18.9357671710981,Gdansk_Swibno,2007,8,8,0.2199999999999998,21.9
54.3364222775687,18.9357671710981,Gdansk_Swibno,2007,8,9,0.2000000000000002,22.5
54.3364222775687,18.9357671710981,Gdansk_Swibno,2007,8,10,0.2000000000000002,22.7
54.3364222775687,18.9357671710981,Gdansk_Swibno,2007,8,11,0.2000000000000002,23.3
54.3364222775687,18.9357671710981,Gdansk_Swibno,2007,8,12,0.1699999999999999,22.6
54.3364222775687,18.9357671710981,Gdansk_Swibno,2007,8,13,0.1399999999999997,22.5
54.3364222775687,18.9357671710981,Gdansk_Swibno,2007,8,14,0.1200000000000001,22.1
54.3364222775687,18.9357671710981,Gdansk_Swibno,2007,8,15,0.04999999999999982,22.8
54.3364222775687,18.9357671710981,Gdansk_Swibno,2007,8,16,-0.009999999999999787,22.6
54.3364222775687,18.9357671710981,Gdansk_Swibno,2007,8,17,0.0,22.8
54.3364222775687,18.9357671710981,Gdansk_Swibno,2007,8,18,0.04000000000000004,21.8
54.3364222775687,18.9357671710981,Gdansk_Swibno,2007,8,19,0.1100000000000003,21.6
54.3364222775687,18.9357671710981,Gdansk_Swibno,2007,8,20,0.1200000000000001,21.0
54.3364222775687,18.9357671710981,Gdansk_Swibno,2007,8,21,0.1299999999999999,21.1
54.3364222775687,18.9357671710981,Gdansk_Swibno,2007,8,22,0.09999999999999964,21.2
54.3364222775687,18.9357671710981,Gdansk_Swibno,2007,8,23,0.08000000000000007,21.3
54.3364222775687,18.9357671710981,Gdansk_Swibno,2007,8,24,0.04000000000000004,21.5
54.3364222775687,18.9357671710981,Gdansk_Swibno,2007,8,25,-0.009999999999999787,21.1
54.3364222775687,18.9357671710981,Gdansk_Swibno,2007,8,26,0.08000000000000007,20.9
54.3364222775687,18.9357671710981,Gdansk_Swibno,2007,8,27,0.1399999999999997,19.9
54.3364222775687,18.9357671710981,Gdansk_Swibno,2007,8,28,0.21,18.9
54.3364222775687,18.9357671710981,Gdansk_Swibno,2007,8,29,0.2199999999999998,17.7
54.3364222775687,18.9357671710981,Gdansk_Swibno,2007,8,30,0.2000000000000002,17.0
54.3364222775687,18.9357671710981,Gdansk_Swibno,2007,8,31,0.2000000000000002,16.8
54.3364222775687,18.9357671710981,Gdansk_Swibno,2007,9,1,0.21,16.6
54.3364222775687,18.9357671710981,Gdansk_Swibno,2007,9,2,0.1100000000000003,16.0
54.3364222775687,18.9357671710981,Gdansk_Swibno,2007,9,3,0.2299999999999995,15.8
54.3364222775687,18.9357671710981,Gdansk_Swibno,2007,9,4,0.3399999999999999,15.8
54.3364222775687,18.9357671710981,Gdansk_Swibno,2007,9,5,0.3499999999999996,15.5
54.3364222775687,18.9357671710981,Gdansk_Swibno,2007,9,6,0.25,15.0
54.3364222775687,18.9357671710981,Gdansk_Swibno,2007,9,7,0.29,14.9
54.3364222775687,18.9357671710981,Gdansk_Swibno,2007,9,8,0.2699999999999996,14.6
54.3364222775687,18.9357671710981,Gdansk_Swibno,2007,9,9,0.4100000000000001,14.7
54.3364222775687,18.9357671710981,Gdansk_Swibno,2007,9,10,0.3099999999999996,15.7
54.3364222775687,18.9357671710981,Gdansk_Swibno,2007,9,11,0.3600000000000003,15.1
54.3364222775687,18.9357671710981,Gdansk_Swibno,2007,9,12,0.2999999999999998,14.7
54.3364222775687,18.9357671710981,Gdansk_Swibno,2007,9,13,0.46,14.5
54.3364222775687,18.9357671710981,Gdansk_Swibno,2007,9,14,0.3099999999999996,14.9
54.3364222775687,18.9357671710981,Gdansk_Swibno,2007,9,15,0.4799999999999995,14.4
54.3364222775687,18.9357671710981,Gdansk_Swibno,2007,9,16,0.54,13.9
54.3364222775687,18.9357671710981,Gdansk_Swibno,2007,9,17,0.4500000000000002,14.3
54.3364222775687,18.9357671710981,Gdansk_Swibno,2007,9,18,0.6399999999999997,14.4
54.3364222775687,18.9357671710981,Gdansk_Swibno,2007,9,19,0.6799999999999997,14.0
54.3364222775687,18.9357671710981,Gdansk_Swibno,2007,9,20,0.4100000000000001,13.2
54.3364222775687,18.9357671710981,Gdansk_Swibno,2007,9,21,0.3499999999999996,13.6
54.3364222775687,18.9357671710981,Gdansk_Swibno,2007,9,22,0.3399999999999999,13.4
54.3364222775687,18.9357671710981,Gdansk_Swibno,2007,9,23,0.3600000000000003,13.7
54.3364222775687,18.9357671710981,Gdansk_Swibno,2007,9,24,0.2800000000000002,13.8
54.3364222775687,18.9357671710981,Gdansk_Swibno,2007,9,25,0.25,14.2
54.3364222775687,18.9357671710981,Gdansk_Swibno,2007,9,26,0.3200000000000003,14.2
54.3364222775687,18.9357671710981,Gdansk_Swibno,2007,9,27,0.3600000000000003,14.1
54.3364222775687,18.9357671710981,Gdansk_Swibno,2007,9,28,0.3899999999999997,14.8
54.3364222775687,18.9357671710981,Gdansk_Swibno,2007,9,29,0.2699999999999996,15.0
54.3364222775687,18.9357671710981,Gdansk_Swibno,2007,9,30,0.1799999999999997,14.8
54.3364222775687,18.9357671710981,Gdansk_Swibno,2007,10,1,0.1399999999999997,15.0
54.3364222775687,18.9357671710981,Gdansk_Swibno,2007,10,2,0.2000000000000002,15.1
54.3364222775687,18.9357671710981,Gdansk_Swibno,2007,10,3,0.2000000000000002,14.3
54.3364222775687,18.9357671710981,Gdansk_Swibno,2007,10,4,0.1600000000000001,13.6
54.3364222775687,18.9357671710981,Gdansk_Swibno,2007,10,5,0.1799999999999997,13.2
54.3364222775687,18.9357671710981,Gdansk_Swibno,2007,10,6,0.2199999999999998,13.2
54.3364222775687,18.9357671710981,Gdansk_Swibno,2007,10,7,0.1399999999999997,13.0
54.3364222775687,18.9357671710981,Gdansk_Swibno,2007,10,8,0.1399999999999997,12.6
54.3364222775687,18.9357671710981,Gdansk_Swibno,2007,10,9,0.2400000000000002,11.9
54.3364222775687,18.9357671710981,Gdansk_Swibno,2007,10,10,0.09999999999999964,11.7
54.3364222775687,18.9357671710981,Gdansk_Swibno,2007,10,11,0.08000000000000007,11.6
54.3364222775687,18.9357671710981,Gdansk_Swibno,2007,10,12,0.3300000000000001,11.0
54.3364222775687,18.9357671710981,Gdansk_Swibno,2007,10,13,0.4299999999999997,9.7
54.3364222775687,18.9357671710981,Gdansk_Swibno,2007,10,14,0.04000000000000004,9.0
54.3364222775687,18.9357671710981,Gdansk_Swibno,2007,10,15,0.009999999999999787,9.6
54.3364222775687,18.9357671710981,Gdansk_Swibno,2007,10,16,0.04000000000000004,10.2
54.3364222775687,18.9357671710981,Gdansk_Swibno,2007,10,17,0.009999999999999787,10.4
54.3364222775687,18.9357671710981,Gdansk_Swibno,2007,10,18,0.2199999999999998,9.8
54.3364222775687,18.9357671710981,Gdansk_Swibno,2007,10,19,0.3499999999999996,9.3
54.3364222775687,18.9357671710981,Gdansk_Swibno,2007,10,20,0.3099999999999996,8.2
54.3364222775687,18.9357671710981,Gdansk_Swibno,2007,10,21,0.1600000000000001,8.1
54.3364222775687,18.9357671710981,Gdansk_Swibno,2007,10,22,0.1100000000000003,7.6
54.3364222775687,18.9357671710981,Gdansk_Swibno,2007,10,23,0.1200000000000001,7.2
54.3364222775687,18.9357671710981,Gdansk_Swibno,2007,10,24,0.1100000000000003,6.5
54.3364222775687,18.9357671710981,Gdansk_Swibno,2007,10,25,0.04000000000000004,6.8
54.3364222775687,18.9357671710981,Gdansk_Swibno,2007,10,26,-0.03000000000000025,8.6
54.3364222775687,18.9357671710981,Gdansk_Swibno,2007,10,27,-0.07000000000000028,8.9
54.3364222775687,18.9357671710981,Gdansk_Swibno,2007,10,28,-0.1399999999999997,8.7
54.3364222775687,18.9357671710981,Gdansk_Swibno,2007,10,29,-0.2300000000000004,8.6
54.3364222775687,18.9357671710981,Gdansk_Swibno,2007,10,30,-0.0600000000000005,8.6
54.3364222775687,18.9357671710981,Gdansk_Swibno,2007,10,31,0.04999999999999982,8.4
54.3364222775687,18.9357671710981,Gdansk_Swibno,2007,11,1,0.009999999999999787,8.0
54.3364222775687,18.9357671710981,Gdansk_Swibno,2007,11,2,0.3200000000000003,8.0
54.3364222775687,18.9357671710981,Gdansk_Swibno,2007,11,3,0.2000000000000002,8.5
54.3364222775687,18.9357671710981,Gdansk_Swibno,2007,11,4,0.3399999999999999,8.4
54.3364222775687,18.9357671710981,Gdansk_Swibno,2007,11,5,0.08999999999999986,7.1
54.3364222775687,18.9357671710981,Gdansk_Swibno,2007,11,6,-0.04000000000000004,6.0
54.3364222775687,18.9357671710981,Gdansk_Swibno,2007,11,7,0.2000000000000002,5.5
54.3364222775687,18.9357671710981,Gdansk_Swibno,2007,11,8,0.3200000000000003,5.2
54.3364222775687,18.9357671710981,Gdansk_Swibno,2007,11,9,0.1899999999999995,5.3
54.3364222775687,18.9357671710981,Gdansk_Swibno,2007,11,10,0.5599999999999996,5.4
54.3364222775687,18.9357671710981,Gdansk_Swibno,2007,11,11,0.4299999999999997,4.8
54.3364222775687,18.9357671710981,Gdansk_Swibno,2007,11,12,0.5,5.0
54.3364222775687,18.9357671710981,Gdansk_Swibno,2007,11,13,0.5999999999999996,4.8
54.3364222775687,18.9357671710981,Gdansk_Swibno,2007,11,14,0.5300000000000002,4.4
54.3364222775687,18.9357671710981,Gdansk_Swibno,2007,11,15,0.3799999999999999,3.6
54.3364222775687,18.9357671710981,Gdansk_Swibno,2007,11,16,0.3300000000000001,3.3
54.3364222775687,18.9357671710981,Gdansk_Swibno,2007,11,17,0.3200000000000003,3.6
54.3364222775687,18.9357671710981,Gdansk_Swibno,2007,11,18,0.25,3.0
54.3364222775687,18.9357671710981,Gdansk_Swibno,2007,11,19,0.2000000000000002,2.7
54.3364222775687,18.9357671710981,Gdansk_Swibno,2007,11,20,0.2000000000000002,2.6
54.3364222775687,18.9357671710981,Gdansk_Swibno,2007,11,21,0.1100000000000003,2.8
54.3364222775687,18.9357671710981,Gdansk_Swibno,2007,11,22,0.01999999999999957,2.6
54.3364222775687,18.9357671710981,Gdansk_Swibno,2007,11,23,0.08000000000000007,2.4
54.3364222775687,18.9357671710981,Gdansk_Swibno,2007,11,24,0.21,2.6
54.3364222775687,18.9357671710981,Gdansk_Swibno,2007,11,25,0.0,2.3
54.3364222775687,18.9357671710981,Gdansk_Swibno,2007,11,26,0.3600000000000003,2.3
54.3364222775687,18.9357671710981,Gdansk_Swibno,2007,11,27,0.6799999999999997,2.2
54.3364222775687,18.9357671710981,Gdansk_Swibno,2007,11,28,0.4000000000000004,2.2
54.3364222775687,18.9357671710981,Gdansk_Swibno,2007,11,29,0.1899999999999995,1.8
54.3364222775687,18.9357671710981,Gdansk_Swibno,2007,11,30,0.2800000000000002,1.9
54.3364222775687,18.9357671710981,Gdansk_Swibno,2008,5,1,0.05999999999999961,14.1
54.3364222775687,18.9357671710981,Gdansk_Swibno,2008,5,2,0.04000000000000004,14.3
54.3364222775687,18.9357671710981,Gdansk_Swibno,2008,5,3,0.04999999999999982,14.4
54.3364222775687,18.9357671710981,Gdansk_Swibno,2008,5,4,0.01999999999999957,14.3
54.3364222775687,18.9357671710981,Gdansk_Swibno,2008,5,5,-0.009999999999999787,14.8
54.3364222775687,18.9357671710981,Gdansk_Swibno,2008,5,6,-0.009999999999999787,14.9
54.3364222775687,18.9357671710981,Gdansk_Swibno,2008,5,7,-0.03000000000000025,15.0
54.3364222775687,18.9357671710981,Gdansk_Swibno,2008,5,8,0.0,15.2
54.3364222775687,18.9357671710981,Gdansk_Swibno,2008,5,9,-0.03000000000000025,15.6
54.3364222775687,18.9357671710981,Gdansk_Swibno,2008,5,10,-0.02000000000000046,15.9
54.3364222775687,18.9357671710981,Gdansk_Swibno,2008,5,11,-0.009999999999999787,16.2
54.3364222775687,18.9357671710981,Gdansk_Swibno,2008,5,12,0.1200000000000001,17.1
54.3364222775687,18.9357671710981,Gdansk_Swibno,2008,5,13,0.09999999999999964,16.8
54.3364222775687,18.9357671710981,Gdansk_Swibno,2008,5,14,-0.02000000000000046,16.8
54.3364222775687,18.9357671710981,Gdansk_Swibno,2008,5,15,-0.03000000000000025,16.8
54.3364222775687,18.9357671710981,Gdansk_Swibno,2008,5,16,-0.02000000000000046,16.6
54.3364222775687,18.9357671710981,Gdansk_Swibno,2008,5,17,-0.03000000000000025,16.7
54.3364222775687,18.9357671710981,Gdansk_Swibno,2008,5,18,0.05999999999999961,16.8
54.3364222775687,18.9357671710981,Gdansk_Swibno,2008,5,19,0.009999999999999787,16.8
54.3364222775687,18.9357671710981,Gdansk_Swibno,2008,5,20,-0.009999999999999787,17.0
54.3364222775687,18.9357671710981,Gdansk_Swibno,2008,5,21,0.04000000000000004,17.2
54.3364222775687,18.9357671710981,Gdansk_Swibno,2008,5,22,0.08000000000000007,17.4
54.3364222775687,18.9357671710981,Gdansk_Swibno,2008,5,23,0.08999999999999986,17.4
54.3364222775687,18.9357671710981,Gdansk_Swibno,2008,5,24,0.08999999999999986,17.5
54.3364222775687,18.9357671710981,Gdansk_Swibno,2008,5,25,0.03000000000000025,17.2
54.3364222775687,18.9357671710981,Gdansk_Swibno,2008,5,26,-0.08000000000000007,17.4
54.3364222775687,18.9357671710981,Gdansk_Swibno,2008,5,27,-0.03000000000000025,17.5
54.3364222775687,18.9357671710981,Gdansk_Swibno,2008,5,28,-0.08000000000000007,17.5
54.3364222775687,18.9357671710981,Gdansk_Swibno,2008,5,29,-0.1399999999999997,17.6
54.3364222775687,18.9357671710981,Gdansk_Swibno,2008,5,30,-0.1100000000000003,17.4
54.3364222775687,18.9357671710981,Gdansk_Swibno,2008,5,31,-0.0600000000000005,17.7
54.3364222775687,18.9357671710981,Gdansk_Swibno,2008,6,1,-0.08999999999999986,17.8
54.3364222775687,18.9357671710981,Gdansk_Swibno,2008,6,2,-0.1500000000000004,17.9
54.3364222775687,18.9357671710981,Gdansk_Swibno,2008,6,3,-0.1100000000000003,18.6
54.3364222775687,18.9357671710981,Gdansk_Swibno,2008,6,4,-0.1200000000000001,19.5
54.3364222775687,18.9357671710981,Gdansk_Swibno,2008,6,5,-0.1900000000000004,19.7
54.3364222775687,18.9357671710981,Gdansk_Swibno,2008,6,6,-0.21,19.7
54.3364222775687,18.9357671710981,Gdansk_Swibno,2008,6,7,-0.1699999999999999,19.8
54.3364222775687,18.9357671710981,Gdansk_Swibno,2008,6,8,-0.2000000000000002,19.9
54.3364222775687,18.9357671710981,Gdansk_Swibno,2008,6,9,-0.2000000000000002,20.2
54.3364222775687,18.9357671710981,Gdansk_Swibno,2008,6,10,-0.2000000000000002,21.0
54.3364222775687,18.9357671710981,Gdansk_Swibno,2008,6,11,-0.1299999999999999,21.3
54.3364222775687,18.9357671710981,Gdansk_Swibno,2008,6,12,-0.0600000000000005,21.0
54.3364222775687,18.9357671710981,Gdansk_Swibno,2008,6,13,-0.02000000000000046,20.8
54.3364222775687,18.9357671710981,Gdansk_Swibno,2008,6,14,0.04000000000000004,20.6
54.3364222775687,18.9357671710981,Gdansk_Swibno,2008,6,15,-0.03000000000000025,20.4
54.3364222775687,18.9357671710981,Gdansk_Swibno,2008,6,16,-0.02000000000000046,19.9
54.3364222775687,18.9357671710981,Gdansk_Swibno,2008,6,17,0.009999999999999787,18.7
54.3364222775687,18.9357671710981,Gdansk_Swibno,2008,6,18,-0.03000000000000025,18.4
54.3364222775687,18.9357671710981,Gdansk_Swibno,2008,6,19,-0.02000000000000046,18.6
54.3364222775687,18.9357671710981,Gdansk_Swibno,2008,6,20,0.0,19.8
54.3364222775687,18.9357671710981,Gdansk_Swibno,2008,6,21,0.03000000000000025,20.4
54.3364222775687,18.9357671710981,Gdansk_Swibno,2008,6,22,0.04000000000000004,20.8
54.3364222775687,18.9357671710981,Gdansk_Swibno,2008,6,23,0.08999999999999986,20.8
54.3364222775687,18.9357671710981,Gdansk_Swibno,2008,6,24,0.1100000000000003,20.6
54.3364222775687,18.9357671710981,Gdansk_Swibno,2008,6,25,0.1600000000000001,20.0
54.3364222775687,18.9357671710981,Gdansk_Swibno,2008,6,26,0.1399999999999997,19.7
54.3364222775687,18.9357671710981,Gdansk_Swibno,2008,6,27,0.1200000000000001,20.9
54.3364222775687,18.9357671710981,Gdansk_Swibno,2008,6,28,0.1399999999999997,21.3
54.3364222775687,18.9357671710981,Gdansk_Swibno,2008,6,29,0.1500000000000004,21.0
54.3364222775687,18.9357671710981,Gdansk_Swibno,2008,6,30,0.1399999999999997,21.3
54.3364222775687,18.9357671710981,Gdansk_Swibno,2008,7,1,0.1600000000000001,20.8
54.3364222775687,18.9357671710981,Gdansk_Swibno,2008,7,2,0.1500000000000004,20.2
54.3364222775687,18.9357671710981,Gdansk_Swibno,2008,7,3,0.1399999999999997,20.6
54.3364222775687,18.9357671710981,Gdansk_Swibno,2008,7,4,0.1899999999999995,21.5
54.3364222775687,18.9357671710981,Gdansk_Swibno,2008,7,5,0.2000000000000002,21.2
54.3364222775687,18.9357671710981,Gdansk_Swibno,2008,7,6,0.1399999999999997,21.4
54.3364222775687,18.9357671710981,Gdansk_Swibno,2008,7,7,0.1100000000000003,21.8
54.3364222775687,18.9357671710981,Gdansk_Swibno,2008,7,8,0.08000000000000007,21.2
54.3364222775687,18.9357671710981,Gdansk_Swibno,2008,7,9,0.08000000000000007,21.2
54.3364222775687,18.9357671710981,Gdansk_Swibno,2008,7,10,0.05999999999999961,19.8
54.3364222775687,18.9357671710981,Gdansk_Swibno,2008,7,11,0.04000000000000004,20.1
54.3364222775687,18.9357671710981,Gdansk_Swibno,2008,7,12,0.05999999999999961,20.8
54.3364222775687,18.9357671710981,Gdansk_Swibno,2008,7,13,0.05999999999999961,21.4
54.3364222775687,18.9357671710981,Gdansk_Swibno,2008,7,14,0.1200000000000001,21.3
54.3364222775687,18.9357671710981,Gdansk_Swibno,2008,7,15,0.07000000000000028,21.0
54.3364222775687,18.9357671710981,Gdansk_Swibno,2008,7,16,0.1100000000000003,21.2
54.3364222775687,18.9357671710981,Gdansk_Swibno,2008,7,17,0.1500000000000004,21.0
54.3364222775687,18.9357671710981,Gdansk_Swibno,2008,7,18,0.1600000000000001,20.7
54.3364222775687,18.9357671710981,Gdansk_Swibno,2008,7,19,0.1600000000000001,20.9
54.3364222775687,18.9357671710981,Gdansk_Swibno,2008,7,20,0.1899999999999995,20.5
54.3364222775687,18.9357671710981,Gdansk_Swibno,2008,7,21,0.1600000000000001,21.0
54.3364222775687,18.9357671710981,Gdansk_Swibno,2008,7,22,0.1699999999999999,20.9
54.3364222775687,18.9357671710981,Gdansk_Swibno,2008,7,23,0.21,20.8
54.3364222775687,18.9357671710981,Gdansk_Swibno,2008,7,24,0.2599999999999998,20.9
54.3364222775687,18.9357671710981,Gdansk_Swibno,2008,7,25,0.21,21.1
54.3364222775687,18.9357671710981,Gdansk_Swibno,2008,7,26,0.1500000000000004,21.4
54.3364222775687,18.9357671710981,Gdansk_Swibno,2008,7,27,0.1299999999999999,22.3
54.3364222775687,18.9357671710981,Gdansk_Swibno,2008,7,28,0.08999999999999986,22.8
54.3364222775687,18.9357671710981,Gdansk_Swibno,2008,7,29,0.07000000000000028,22.1
54.3364222775687,18.9357671710981,Gdansk_Swibno,2008,7,30,0.04000000000000004,22.0
54.3364222775687,18.9357671710981,Gdansk_Swibno,2008,7,31,0.04000000000000004,22.2
54.3364222775687,18.9357671710981,Gdansk_Swibno,2008,8,1,0.08000000000000007,22.3
54.3364222775687,18.9357671710981,Gdansk_Swibno,2008,8,2,0.2199999999999998,22.7
54.3364222775687,18.9357671710981,Gdansk_Swibno,2008,8,3,0.2699999999999996,22.6
54.3364222775687,18.9357671710981,Gdansk_Swibno,2008,8,4,0.3099999999999996,22.1
54.3364222775687,18.9357671710981,Gdansk_Swibno,2008,8,5,0.3300000000000001,21.8
54.3364222775687,18.9357671710981,Gdansk_Swibno,2008,8,6,0.2299999999999995,21.1
54.3364222775687,18.9357671710981,Gdansk_Swibno,2008,8,7,0.03000000000000025,21.0
54.3364222775687,18.9357671710981,Gdansk_Swibno,2008,8,8,0.009999999999999787,20.5
54.3364222775687,18.9357671710981,Gdansk_Swibno,2008,8,9,0.1200000000000001,21.2
54.3364222775687,18.9357671710981,Gdansk_Swibno,2008,8,10,0.08999999999999986,20.7
54.3364222775687,18.9357671710981,Gdansk_Swibno,2008,8,11,0.04999999999999982,20.5
54.3364222775687,18.9357671710981,Gdansk_Swibno,2008,8,12,0.09999999999999964,20.9
54.3364222775687,18.9357671710981,Gdansk_Swibno,2008,8,13,0.05999999999999961,21.2
54.3364222775687,18.9357671710981,Gdansk_Swibno,2008,8,14,-0.02000000000000046,21.0
54.3364222775687,18.9357671710981,Gdansk_Swibno,2008,8,15,0.1699999999999999,20.8
54.3364222775687,18.9357671710981,Gdansk_Swibno,2008,8,16,0.3899999999999997,20.4
54.3364222775687,18.9357671710981,Gdansk_Swibno,2008,8,17,0.2999999999999998,19.0
54.3364222775687,18.9357671710981,Gdansk_Swibno,2008,8,18,0.1299999999999999,18.5
54.3364222775687,18.9357671710981,Gdansk_Swibno,2008,8,19,0.07000000000000028,18.6
54.3364222775687,18.9357671710981,Gdansk_Swibno,2008,8,20,0.09999999999999964,19.0
54.3364222775687,18.9357671710981,Gdansk_Swibno,2008,8,21,0.05999999999999961,19.3
54.3364222775687,18.9357671710981,Gdansk_Swibno,2008,8,22,0.09999999999999964,19.3
54.3364222775687,18.9357671710981,Gdansk_Swibno,2008,8,23,0.1899999999999995,19.5
54.3364222775687,18.9357671710981,Gdansk_Swibno,2008,8,24,0.21,18.9
54.3364222775687,18.9357671710981,Gdansk_Swibno,2008,8,25,0.2299999999999995,18.6
54.3364222775687,18.9357671710981,Gdansk_Swibno,2008,8,26,0.1399999999999997,18.9
54.3364222775687,18.9357671710981,Gdansk_Swibno,2008,8,27,0.09999999999999964,19.6
54.3364222775687,18.9357671710981,Gdansk_Swibno,2008,8,28,0.1100000000000003,19.8
54.3364222775687,18.9357671710981,Gdansk_Swibno,2008,8,29,0.3499999999999996,19.5
54.3364222775687,18.9357671710981,Gdansk_Swibno,2008,8,30,0.3200000000000003,19.0
54.3364222775687,18.9357671710981,Gdansk_Swibno,2008,8,31,0.2299999999999995,18.3
54.3364222775687,18.9357671710981,Gdansk_Swibno,2008,9,1,0.08000000000000007,18.0
54.3364222775687,18.9357671710981,Gdansk_Swibno,2008,9,2,0.04999999999999982,17.5
54.3364222775687,18.9357671710981,Gdansk_Swibno,2008,9,3,-0.009999999999999787,17.6
54.3364222775687,18.9357671710981,Gdansk_Swibno,2008,9,4,-0.02000000000000046,18.0
54.3364222775687,18.9357671710981,Gdansk_Swibno,2008,9,5,0.01999999999999957,18.4
54.3364222775687,18.9357671710981,Gdansk_Swibno,2008,9,6,0.08000000000000007,18.1
54.3364222775687,18.9357671710981,Gdansk_Swibno,2008,9,7,0.1299999999999999,18.5
54.3364222775687,18.9357671710981,Gdansk_Swibno,2008,9,8,0.09999999999999964,18.4
54.3364222775687,18.9357671710981,Gdansk_Swibno,2008,9,9,0.09999999999999964,18.3
54.3364222775687,18.9357671710981,Gdansk_Swibno,2008,9,10,0.07000000000000028,18.3
54.3364222775687,18.9357671710981,Gdansk_Swibno,2008,9,11,0.08999999999999986,18.0
54.3364222775687,18.9357671710981,Gdansk_Swibno,2008,9,12,0.09999999999999964,17.5
54.3364222775687,18.9357671710981,Gdansk_Swibno,2008,9,13,0.09999999999999964,17.1
54.3364222775687,18.9357671710981,Gdansk_Swibno,2008,9,14,-0.02000000000000046,16.6
54.3364222775687,18.9357671710981,Gdansk_Swibno,2008,9,15,-0.0600000000000005,16.4
54.3364222775687,18.9357671710981,Gdansk_Swibno,2008,9,16,-0.09999999999999964,16.0
54.3364222775687,18.9357671710981,Gdansk_Swibno,2008,9,17,-0.1299999999999999,14.9
54.3364222775687,18.9357671710981,Gdansk_Swibno,2008,9,18,-0.1600000000000001,14.7
54.3364222775687,18.9357671710981,Gdansk_Swibno,2008,9,19,-0.1500000000000004,14.5
54.3364222775687,18.9357671710981,Gdansk_Swibno,2008,9,20,-0.08999999999999986,14.2
54.3364222775687,18.9357671710981,Gdansk_Swibno,2008,9,21,-0.08000000000000007,13.7
54.3364222775687,18.9357671710981,Gdansk_Swibno,2008,9,22,-0.09999999999999964,13.5
54.3364222775687,18.9357671710981,Gdansk_Swibno,2008,9,23,-0.1100000000000003,13.2
54.3364222775687,18.9357671710981,Gdansk_Swibno,2008,9,24,-0.1200000000000001,13.0
54.3364222775687,18.9357671710981,Gdansk_Swibno,2008,9,25,-0.1500000000000004,13.0
54.3364222775687,18.9357671710981,Gdansk_Swibno,2008,9,26,-0.1900000000000004,13.2
54.3364222775687,18.9357671710981,Gdansk_Swibno,2008,9,27,-0.1900000000000004,12.5
54.3364222775687,18.9357671710981,Gdansk_Swibno,2008,9,28,-0.1299999999999999,13.3
54.3364222775687,18.9357671710981,Gdansk_Swibno,2008,9,29,0.04000000000000004,13.2
54.3364222775687,18.9357671710981,Gdansk_Swibno,2008,9,30,0.01999999999999957,12.9
54.3364222775687,18.9357671710981,Gdansk_Swibno,2008,10,1,-0.04000000000000004,12.6
54.3364222775687,18.9357671710981,Gdansk_Swibno,2008,10,2,0.03000000000000025,12.2
54.3364222775687,18.9357671710981,Gdansk_Swibno,2008,10,3,0.09999999999999964,11.1
54.3364222775687,18.9357671710981,Gdansk_Swibno,2008,10,4,0.1100000000000003,10.5
54.3364222775687,18.9357671710981,Gdansk_Swibno,2008,10,5,-0.07000000000000028,9.9
54.3364222775687,18.9357671710981,Gdansk_Swibno,2008,10,6,0.05999999999999961,10.1
54.3364222775687,18.9357671710981,Gdansk_Swibno,2008,10,7,0.1600000000000001,8.9
54.3364222775687,18.9357671710981,Gdansk_Swibno,2008,10,8,0.1500000000000004,8.8
54.3364222775687,18.9357671710981,Gdansk_Swibno,2008,10,9,0.1200000000000001,10.9
54.3364222775687,18.9357671710981,Gdansk_Swibno,2008,10,10,0.1399999999999997,11.1
54.3364222775687,18.9357671710981,Gdansk_Swibno,2008,10,11,0.08999999999999986,12.0
54.3364222775687,18.9357671710981,Gdansk_Swibno,2008,10,12,0.21,12.3
54.3364222775687,18.9357671710981,Gdansk_Swibno,2008,10,13,0.2299999999999995,12.2
54.3364222775687,18.9357671710981,Gdansk_Swibno,2008,10,14,0.2800000000000002,12.1
54.3364222775687,18.9357671710981,Gdansk_Swibno,2008,10,15,0.2800000000000002,11.9
54.3364222775687,18.9357671710981,Gdansk_Swibno,2008,10,16,0.2699999999999996,11.6
54.3364222775687,18.9357671710981,Gdansk_Swibno,2008,10,17,0.4399999999999995,11.2
54.3364222775687,18.9357671710981,Gdansk_Swibno,2008,10,18,0.3899999999999997,11.3
54.3364222775687,18.9357671710981,Gdansk_Swibno,2008,10,19,0.3600000000000003,11.2
54.3364222775687,18.9357671710981,Gdansk_Swibno,2008,10,20,0.3099999999999996,11.5
54.3364222775687,18.9357671710981,Gdansk_Swibno,2008,10,21,0.21,12.0
54.3364222775687,18.9357671710981,Gdansk_Swibno,2008,10,22,0.2999999999999998,11.7
54.3364222775687,18.9357671710981,Gdansk_Swibno,2008,10,23,0.3399999999999999,11.3
54.3364222775687,18.9357671710981,Gdansk_Swibno,2008,10,24,0.1899999999999995,11.2
54.3364222775687,18.9357671710981,Gdansk_Swibno,2008,10,25,0.2699999999999996,10.2
54.3364222775687,18.9357671710981,Gdansk_Swibno,2008,10,26,0.08999999999999986,9.7
54.3364222775687,18.9357671710981,Gdansk_Swibno,2008,10,27,0.3499999999999996,9.5
54.3364222775687,18.9357671710981,Gdansk_Swibno,2008,10,28,0.3700000000000001,9.3
54.3364222775687,18.9357671710981,Gdansk_Swibno,2008,10,29,0.4900000000000002,9.0
54.3364222775687,18.9357671710981,Gdansk_Swibno,2008,10,30,0.4900000000000002,9.2
54.3364222775687,18.9357671710981,Gdansk_Swibno,2008,10,31,0.3799999999999999,8.7
54.3364222775687,18.9357671710981,Gdansk_Swibno,2008,11,1,0.4699999999999998,8.2
54.3364222775687,18.9357671710981,Gdansk_Swibno,2008,11,2,0.3799999999999999,8.0
54.3364222775687,18.9357671710981,Gdansk_Swibno,2008,11,3,0.2999999999999998,8.1
54.3364222775687,18.9357671710981,Gdansk_Swibno,2008,11,4,0.2999999999999998,7.7
54.3364222775687,18.9357671710981,Gdansk_Swibno,2008,11,5,0.2800000000000002,7.7
54.3364222775687,18.9357671710981,Gdansk_Swibno,2008,11,6,0.25,8.0
54.3364222775687,18.9357671710981,Gdansk_Swibno,2008,11,7,0.09999999999999964,7.6
54.3364222775687,18.9357671710981,Gdansk_Swibno,2008,11,8,0.08000000000000007,7.1
54.3364222775687,18.9357671710981,Gdansk_Swibno,2008,11,9,0.03000000000000025,7.7
54.3364222775687,18.9357671710981,Gdansk_Swibno,2008,11,10,-0.09999999999999964,7.8
54.3364222775687,18.9357671710981,Gdansk_Swibno,2008,11,11,-0.07000000000000028,7.9
54.3364222775687,18.9357671710981,Gdansk_Swibno,2008,11,12,0.04000000000000004,7.6
54.3364222775687,18.9357671710981,Gdansk_Swibno,2008,11,13,0.1299999999999999,7.2
54.3364222775687,18.9357671710981,Gdansk_Swibno,2008,11,14,0.1100000000000003,7.0
54.3364222775687,18.9357671710981,Gdansk_Swibno,2008,11,15,0.1600000000000001,7.2
54.3364222775687,18.9357671710981,Gdansk_Swibno,2008,11,16,0.3200000000000003,7.4
54.3364222775687,18.9357671710981,Gdansk_Swibno,2008,11,17,0.5599999999999996,6.9
54.3364222775687,18.9357671710981,Gdansk_Swibno,2008,11,18,0.05999999999999961,6.7
54.3364222775687,18.9357671710981,Gdansk_Swibno,2008,11,19,0.3700000000000001,6.3
54.3364222775687,18.9357671710981,Gdansk_Swibno,2008,11,20,0.46,6.5
54.3364222775687,18.9357671710981,Gdansk_Swibno,2008,11,21,0.4900000000000002,5.8
54.3364222775687,18.9357671710981,Gdansk_Swibno,2008,11,22,0.5700000000000003,5.0
54.3364222775687,18.9357671710981,Gdansk_Swibno,2008,11,23,0.8200000000000003,4.9
54.3364222775687,18.9357671710981,Gdansk_Swibno,2008,11,24,0.5700000000000003,3.6
54.3364222775687,18.9357671710981,Gdansk_Swibno,2008,11,25,0.5300000000000002,2.9
54.3364222775687,18.9357671710981,Gdansk_Swibno,2008,11,26,0.3499999999999996,2.4
54.3364222775687,18.9357671710981,Gdansk_Swibno,2008,11,27,0.3099999999999996,2.8
54.3364222775687,18.9357671710981,Gdansk_Swibno,2008,11,28,0.21,2.9
54.3364222775687,18.9357671710981,Gdansk_Swibno,2008,11,29,0.29,2.5
54.3364222775687,18.9357671710981,Gdansk_Swibno,2008,11,30,0.29,2.7
54.3364222775687,18.9357671710981,Gdansk_Swibno,2009,5,1,-0.07000000000000028,14.5
54.3364222775687,18.9357671710981,Gdansk_Swibno,2009,5,2,-0.1600000000000001,14.7
54.3364222775687,18.9357671710981,Gdansk_Swibno,2009,5,3,-0.1799999999999997,14.3
54.3364222775687,18.9357671710981,Gdansk_Swibno,2009,5,4,-0.1200000000000001,14.8
54.3364222775687,18.9357671710981,Gdansk_Swibno,2009,5,5,-0.1799999999999997,14.5
54.3364222775687,18.9357671710981,Gdansk_Swibno,2009,5,6,-0.0600000000000005,14.5
54.3364222775687,18.9357671710981,Gdansk_Swibno,2009,5,7,0.0,14.8
54.3364222775687,18.9357671710981,Gdansk_Swibno,2009,5,8,-0.04999999999999982,14.8
54.3364222775687,18.9357671710981,Gdansk_Swibno,2009,5,9,-0.03000000000000025,15.2
54.3364222775687,18.9357671710981,Gdansk_Swibno,2009,5,10,0.009999999999999787,15.3
54.3364222775687,18.9357671710981,Gdansk_Swibno,2009,5,11,0.05999999999999961,15.5
54.3364222775687,18.9357671710981,Gdansk_Swibno,2009,5,12,0.1299999999999999,16.0
54.3364222775687,18.9357671710981,Gdansk_Swibno,2009,5,13,0.1200000000000001,16.2
54.3364222775687,18.9357671710981,Gdansk_Swibno,2009,5,14,0.09999999999999964,16.4
54.3364222775687,18.9357671710981,Gdansk_Swibno,2009,5,15,0.04000000000000004,16.4
54.3364222775687,18.9357671710981,Gdansk_Swibno,2009,5,16,0.03000000000000025,16.0
54.3364222775687,18.9357671710981,Gdansk_Swibno,2009,5,17,-0.04000000000000004,16.0
54.3364222775687,18.9357671710981,Gdansk_Swibno,2009,5,18,-0.07000000000000028,16.3
54.3364222775687,18.9357671710981,Gdansk_Swibno,2009,5,19,-0.09999999999999964,16.4
54.3364222775687,18.9357671710981,Gdansk_Swibno,2009,5,20,-0.1500000000000004,16.5
54.3364222775687,18.9357671710981,Gdansk_Swibno,2009,5,21,-0.1500000000000004,16.9
54.3364222775687,18.9357671710981,Gdansk_Swibno,2009,5,22,-0.08000000000000007,17.3
54.3364222775687,18.9357671710981,Gdansk_Swibno,2009,5,23,-0.03000000000000025,19.0
54.3364222775687,18.9357671710981,Gdansk_Swibno,2009,5,24,-0.04000000000000004,19.2
54.3364222775687,18.9357671710981,Gdansk_Swibno,2009,5,25,-0.04999999999999982,19.4
54.3364222775687,18.9357671710981,Gdansk_Swibno,2009,5,26,-0.1100000000000003,18.8
54.3364222775687,18.9357671710981,Gdansk_Swibno,2009,5,27,-0.08000000000000007,19.1
54.3364222775687,18.9357671710981,Gdansk_Swibno,2009,5,28,-0.03000000000000025,19.3
54.3364222775687,18.9357671710981,Gdansk_Swibno,2009,5,29,0.2199999999999998,17.7
54.3364222775687,18.9357671710981,Gdansk_Swibno,2009,5,30,0.1699999999999999,17.8
54.3364222775687,18.9357671710981,Gdansk_Swibno,2009,5,31,0.09999999999999964,18.0
54.3364222775687,18.9357671710981,Gdansk_Swibno,2009,6,1,0.03000000000000025,18.1
54.3364222775687,18.9357671710981,Gdansk_Swibno,2009,6,2,0.04999999999999982,18.2
54.3364222775687,18.9357671710981,Gdansk_Swibno,2009,6,3,0.2000000000000002,18.0
54.3364222775687,18.9357671710981,Gdansk_Swibno,2009,6,4,0.1399999999999997,17.5
54.3364222775687,18.9357671710981,Gdansk_Swibno,2009,6,5,0.1500000000000004,17.0
54.3364222775687,18.9357671710981,Gdansk_Swibno,2009,6,6,0.1200000000000001,16.6
54.3364222775687,18.9357671710981,Gdansk_Swibno,2009,6,7,0.1500000000000004,16.4
54.3364222775687,18.9357671710981,Gdansk_Swibno,2009,6,8,0.05999999999999961,15.9
54.3364222775687,18.9357671710981,Gdansk_Swibno,2009,6,9,0.01999999999999957,16.1
54.3364222775687,18.9357671710981,Gdansk_Swibno,2009,6,10,0.03000000000000025,16.8
54.3364222775687,18.9357671710981,Gdansk_Swibno,2009,6,11,-0.02000000000000046,17.0
54.3364222775687,18.9357671710981,Gdansk_Swibno,2009,6,12,0.1200000000000001,17.8
54.3364222775687,18.9357671710981,Gdansk_Swibno,2009,6,13,0.1500000000000004,17.5
54.3364222775687,18.9357671710981,Gdansk_Swibno,2009,6,14,0.1799999999999997,17.7
54.3364222775687,18.9357671710981,Gdansk_Swibno,2009,6,15,0.1299999999999999,18.0
54.3364222775687,18.9357671710981,Gdansk_Swibno,2009,6,16,0.1899999999999995,18.2
54.3364222775687,18.9357671710981,Gdansk_Swibno,2009,6,17,0.1899999999999995,17.6
54.3364222775687,18.9357671710981,Gdansk_Swibno,2009,6,18,0.09999999999999964,17.7
54.3364222775687,18.9357671710981,Gdansk_Swibno,2009,6,19,0.1200000000000001,17.9
54.3364222775687,18.9357671710981,Gdansk_Swibno,2009,6,20,0.1500000000000004,18.3
54.3364222775687,18.9357671710981,Gdansk_Swibno,2009,6,21,0.2000000000000002,18.4
54.3364222775687,18.9357671710981,Gdansk_Swibno,2009,6,22,0.2400000000000002,18.6
54.3364222775687,18.9357671710981,Gdansk_Swibno,2009,6,23,0.2999999999999998,18.5
54.3364222775687,18.9357671710981,Gdansk_Swibno,2009,6,24,0.3099999999999996,18.7
54.3364222775687,18.9357671710981,Gdansk_Swibno,2009,6,25,0.2400000000000002,18.7
54.3364222775687,18.9357671710981,Gdansk_Swibno,2009,6,26,0.1799999999999997,18.8
54.3364222775687,18.9357671710981,Gdansk_Swibno,2009,6,27,0.1399999999999997,19.0
54.3364222775687,18.9357671710981,Gdansk_Swibno,2009,6,28,0.1200000000000001,19.1
54.3364222775687,18.9357671710981,Gdansk_Swibno,2009,6,29,0.1600000000000001,19.3
54.3364222775687,18.9357671710981,Gdansk_Swibno,2009,6,30,0.2599999999999998,20.1
54.3364222775687,18.9357671710981,Gdansk_Swibno,2009,7,1,0.4000000000000004,21.2
54.3364222775687,18.9357671710981,Gdansk_Swibno,2009,7,2,0.4799999999999995,22.3
54.3364222775687,18.9357671710981,Gdansk_Swibno,2009,7,3,0.4900000000000002,22.5
54.3364222775687,18.9357671710981,Gdansk_Swibno,2009,7,4,0.4699999999999998,22.7
54.3364222775687,18.9357671710981,Gdansk_Swibno,2009,7,5,0.5099999999999998,22.9
54.3364222775687,18.9357671710981,Gdansk_Swibno,2009,7,6,0.4799999999999995,22.3
54.3364222775687,18.9357671710981,Gdansk_Swibno,2009,7,7,0.4000000000000004,22.6
54.3364222775687,18.9357671710981,Gdansk_Swibno,2009,7,8,0.3700000000000001,22.8
54.3364222775687,18.9357671710981,Gdansk_Swibno,2009,7,9,0.3600000000000003,22.4
54.3364222775687,18.9357671710981,Gdansk_Swibno,2009,7,10,0.3200000000000003,22.1
54.3364222775687,18.9357671710981,Gdansk_Swibno,2009,7,11,0.3499999999999996,21.4
54.3364222775687,18.9357671710981,Gdansk_Swibno,2009,7,12,0.29,20.9
54.3364222775687,18.9357671710981,Gdansk_Swibno,2009,7,13,0.2599999999999998,20.7
54.3364222775687,18.9357671710981,Gdansk_Swibno,2009,7,14,0.2400000000000002,21.0
54.3364222775687,18.9357671710981,Gdansk_Swibno,2009,7,15,0.2400000000000002,22.3
54.3364222775687,18.9357671710981,Gdansk_Swibno,2009,7,16,0.2199999999999998,23.1
54.3364222775687,18.9357671710981,Gdansk_Swibno,2009,7,17,0.2000000000000002,23.0
54.3364222775687,18.9357671710981,Gdansk_Swibno,2009,7,18,0.2400000000000002,23.5
54.3364222775687,18.9357671710981,Gdansk_Swibno,2009,7,19,0.2400000000000002,23.7
54.3364222775687,18.9357671710981,Gdansk_Swibno,2009,7,20,0.1699999999999999,21.9
54.3364222775687,18.9357671710981,Gdansk_Swibno,2009,7,21,0.1799999999999997,21.4
54.3364222775687,18.9357671710981,Gdansk_Swibno,2009,7,22,0.2199999999999998,21.5
54.3364222775687,18.9357671710981,Gdansk_Swibno,2009,7,23,0.21,22.0
54.3364222775687,18.9357671710981,Gdansk_Swibno,2009,7,24,0.1799999999999997,22.7
54.3364222775687,18.9357671710981,Gdansk_Swibno,2009,7,25,0.1500000000000004,22.4
54.3364222775687,18.9357671710981,Gdansk_Swibno,2009,7,26,0.2199999999999998,21.9
54.3364222775687,18.9357671710981,Gdansk_Swibno,2009,7,27,0.2000000000000002,21.1
54.3364222775687,18.9357671710981,Gdansk_Swibno,2009,7,28,0.2000000000000002,21.1
54.3364222775687,18.9357671710981,Gdansk_Swibno,2009,7,29,0.1799999999999997,21.3
54.3364222775687,18.9357671710981,Gdansk_Swibno,2009,7,30,0.2000000000000002,21.2
54.3364222775687,18.9357671710981,Gdansk_Swibno,2009,7,31,0.1500000000000004,21.8
54.3364222775687,18.9357671710981,Gdansk_Swibno,2009,8,1,0.1399999999999997,21.5
54.3364222775687,18.9357671710981,Gdansk_Swibno,2009,8,2,0.1699999999999999,21.7
54.3364222775687,18.9357671710981,Gdansk_Swibno,2009,8,3,0.2199999999999998,22.2
54.3364222775687,18.9357671710981,Gdansk_Swibno,2009,8,4,0.2199999999999998,22.0
54.3364222775687,18.9357671710981,Gdansk_Swibno,2009,8,5,0.2000000000000002,22.1
54.3364222775687,18.9357671710981,Gdansk_Swibno,2009,8,6,0.1600000000000001,22.3
54.3364222775687,18.9357671710981,Gdansk_Swibno,2009,8,7,0.1200000000000001,22.5
54.3364222775687,18.9357671710981,Gdansk_Swibno,2009,8,8,0.07000000000000028,21.8
54.3364222775687,18.9357671710981,Gdansk_Swibno,2009,8,9,0.01999999999999957,22.5
54.3364222775687,18.9357671710981,Gdansk_Swibno,2009,8,10,-0.04000000000000004,21.4
54.3364222775687,18.9357671710981,Gdansk_Swibno,2009,8,11,-0.02000000000000046,21.9
54.3364222775687,18.9357671710981,Gdansk_Swibno,2009,8,12,0.01999999999999957,21.4
54.3364222775687,18.9357671710981,Gdansk_Swibno,2009,8,13,0.1399999999999997,20.6
54.3364222775687,18.9357671710981,Gdansk_Swibno,2009,8,14,0.2000000000000002,19.6
54.3364222775687,18.9357671710981,Gdansk_Swibno,2009,8,15,0.1200000000000001,18.8
54.3364222775687,18.9357671710981,Gdansk_Swibno,2009,8,16,0.03000000000000025,19.1
54.3364222775687,18.9357671710981,Gdansk_Swibno,2009,8,17,0.1100000000000003,19.7
54.3364222775687,18.9357671710981,Gdansk_Swibno,2009,8,18,0.2400000000000002,20.2
54.3364222775687,18.9357671710981,Gdansk_Swibno,2009,8,19,0.29,20.0
54.3364222775687,18.9357671710981,Gdansk_Swibno,2009,8,20,0.1399999999999997,18.9
54.3364222775687,18.9357671710981,Gdansk_Swibno,2009,8,21,0.05999999999999961,20.7
54.3364222775687,18.9357671710981,Gdansk_Swibno,2009,8,22,0.1200000000000001,22.0
54.3364222775687,18.9357671710981,Gdansk_Swibno,2009,8,23,0.1200000000000001,21.8
54.3364222775687,18.9357671710981,Gdansk_Swibno,2009,8,24,0.08000000000000007,20.8
54.3364222775687,18.9357671710981,Gdansk_Swibno,2009,8,25,0.03000000000000025,20.1
54.3364222775687,18.9357671710981,Gdansk_Swibno,2009,8,26,0.04999999999999982,20.9
54.3364222775687,18.9357671710981,Gdansk_Swibno,2009,8,27,0.01999999999999957,20.7
54.3364222775687,18.9357671710981,Gdansk_Swibno,2009,8,28,0.03000000000000025,20.8
54.3364222775687,18.9357671710981,Gdansk_Swibno,2009,8,29,0.05999999999999961,21.4
54.3364222775687,18.9357671710981,Gdansk_Swibno,2009,8,30,0.08999999999999986,20.5
54.3364222775687,18.9357671710981,Gdansk_Swibno,2009,8,31,0.07000000000000028,20.1
54.3364222775687,18.9357671710981,Gdansk_Swibno,2009,9,1,0.04000000000000004,19.6
54.3364222775687,18.9357671710981,Gdansk_Swibno,2009,9,2,0.04000000000000004,19.8
54.3364222775687,18.9357671710981,Gdansk_Swibno,2009,9,3,0.09999999999999964,19.5
54.3364222775687,18.9357671710981,Gdansk_Swibno,2009,9,4,0.03000000000000025,19.3
54.3364222775687,18.9357671710981,Gdansk_Swibno,2009,9,5,0.09999999999999964,18.9
54.3364222775687,18.9357671710981,Gdansk_Swibno,2009,9,6,0.2400000000000002,18.5
54.3364222775687,18.9357671710981,Gdansk_Swibno,2009,9,7,0.21,18.0
54.3364222775687,18.9357671710981,Gdansk_Swibno,2009,9,8,0.1399999999999997,18.1
54.3364222775687,18.9357671710981,Gdansk_Swibno,2009,9,9,0.07000000000000028,17.8
54.3364222775687,18.9357671710981,Gdansk_Swibno,2009,9,10,0.2400000000000002,18.4
54.3364222775687,18.9357671710981,Gdansk_Swibno,2009,9,11,0.2699999999999996,18.4
54.3364222775687,18.9357671710981,Gdansk_Swibno,2009,9,12,0.2199999999999998,18.0
54.3364222775687,18.9357671710981,Gdansk_Swibno,2009,9,13,0.2400000000000002,17.8
54.3364222775687,18.9357671710981,Gdansk_Swibno,2009,9,14,0.29,16.5
54.3364222775687,18.9357671710981,Gdansk_Swibno,2009,9,15,0.21,17.3
54.3364222775687,18.9357671710981,Gdansk_Swibno,2009,9,16,0.1299999999999999,17.0
54.3364222775687,18.9357671710981,Gdansk_Swibno,2009,9,17,0.1799999999999997,16.5
54.3364222775687,18.9357671710981,Gdansk_Swibno,2009,9,18,0.1100000000000003,16.7
54.3364222775687,18.9357671710981,Gdansk_Swibno,2009,9,19,0.03000000000000025,16.2
54.3364222775687,18.9357671710981,Gdansk_Swibno,2009,9,20,0.0,15.8
54.3364222775687,18.9357671710981,Gdansk_Swibno,2009,9,21,0.04000000000000004,15.6
54.3364222775687,18.9357671710981,Gdansk_Swibno,2009,9,22,-0.02000000000000046,15.5
54.3364222775687,18.9357671710981,Gdansk_Swibno,2009,9,23,0.04000000000000004,16.2
54.3364222775687,18.9357671710981,Gdansk_Swibno,2009,9,24,0.1699999999999999,16.0
54.3364222775687,18.9357671710981,Gdansk_Swibno,2009,9,25,0.2299999999999995,15.4
54.3364222775687,18.9357671710981,Gdansk_Swibno,2009,9,26,0.1899999999999995,15.2
54.3364222775687,18.9357671710981,Gdansk_Swibno,2009,9,27,0.1500000000000004,15.0
54.3364222775687,18.9357671710981,Gdansk_Swibno,2009,9,28,0.2299999999999995,14.6
54.3364222775687,18.9357671710981,Gdansk_Swibno,2009,9,29,0.4100000000000001,14.0
54.3364222775687,18.9357671710981,Gdansk_Swibno,2009,9,30,0.3600000000000003,13.1
54.3364222775687,18.9357671710981,Gdansk_Swibno,2009,10,1,0.4199999999999999,12.8
54.3364222775687,18.9357671710981,Gdansk_Swibno,2009,10,2,0.4299999999999997,12.5
54.3364222775687,18.9357671710981,Gdansk_Swibno,2009,10,3,0.2599999999999998,11.0
54.3364222775687,18.9357671710981,Gdansk_Swibno,2009,10,4,0.25,10.5
54.3364222775687,18.9357671710981,Gdansk_Swibno,2009,10,5,0.5099999999999998,10.6
54.3364222775687,18.9357671710981,Gdansk_Swibno,2009,10,6,0.3700000000000001,9.8
54.3364222775687,18.9357671710981,Gdansk_Swibno,2009,10,7,0.1899999999999995,11.6
54.3364222775687,18.9357671710981,Gdansk_Swibno,2009,10,8,0.3799999999999999,12.1
54.3364222775687,18.9357671710981,Gdansk_Swibno,2009,10,9,0.4699999999999998,11.4
54.3364222775687,18.9357671710981,Gdansk_Swibno,2009,10,10,0.3499999999999996,10.1
54.3364222775687,18.9357671710981,Gdansk_Swibno,2009,10,11,0.3700000000000001,10.0
54.3364222775687,18.9357671710981,Gdansk_Swibno,2009,10,12,0.5300000000000002,9.5
54.3364222775687,18.9357671710981,Gdansk_Swibno,2009,10,13,0.71,9.2
54.3364222775687,18.9357671710981,Gdansk_Swibno,2009,10,14,1.17,9.0
54.3364222775687,18.9357671710981,Gdansk_Swibno,2009,10,15,0.6899999999999995,8.7
54.3364222775687,18.9357671710981,Gdansk_Swibno,2009,10,16,0.2000000000000002,7.6
54.3364222775687,18.9357671710981,Gdansk_Swibno,2009,10,17,0.29,6.6
54.3364222775687,18.9357671710981,Gdansk_Swibno,2009,10,18,0.25,5.7
54.3364222775687,18.9357671710981,Gdansk_Swibno,2009,10,19,0.1200000000000001,5.9
54.3364222775687,18.9357671710981,Gdansk_Swibno,2009,10,20,0.1299999999999999,5.5
54.3364222775687,18.9357671710981,Gdansk_Swibno,2009,10,21,0.1899999999999995,6.5
54.3364222775687,18.9357671710981,Gdansk_Swibno,2009,10,22,0.1500000000000004,6.1
54.3364222775687,18.9357671710981,Gdansk_Swibno,2009,10,23,0.1399999999999997,6.9
54.3364222775687,18.9357671710981,Gdansk_Swibno,2009,10,24,0.1200000000000001,7.3
54.3364222775687,18.9357671710981,Gdansk_Swibno,2009,10,25,0.04000000000000004,7.3
54.3364222775687,18.9357671710981,Gdansk_Swibno,2009,10,26,-0.009999999999999787,7.4
54.3364222775687,18.9357671710981,Gdansk_Swibno,2009,10,27,0.1100000000000003,8.9
54.3364222775687,18.9357671710981,Gdansk_Swibno,2009,10,28,0.21,8.6
54.3364222775687,18.9357671710981,Gdansk_Swibno,2009,10,29,0.2299999999999995,8.0
54.3364222775687,18.9357671710981,Gdansk_Swibno,2009,10,30,0.08999999999999986,7.1
54.3364222775687,18.9357671710981,Gdansk_Swibno,2009,10,31,0.04000000000000004,7.0
54.3364222775687,18.9357671710981,Gdansk_Swibno,2009,11,1,-0.08999999999999986,6.7
54.3364222775687,18.9357671710981,Gdansk_Swibno,2009,11,2,-0.29,5.1
54.3364222775687,18.9357671710981,Gdansk_Swibno,2009,11,3,-0.2800000000000002,4.8
54.3364222775687,18.9357671710981,Gdansk_Swibno,2009,11,4,-0.29,3.9
54.3364222775687,18.9357671710981,Gdansk_Swibno,2009,11,5,-0.1799999999999997,3.5
54.3364222775687,18.9357671710981,Gdansk_Swibno,2009,11,6,-0.1699999999999999,3.8
54.3364222775687,18.9357671710981,Gdansk_Swibno,2009,11,7,-0.1500000000000004,4.9
54.3364222775687,18.9357671710981,Gdansk_Swibno,2009,11,8,-0.1100000000000003,4.7
54.3364222775687,18.9357671710981,Gdansk_Swibno,2009,11,9,-0.0600000000000005,4.4
54.3364222775687,18.9357671710981,Gdansk_Swibno,2009,11,10,-0.09999999999999964,4.7
54.3364222775687,18.9357671710981,Gdansk_Swibno,2009,11,11,-0.02000000000000046,5.6
54.3364222775687,18.9357671710981,Gdansk_Swibno,2009,11,12,-0.009999999999999787,5.7
54.3364222775687,18.9357671710981,Gdansk_Swibno,2009,11,13,-0.1399999999999997,5.3
54.3364222775687,18.9357671710981,Gdansk_Swibno,2009,11,14,-0.29,4.9
54.3364222775687,18.9357671710981,Gdansk_Swibno,2009,11,15,-0.2999999999999998,5.3
54.3364222775687,18.9357671710981,Gdansk_Swibno,2009,11,16,-0.2300000000000004,5.8
54.3364222775687,18.9357671710981,Gdansk_Swibno,2009,11,17,-0.1600000000000001,6.1
54.3364222775687,18.9357671710981,Gdansk_Swibno,2009,11,18,-0.07000000000000028,6.3
54.3364222775687,18.9357671710981,Gdansk_Swibno,2009,11,19,0.1799999999999997,6.7
54.3364222775687,18.9357671710981,Gdansk_Swibno,2009,11,20,0.3200000000000003,6.9
54.3364222775687,18.9357671710981,Gdansk_Swibno,2009,11,21,0.46,7.1
54.3364222775687,18.9357671710981,Gdansk_Swibno,2009,11,22,0.3600000000000003,6.8
54.3364222775687,18.9357671710981,Gdansk_Swibno,2009,11,23,0.1799999999999997,6.4
54.3364222775687,18.9357671710981,Gdansk_Swibno,2009,11,24,0.3200000000000003,6.5
54.3364222775687,18.9357671710981,Gdansk_Swibno,2009,11,25,0.3200000000000003,6.9
54.3364222775687,18.9357671710981,Gdansk_Swibno,2009,11,26,0.2800000000000002,7.2
54.3364222775687,18.9357671710981,Gdansk_Swibno,2009,11,27,0.2400000000000002,6.9
54.3364222775687,18.9357671710981,Gdansk_Swibno,2009,11,28,0.29,6.8
54.3364222775687,18.9357671710981,Gdansk_Swibno,2009,11,29,0.3099999999999996,6.5
54.3364222775687,18.9357671710981,Gdansk_Swibno,2009,11,30,0.2400000000000002,6.2
54.3364222775687,18.9357671710981,Gdansk_Swibno,2010,5,1,0.1799999999999997,12.8
54.3364222775687,18.9357671710981,Gdansk_Swibno,2010,5,2,0.2400000000000002,13.2
54.3364222775687,18.9357671710981,Gdansk_Swibno,2010,5,3,0.3099999999999996,13.5
54.3364222775687,18.9357671710981,Gdansk_Swibno,2010,5,4,0.29,13.0
54.3364222775687,18.9357671710981,Gdansk_Swibno,2010,5,5,0.25,13.0
54.3364222775687,18.9357671710981,Gdansk_Swibno,2010,5,6,0.2400000000000002,13.7
54.3364222775687,18.9357671710981,Gdansk_Swibno,2010,5,7,0.3200000000000003,13.6
54.3364222775687,18.9357671710981,Gdansk_Swibno,2010,5,8,0.2199999999999998,13.7
54.3364222775687,18.9357671710981,Gdansk_Swibno,2010,5,9,0.1299999999999999,13.9
54.3364222775687,18.9357671710981,Gdansk_Swibno,2010,5,10,0.1799999999999997,14.1
54.3364222775687,18.9357671710981,Gdansk_Swibno,2010,5,11,0.1899999999999995,14.1
54.3364222775687,18.9357671710981,Gdansk_Swibno,2010,5,12,0.2299999999999995,14.7
54.3364222775687,18.9357671710981,Gdansk_Swibno,2010,5,13,0.3200000000000003,15.5
54.3364222775687,18.9357671710981,Gdansk_Swibno,2010,5,14,0.3499999999999996,15.8
54.3364222775687,18.9357671710981,Gdansk_Swibno,2010,5,15,0.3799999999999999,15.2
54.3364222775687,18.9357671710981,Gdansk_Swibno,2010,5,16,0.46,14.4
54.3364222775687,18.9357671710981,Gdansk_Swibno,2010,5,17,0.5099999999999998,14.2
54.3364222775687,18.9357671710981,Gdansk_Swibno,2010,5,18,0.4900000000000002,14.0
54.3364222775687,18.9357671710981,Gdansk_Swibno,2010,5,19,0.5199999999999996,14.3
54.3364222775687,18.9357671710981,Gdansk_Swibno,2010,5,20,0.6500000000000004,14.6
54.3364222775687,18.9357671710981,Gdansk_Swibno,2010,5,21,0.7800000000000002,14.7
54.3364222775687,18.9357671710981,Gdansk_Swibno,2010,5,22,0.8099999999999996,14.9
54.3364222775687,18.9357671710981,Gdansk_Swibno,2010,5,23,0.9900000000000002,15.8
54.3364222775687,18.9357671710981,Gdansk_Swibno,2010,5,24,1.49,16.2
54.3364222775687,18.9357671710981,Gdansk_Swibno,2010,5,25,1.55,16.4
54.3364222775687,18.9357671710981,Gdansk_Swibno,2010,5,26,1.39,16.1
54.3364222775687,18.9357671710981,Gdansk_Swibno,2010,5,27,1.35,16.3
54.3364222775687,18.9357671710981,Gdansk_Swibno,2010,5,28,1.36,15.4
54.3364222775687,18.9357671710981,Gdansk_Swibno,2010,5,29,1.26,15.5
54.3364222775687,18.9357671710981,Gdansk_Swibno,2010,5,30,1.32,16.1
54.3364222775687,18.9357671710981,Gdansk_Swibno,2010,5,31,1.49,16.2
54.3364222775687,18.9357671710981,Gdansk_Swibno,2010,6,1,1.59,16.3
54.3364222775687,18.9357671710981,Gdansk_Swibno,2010,6,2,1.51,16.0
54.3364222775687,18.9357671710981,Gdansk_Swibno,2010,6,3,1.44,15.9
54.3364222775687,18.9357671710981,Gdansk_Swibno,2010,6,4,1.35,16.2
54.3364222775687,18.9357671710981,Gdansk_Swibno,2010,6,5,1.22,16.6
54.3364222775687,18.9357671710981,Gdansk_Swibno,2010,6,6,1.13,17.1
54.3364222775687,18.9357671710981,Gdansk_Swibno,2010,6,7,1.09,18.5
54.3364222775687,18.9357671710981,Gdansk_Swibno,2010,6,8,1.11,19.3
54.3364222775687,18.9357671710981,Gdansk_Swibno,2010,6,9,1.3,19.2
54.3364222775687,18.9357671710981,Gdansk_Swibno,2010,6,10,1.65,20.2
54.3364222775687,18.9357671710981,Gdansk_Swibno,2010,6,11,1.97,21.4
54.3364222775687,18.9357671710981,Gdansk_Swibno,2010,6,12,1.87,21.8
54.3364222775687,18.9357671710981,Gdansk_Swibno,2010,6,13,1.65,21.8
54.3364222775687,18.9357671710981,Gdansk_Swibno,2010,6,14,1.62,18.0
54.3364222775687,18.9357671710981,Gdansk_Swibno,2010,6,15,1.62,17.8
54.3364222775687,18.9357671710981,Gdansk_Swibno,2010,6,16,1.58,17.2
54.3364222775687,18.9357671710981,Gdansk_Swibno,2010,6,17,1.26,16.9
54.3364222775687,18.9357671710981,Gdansk_Swibno,2010,6,18,0.8099999999999996,19.7
54.3364222775687,18.9357671710981,Gdansk_Swibno,2010,6,19,0.5599999999999996,20.1
54.3364222775687,18.9357671710981,Gdansk_Swibno,2010,6,20,0.4699999999999998,20.9
54.3364222775687,18.9357671710981,Gdansk_Swibno,2010,6,21,0.4699999999999998,20.8
54.3364222775687,18.9357671710981,Gdansk_Swibno,2010,6,22,0.4299999999999997,20.0
54.3364222775687,18.9357671710981,Gdansk_Swibno,2010,6,23,0.4100000000000001,20.2
54.3364222775687,18.9357671710981,Gdansk_Swibno,2010,6,24,0.3600000000000003,20.6
54.3364222775687,18.9357671710981,Gdansk_Swibno,2010,6,25,0.2199999999999998,19.9
54.3364222775687,18.9357671710981,Gdansk_Swibno,2010,6,26,0.2599999999999998,19.6
54.3364222775687,18.9357671710981,Gdansk_Swibno,2010,6,27,0.3200000000000003,19.8
54.3364222775687,18.9357671710981,Gdansk_Swibno,2010,6,28,0.3099999999999996,20.9
54.3364222775687,18.9357671710981,Gdansk_Swibno,2010,6,29,0.29,21.0
54.3364222775687,18.9357671710981,Gdansk_Swibno,2010,6,30,0.2400000000000002,20.6
54.3364222775687,18.9357671710981,Gdansk_Swibno,2010,7,1,0.2199999999999998,22.1
54.3364222775687,18.9357671710981,Gdansk_Swibno,2010,7,2,0.2199999999999998,21.5
54.3364222775687,18.9357671710981,Gdansk_Swibno,2010,7,3,0.2000000000000002,21.1
54.3364222775687,18.9357671710981,Gdansk_Swibno,2010,7,4,0.1699999999999999,21.7
54.3364222775687,18.9357671710981,Gdansk_Swibno,2010,7,5,0.1100000000000003,21.6
54.3364222775687,18.9357671710981,Gdansk_Swibno,2010,7,6,0.2000000000000002,22.2
54.3364222775687,18.9357671710981,Gdansk_Swibno,2010,7,7,0.2599999999999998,22.0
54.3364222775687,18.9357671710981,Gdansk_Swibno,2010,7,8,0.1899999999999995,22.3
54.3364222775687,18.9357671710981,Gdansk_Swibno,2010,7,9,0.1299999999999999,22.0
54.3364222775687,18.9357671710981,Gdansk_Swibno,2010,7,10,0.1100000000000003,22.0
54.3364222775687,18.9357671710981,Gdansk_Swibno,2010,7,11,0.1100000000000003,23.8
54.3364222775687,18.9357671710981,Gdansk_Swibno,2010,7,12,0.09999999999999964,24.7
54.3364222775687,18.9357671710981,Gdansk_Swibno,2010,7,13,0.1200000000000001,24.8
54.3364222775687,18.9357671710981,Gdansk_Swibno,2010,7,14,0.09999999999999964,25.2
54.3364222775687,18.9357671710981,Gdansk_Swibno,2010,7,15,0.1299999999999999,24.6
54.3364222775687,18.9357671710981,Gdansk_Swibno,2010,7,16,0.08000000000000007,24.8
54.3364222775687,18.9357671710981,Gdansk_Swibno,2010,7,17,0.08000000000000007,24.8
54.3364222775687,18.9357671710981,Gdansk_Swibno,2010,7,18,0.1399999999999997,24.6
54.3364222775687,18.9357671710981,Gdansk_Swibno,2010,7,19,0.08000000000000007,24.4
54.3364222775687,18.9357671710981,Gdansk_Swibno,2010,7,20,0.01999999999999957,24.2
54.3364222775687,18.9357671710981,Gdansk_Swibno,2010,7,21,-0.009999999999999787,25.0
54.3364222775687,18.9357671710981,Gdansk_Swibno,2010,7,22,-0.02000000000000046,25.1
54.3364222775687,18.9357671710981,Gdansk_Swibno,2010,7,23,0.1200000000000001,25.0
54.3364222775687,18.9357671710981,Gdansk_Swibno,2010,7,24,0.2400000000000002,24.8
54.3364222775687,18.9357671710981,Gdansk_Swibno,2010,7,25,0.1600000000000001,23.9
54.3364222775687,18.9357671710981,Gdansk_Swibno,2010,7,26,0.1600000000000001,23.4
54.3364222775687,18.9357671710981,Gdansk_Swibno,2010,7,27,0.1699999999999999,21.7
54.3364222775687,18.9357671710981,Gdansk_Swibno,2010,7,28,0.2699999999999996,21.2
54.3364222775687,18.9357671710981,Gdansk_Swibno,2010,7,29,0.2000000000000002,20.5
54.3364222775687,18.9357671710981,Gdansk_Swibno,2010,7,30,0.1299999999999999,20.2
54.3364222775687,18.9357671710981,Gdansk_Swibno,2010,7,31,0.07000000000000028,20.5
54.3364222775687,18.9357671710981,Gdansk_Swibno,2010,8,1,0.1299999999999999,20.8
54.3364222775687,18.9357671710981,Gdansk_Swibno,2010,8,2,0.2199999999999998,21.7
54.3364222775687,18.9357671710981,Gdansk_Swibno,2010,8,3,0.3399999999999999,22.0
54.3364222775687,18.9357671710981,Gdansk_Swibno,2010,8,4,0.4900000000000002,21.6
54.3364222775687,18.9357671710981,Gdansk_Swibno,2010,8,5,0.6699999999999999,21.0
54.3364222775687,18.9357671710981,Gdansk_Swibno,2010,8,6,0.8200000000000003,21.5
54.3364222775687,18.9357671710981,Gdansk_Swibno,2010,8,7,0.8399999999999999,21.9
54.3364222775687,18.9357671710981,Gdansk_Swibno,2010,8,8,0.5899999999999999,21.8
54.3364222775687,18.9357671710981,Gdansk_Swibno,2010,8,9,0.4199999999999999,21.3
54.3364222775687,18.9357671710981,Gdansk_Swibno,2010,8,10,0.29,21.5
54.3364222775687,18.9357671710981,Gdansk_Swibno,2010,8,11,0.29,21.2
54.3364222775687,18.9357671710981,Gdansk_Swibno,2010,8,12,0.2400000000000002,21.7
54.3364222775687,18.9357671710981,Gdansk_Swibno,2010,8,13,0.2299999999999995,22.3
54.3364222775687,18.9357671710981,Gdansk_Swibno,2010,8,14,0.2199999999999998,23.3
54.3364222775687,18.9357671710981,Gdansk_Swibno,2010,8,15,0.2199999999999998,24.0
54.3364222775687,18.9357671710981,Gdansk_Swibno,2010,8,16,0.2299999999999995,23.3
54.3364222775687,18.9357671710981,Gdansk_Swibno,2010,8,17,0.1299999999999999,23.2
54.3364222775687,18.9357671710981,Gdansk_Swibno,2010,8,18,0.1200000000000001,22.0
54.3364222775687,18.9357671710981,Gdansk_Swibno,2010,8,19,0.1799999999999997,21.2
54.3364222775687,18.9357671710981,Gdansk_Swibno,2010,8,20,0.1799999999999997,20.1
54.3364222775687,18.9357671710981,Gdansk_Swibno,2010,8,21,0.04999999999999982,20.0
54.3364222775687,18.9357671710981,Gdansk_Swibno,2010,8,22,0.05999999999999961,20.6
54.3364222775687,18.9357671710981,Gdansk_Swibno,2010,8,23,0.1100000000000003,21.2
54.3364222775687,18.9357671710981,Gdansk_Swibno,2010,8,24,0.2000000000000002,21.4
54.3364222775687,18.9357671710981,Gdansk_Swibno,2010,8,25,0.2299999999999995,19.6
54.3364222775687,18.9357671710981,Gdansk_Swibno,2010,8,26,0.3300000000000001,19.8
54.3364222775687,18.9357671710981,Gdansk_Swibno,2010,8,27,0.3899999999999997,19.5
54.3364222775687,18.9357671710981,Gdansk_Swibno,2010,8,28,0.3899999999999997,19.4
54.3364222775687,18.9357671710981,Gdansk_Swibno,2010,8,29,0.29,19.0
54.3364222775687,18.9357671710981,Gdansk_Swibno,2010,8,30,0.2699999999999996,18.5
54.3364222775687,18.9357671710981,Gdansk_Swibno,2010,8,31,0.2800000000000002,18.0
54.3364222775687,18.9357671710981,Gdansk_Swibno,2010,9,1,0.3600000000000003,17.9
54.3364222775687,18.9357671710981,Gdansk_Swibno,2010,9,2,0.4900000000000002,18.2
54.3364222775687,18.9357671710981,Gdansk_Swibno,2010,9,3,0.5,18.0
54.3364222775687,18.9357671710981,Gdansk_Swibno,2010,9,4,0.2999999999999998,17.3
54.3364222775687,18.9357671710981,Gdansk_Swibno,2010,9,5,0.2299999999999995,17.0
54.3364222775687,18.9357671710981,Gdansk_Swibno,2010,9,6,0.2800000000000002,16.1
54.3364222775687,18.9357671710981,Gdansk_Swibno,2010,9,7,0.4000000000000004,15.4
54.3364222775687,18.9357671710981,Gdansk_Swibno,2010,9,8,0.54,15.2
54.3364222775687,18.9357671710981,Gdansk_Swibno,2010,9,9,0.7800000000000002,15.2
54.3364222775687,18.9357671710981,Gdansk_Swibno,2010,9,10,1.06,15.1
54.3364222775687,18.9357671710981,Gdansk_Swibno,2010,9,11,1.34,15.0
54.3364222775687,18.9357671710981,Gdansk_Swibno,2010,9,12,1.38,14.9
54.3364222775687,18.9357671710981,Gdansk_Swibno,2010,9,13,1.23,15.0
54.3364222775687,18.9357671710981,Gdansk_Swibno,2010,9,14,1.13,14.9
54.3364222775687,18.9357671710981,Gdansk_Swibno,2010,9,15,0.9299999999999997,14.8
54.3364222775687,18.9357671710981,Gdansk_Swibno,2010,9,16,0.6799999999999997,13.9
54.3364222775687,18.9357671710981,Gdansk_Swibno,2010,9,17,0.5499999999999998,13.5
54.3364222775687,18.9357671710981,Gdansk_Swibno,2010,9,18,0.5800000000000001,13.5
54.3364222775687,18.9357671710981,Gdansk_Swibno,2010,9,19,0.6299999999999999,13.0
54.3364222775687,18.9357671710981,Gdansk_Swibno,2010,9,20,0.5899999999999999,12.8
54.3364222775687,18.9357671710981,Gdansk_Swibno,2010,9,21,0.5599999999999996,13.2
54.3364222775687,18.9357671710981,Gdansk_Swibno,2010,9,22,0.5800000000000001,13.0
54.3364222775687,18.9357671710981,Gdansk_Swibno,2010,9,23,0.4100000000000001,12.5
54.3364222775687,18.9357671710981,Gdansk_Swibno,2010,9,24,0.3700000000000001,12.8
54.3364222775687,18.9357671710981,Gdansk_Swibno,2010,9,25,0.3899999999999997,13.0
54.3364222775687,18.9357671710981,Gdansk_Swibno,2010,9,26,0.4399999999999995,13.3
54.3364222775687,18.9357671710981,Gdansk_Swibno,2010,9,27,0.5199999999999996,13.7
54.3364222775687,18.9357671710981,Gdansk_Swibno,2010,9,28,0.71,13.5
54.3364222775687,18.9357671710981,Gdansk_Swibno,2010,9,29,0.5599999999999996,13.0
54.3364222775687,18.9357671710981,Gdansk_Swibno,2010,9,30,0.2699999999999996,12.6
54.3364222775687,18.9357671710981,Gdansk_Swibno,2010,10,1,0.1299999999999999,11.8
54.3364222775687,18.9357671710981,Gdansk_Swibno,2010,10,2,0.08000000000000007,11.6
54.3364222775687,18.9357671710981,Gdansk_Swibno,2010,10,3,-0.009999999999999787,11.8
54.3364222775687,18.9357671710981,Gdansk_Swibno,2010,10,4,-0.1500000000000004,12.0
54.3364222775687,18.9357671710981,Gdansk_Swibno,2010,10,5,-0.1500000000000004,11.8
54.3364222775687,18.9357671710981,Gdansk_Swibno,2010,10,6,-0.08000000000000007,11.6
54.3364222775687,18.9357671710981,Gdansk_Swibno,2010,10,7,-0.04999999999999982,11.0
54.3364222775687,18.9357671710981,Gdansk_Swibno,2010,10,8,0.04000000000000004,10.7
54.3364222775687,18.9357671710981,Gdansk_Swibno,2010,10,9,0.04000000000000004,10.1
54.3364222775687,18.9357671710981,Gdansk_Swibno,2010,10,10,0.01999999999999957,9.5
54.3364222775687,18.9357671710981,Gdansk_Swibno,2010,10,11,0.08999999999999986,9.7
54.3364222775687,18.9357671710981,Gdansk_Swibno,2010,10,12,0.1399999999999997,9.4
54.3364222775687,18.9357671710981,Gdansk_Swibno,2010,10,13,0.08999999999999986,9.2
54.3364222775687,18.9357671710981,Gdansk_Swibno,2010,10,14,0.08999999999999986,9.1
54.3364222775687,18.9357671710981,Gdansk_Swibno,2010,10,15,0.3300000000000001,9.1
54.3364222775687,18.9357671710981,Gdansk_Swibno,2010,10,16,0.08999999999999986,8.9
54.3364222775687,18.9357671710981,Gdansk_Swibno,2010,10,17,-0.02000000000000046,9.0
54.3364222775687,18.9357671710981,Gdansk_Swibno,2010,10,18,-0.1200000000000001,8.2
54.3364222775687,18.9357671710981,Gdansk_Swibno,2010,10,19,-0.1900000000000004,7.9
54.3364222775687,18.9357671710981,Gdansk_Swibno,2010,10,20,0.009999999999999787,8.4
54.3364222775687,18.9357671710981,Gdansk_Swibno,2010,10,21,0.3099999999999996,8.0
54.3364222775687,18.9357671710981,Gdansk_Swibno,2010,10,22,0.1100000000000003,7.7
54.3364222775687,18.9357671710981,Gdansk_Swibno,2010,10,23,0.04999999999999982,7.9
54.3364222775687,18.9357671710981,Gdansk_Swibno,2010,10,24,0.08999999999999986,7.4
54.3364222775687,18.9357671710981,Gdansk_Swibno,2010,10,25,0.21,7.6
54.3364222775687,18.9357671710981,Gdansk_Swibno,2010,10,26,0.29,7.2
54.3364222775687,18.9357671710981,Gdansk_Swibno,2010,10,27,0.1200000000000001,6.3
54.3364222775687,18.9357671710981,Gdansk_Swibno,2010,10,28,0.04000000000000004,6.6
54.3364222775687,18.9357671710981,Gdansk_Swibno,2010,10,29,0.1200000000000001,6.4
54.3364222775687,18.9357671710981,Gdansk_Swibno,2010,10,30,0.1299999999999999,6.7
54.3364222775687,18.9357671710981,Gdansk_Swibno,2010,10,31,0.1399999999999997,6.4
54.3364222775687,18.9357671710981,Gdansk_Swibno,2010,11,1,0.2000000000000002,6.6
54.3364222775687,18.9357671710981,Gdansk_Swibno,2010,11,2,0.2000000000000002,6.7
54.3364222775687,18.9357671710981,Gdansk_Swibno,2010,11,3,0.07000000000000028,6.9
54.3364222775687,18.9357671710981,Gdansk_Swibno,2010,11,4,0.1699999999999999,6.9
54.3364222775687,18.9357671710981,Gdansk_Swibno,2010,11,5,0.3200000000000003,7.0
54.3364222775687,18.9357671710981,Gdansk_Swibno,2010,11,6,0.3600000000000003,7.6
54.3364222775687,18.9357671710981,Gdansk_Swibno,2010,11,7,0.3300000000000001,7.9
54.3364222775687,18.9357671710981,Gdansk_Swibno,2010,11,8,0.3799999999999999,7.8
54.3364222775687,18.9357671710981,Gdansk_Swibno,2010,11,9,0.4900000000000002,8.0
54.3364222775687,18.9357671710981,Gdansk_Swibno,2010,11,10,0.2999999999999998,7.7
54.3364222775687,18.9357671710981,Gdansk_Swibno,2010,11,11,0.2699999999999996,7.6
54.3364222775687,18.9357671710981,Gdansk_Swibno,2010,11,12,0.2400000000000002,7.4
54.3364222775687,18.9357671710981,Gdansk_Swibno,2010,11,13,0.3099999999999996,7.6
54.3364222775687,18.9357671710981,Gdansk_Swibno,2010,11,14,0.3700000000000001,7.5
54.3364222775687,18.9357671710981,Gdansk_Swibno,2010,11,15,0.3700000000000001,7.7
54.3364222775687,18.9357671710981,Gdansk_Swibno,2010,11,16,0.4699999999999998,7.9
54.3364222775687,18.9357671710981,Gdansk_Swibno,2010,11,17,0.5,7.8
54.3364222775687,18.9357671710981,Gdansk_Swibno,2010,11,18,0.4900000000000002,6.8
54.3364222775687,18.9357671710981,Gdansk_Swibno,2010,11,19,0.4699999999999998,6.7
54.3364222775687,18.9357671710981,Gdansk_Swibno,2010,11,20,0.4199999999999999,6.4
54.3364222775687,18.9357671710981,Gdansk_Swibno,2010,11,21,0.3700000000000001,6.2
54.3364222775687,18.9357671710981,Gdansk_Swibno,2010,11,22,0.3200000000000003,6.4
54.3364222775687,18.9357671710981,Gdansk_Swibno,2010,11,23,0.4399999999999995,6.5
54.3364222775687,18.9357671710981,Gdansk_Swibno,2010,11,24,0.6200000000000001,6.3
54.3364222775687,18.9357671710981,Gdansk_Swibno,2010,11,25,0.5700000000000003,6.1
54.3364222775687,18.9357671710981,Gdansk_Swibno,2010,11,26,0.4100000000000001,5.9
54.3364222775687,18.9357671710981,Gdansk_Swibno,2010,11,27,0.3399999999999999,5.5
54.3364222775687,18.9357671710981,Gdansk_Swibno,2010,11,28,0.29,5.1
54.3364222775687,18.9357671710981,Gdansk_Swibno,2010,11,29,0.4299999999999997,4.1
54.3364222775687,18.9357671710981,Gdansk_Swibno,2010,11,30,0.4100000000000001,2.7
54.3364222775687,18.9357671710981,Gdansk_Swibno,2011,5,1,0.1799999999999997,14.6
54.3364222775687,18.9357671710981,Gdansk_Swibno,2011,5,2,0.1299999999999999,14.0
54.3364222775687,18.9357671710981,Gdansk_Swibno,2011,5,3,0.08000000000000007,13.9
54.3364222775687,18.9357671710981,Gdansk_Swibno,2011,5,4,0.04000000000000004,13.4
54.3364222775687,18.9357671710981,Gdansk_Swibno,2011,5,5,0.01999999999999957,12.8
54.3364222775687,18.9357671710981,Gdansk_Swibno,2011,5,6,0.01999999999999957,12.5
54.3364222775687,18.9357671710981,Gdansk_Swibno,2011,5,7,0.01999999999999957,12.6
54.3364222775687,18.9357671710981,Gdansk_Swibno,2011,5,8,0.01999999999999957,12.9
54.3364222775687,18.9357671710981,Gdansk_Swibno,2011,5,9,-0.04000000000000004,14.0
54.3364222775687,18.9357671710981,Gdansk_Swibno,2011,5,10,-0.04999999999999982,14.5
54.3364222775687,18.9357671710981,Gdansk_Swibno,2011,5,11,-0.03000000000000025,15.4
54.3364222775687,18.9357671710981,Gdansk_Swibno,2011,5,12,-0.07000000000000028,16.1
54.3364222775687,18.9357671710981,Gdansk_Swibno,2011,5,13,-0.009999999999999787,16.6
54.3364222775687,18.9357671710981,Gdansk_Swibno,2011,5,14,0.0,16.8
54.3364222775687,18.9357671710981,Gdansk_Swibno,2011,5,15,0.009999999999999787,16.6
54.3364222775687,18.9357671710981,Gdansk_Swibno,2011,5,16,-0.03000000000000025,16.9
54.3364222775687,18.9357671710981,Gdansk_Swibno,2011,5,17,-0.02000000000000046,16.7
54.3364222775687,18.9357671710981,Gdansk_Swibno,2011,5,18,-0.02000000000000046,16.3
54.3364222775687,18.9357671710981,Gdansk_Swibno,2011,5,19,0.009999999999999787,16.9
54.3364222775687,18.9357671710981,Gdansk_Swibno,2011,5,20,0.04999999999999982,17.0
54.3364222775687,18.9357671710981,Gdansk_Swibno,2011,5,21,0.05999999999999961,17.1
54.3364222775687,18.9357671710981,Gdansk_Swibno,2011,5,22,0.04999999999999982,16.6
54.3364222775687,18.9357671710981,Gdansk_Swibno,2011,5,23,0.009999999999999787,17.0
54.3364222775687,18.9357671710981,Gdansk_Swibno,2011,5,24,0.01999999999999957,16.5
54.3364222775687,18.9357671710981,Gdansk_Swibno,2011,5,25,0.04999999999999982,16.1
54.3364222775687,18.9357671710981,Gdansk_Swibno,2011,5,26,0.08000000000000007,15.7
54.3364222775687,18.9357671710981,Gdansk_Swibno,2011,5,27,0.1100000000000003,16.2
54.3364222775687,18.9357671710981,Gdansk_Swibno,2011,5,28,0.05999999999999961,16.0
54.3364222775687,18.9357671710981,Gdansk_Swibno,2011,5,29,0.04000000000000004,17.2
54.3364222775687,18.9357671710981,Gdansk_Swibno,2011,5,30,0.01999999999999957,17.9
54.3364222775687,18.9357671710981,Gdansk_Swibno,2011,5,31,0.08999999999999986,18.0
54.3364222775687,18.9357671710981,Gdansk_Swibno,2011,6,1,0.1600000000000001,20.8
54.3364222775687,18.9357671710981,Gdansk_Swibno,2011,6,2,0.1399999999999997,20.6
54.3364222775687,18.9357671710981,Gdansk_Swibno,2011,6,3,0.1500000000000004,21.0
54.3364222775687,18.9357671710981,Gdansk_Swibno,2011,6,4,0.1200000000000001,21.4
54.3364222775687,18.9357671710981,Gdansk_Swibno,2011,6,5,0.1399999999999997,21.7
54.3364222775687,18.9357671710981,Gdansk_Swibno,2011,6,6,0.08999999999999986,22.1
54.3364222775687,18.9357671710981,Gdansk_Swibno,2011,6,7,0.05999999999999961,23.6
54.3364222775687,18.9357671710981,Gdansk_Swibno,2011,6,8,0.08000000000000007,24.2
54.3364222775687,18.9357671710981,Gdansk_Swibno,2011,6,9,0.1299999999999999,24.2
54.3364222775687,18.9357671710981,Gdansk_Swibno,2011,6,10,0.1600000000000001,23.0
54.3364222775687,18.9357671710981,Gdansk_Swibno,2011,6,11,0.1399999999999997,22.2
54.3364222775687,18.9357671710981,Gdansk_Swibno,2011,6,12,0.1200000000000001,21.5
54.3364222775687,18.9357671710981,Gdansk_Swibno,2011,6,13,0.05999999999999961,20.8
54.3364222775687,18.9357671710981,Gdansk_Swibno,2011,6,14,0.08000000000000007,20.5
54.3364222775687,18.9357671710981,Gdansk_Swibno,2011,6,15,0.08000000000000007,21.2
54.3364222775687,18.9357671710981,Gdansk_Swibno,2011,6,16,0.08999999999999986,21.7
54.3364222775687,18.9357671710981,Gdansk_Swibno,2011,6,17,0.08999999999999986,21.4
54.3364222775687,18.9357671710981,Gdansk_Swibno,2011,6,18,0.07000000000000028,21.0
54.3364222775687,18.9357671710981,Gdansk_Swibno,2011,6,19,0.1100000000000003,20.6
54.3364222775687,18.9357671710981,Gdansk_Swibno,2011,6,20,0.1399999999999997,20.2
54.3364222775687,18.9357671710981,Gdansk_Swibno,2011,6,21,0.1200000000000001,19.4
54.3364222775687,18.9357671710981,Gdansk_Swibno,2011,6,22,0.1200000000000001,19.6
54.3364222775687,18.9357671710981,Gdansk_Swibno,2011,6,23,0.1500000000000004,20.8
54.3364222775687,18.9357671710981,Gdansk_Swibno,2011,6,24,0.21,21.5
54.3364222775687,18.9357671710981,Gdansk_Swibno,2011,6,25,0.25,20.5
54.3364222775687,18.9357671710981,Gdansk_Swibno,2011,6,26,0.29,19.8
54.3364222775687,18.9357671710981,Gdansk_Swibno,2011,6,27,0.2599999999999998,20.2
54.3364222775687,18.9357671710981,Gdansk_Swibno,2011,6,28,0.25,21.1
54.3364222775687,18.9357671710981,Gdansk_Swibno,2011,6,29,0.2199999999999998,21.2
54.3364222775687,18.9357671710981,Gdansk_Swibno,2011,6,30,0.2199999999999998,22.3
54.3364222775687,18.9357671710981,Gdansk_Swibno,2011,7,1,0.2699999999999996,23.3
54.3364222775687,18.9357671710981,Gdansk_Swibno,2011,7,2,0.3399999999999999,21.9
54.3364222775687,18.9357671710981,Gdansk_Swibno,2011,7,3,0.3700000000000001,20.9
54.3364222775687,18.9357671710981,Gdansk_Swibno,2011,7,4,0.3499999999999996,19.2
54.3364222775687,18.9357671710981,Gdansk_Swibno,2011,7,5,0.2999999999999998,19.0
54.3364222775687,18.9357671710981,Gdansk_Swibno,2011,7,6,0.2800000000000002,18.7
54.3364222775687,18.9357671710981,Gdansk_Swibno,2011,7,7,0.1899999999999995,18.9
54.3364222775687,18.9357671710981,Gdansk_Swibno,2011,7,8,0.1500000000000004,19.4
54.3364222775687,18.9357671710981,Gdansk_Swibno,2011,7,9,0.09999999999999964,20.4
54.3364222775687,18.9357671710981,Gdansk_Swibno,2011,7,10,0.08999999999999986,21.9
54.3364222775687,18.9357671710981,Gdansk_Swibno,2011,7,11,0.1899999999999995,21.4
54.3364222775687,18.9357671710981,Gdansk_Swibno,2011,7,12,0.2000000000000002,21.5
54.3364222775687,18.9357671710981,Gdansk_Swibno,2011,7,13,0.21,21.3
54.3364222775687,18.9357671710981,Gdansk_Swibno,2011,7,14,0.3700000000000001,21.8
54.3364222775687,18.9357671710981,Gdansk_Swibno,2011,7,15,0.3300000000000001,20.9
54.3364222775687,18.9357671710981,Gdansk_Swibno,2011,7,16,0.2800000000000002,21.7
54.3364222775687,18.9357671710981,Gdansk_Swibno,2011,7,17,0.2199999999999998,21.2
54.3364222775687,18.9357671710981,Gdansk_Swibno,2011,7,18,0.1799999999999997,22.4
54.3364222775687,18.9357671710981,Gdansk_Swibno,2011,7,19,0.1399999999999997,21.8
54.3364222775687,18.9357671710981,Gdansk_Swibno,2011,7,20,0.1899999999999995,22.3
54.3364222775687,18.9357671710981,Gdansk_Swibno,2011,7,21,0.2400000000000002,22.6
54.3364222775687,18.9357671710981,Gdansk_Swibno,2011,7,22,0.2199999999999998,22.8
54.3364222775687,18.9357671710981,Gdansk_Swibno,2011,7,23,0.2299999999999995,21.0
54.3364222775687,18.9357671710981,Gdansk_Swibno,2011,7,24,0.1600000000000001,21.2
54.3364222775687,18.9357671710981,Gdansk_Swibno,2011,7,25,0.2199999999999998,20.6
54.3364222775687,18.9357671710981,Gdansk_Swibno,2011,7,26,0.3099999999999996,20.1
54.3364222775687,18.9357671710981,Gdansk_Swibno,2011,7,27,0.3499999999999996,19.7
54.3364222775687,18.9357671710981,Gdansk_Swibno,2011,7,28,0.4199999999999999,19.4
54.3364222775687,18.9357671710981,Gdansk_Swibno,2011,7,29,0.5700000000000003,20.5
54.3364222775687,18.9357671710981,Gdansk_Swibno,2011,7,30,0.6399999999999997,20.8
54.3364222775687,18.9357671710981,Gdansk_Swibno,2011,7,31,0.6500000000000004,20.9
54.3364222775687,18.9357671710981,Gdansk_Swibno,2011,8,1,0.6500000000000004,21.2
54.3364222775687,18.9357671710981,Gdansk_Swibno,2011,8,2,0.5899999999999999,21.5
54.3364222775687,18.9357671710981,Gdansk_Swibno,2011,8,3,0.5700000000000003,21.0
54.3364222775687,18.9357671710981,Gdansk_Swibno,2011,8,4,0.5899999999999999,21.3
54.3364222775687,18.9357671710981,Gdansk_Swibno,2011,8,5,0.5999999999999996,21.7
54.3364222775687,18.9357671710981,Gdansk_Swibno,2011,8,6,0.5999999999999996,21.1
54.3364222775687,18.9357671710981,Gdansk_Swibno,2011,8,7,0.6500000000000004,22.0
54.3364222775687,18.9357671710981,Gdansk_Swibno,2011,8,8,0.6899999999999995,21.6
54.3364222775687,18.9357671710981,Gdansk_Swibno,2011,8,9,0.7299999999999995,21.4
54.3364222775687,18.9357671710981,Gdansk_Swibno,2011,8,10,0.7000000000000002,19.7
54.3364222775687,18.9357671710981,Gdansk_Swibno,2011,8,11,0.5099999999999998,19.0
54.3364222775687,18.9357671710981,Gdansk_Swibno,2011,8,12,0.4799999999999995,18.3
54.3364222775687,18.9357671710981,Gdansk_Swibno,2011,8,13,0.46,18.5
54.3364222775687,18.9357671710981,Gdansk_Swibno,2011,8,14,0.3700000000000001,18.6
54.3364222775687,18.9357671710981,Gdansk_Swibno,2011,8,15,0.3300000000000001,18.8
54.3364222775687,18.9357671710981,Gdansk_Swibno,2011,8,16,0.3200000000000003,20.4
54.3364222775687,18.9357671710981,Gdansk_Swibno,2011,8,17,0.2800000000000002,20.7
54.3364222775687,18.9357671710981,Gdansk_Swibno,2011,8,18,0.2699999999999996,20.9
54.3364222775687,18.9357671710981,Gdansk_Swibno,2011,8,19,0.2800000000000002,21.3
54.3364222775687,18.9357671710981,Gdansk_Swibno,2011,8,20,0.3300000000000001,21.0
54.3364222775687,18.9357671710981,Gdansk_Swibno,2011,8,21,0.2400000000000002,21.2
54.3364222775687,18.9357671710981,Gdansk_Swibno,2011,8,22,0.2599999999999998,21.2
54.3364222775687,18.9357671710981,Gdansk_Swibno,2011,8,23,0.25,20.4
54.3364222775687,18.9357671710981,Gdansk_Swibno,2011,8,24,0.2800000000000002,21.2
54.3364222775687,18.9357671710981,Gdansk_Swibno,2011,8,25,0.2400000000000002,20.9
54.3364222775687,18.9357671710981,Gdansk_Swibno,2011,8,26,0.1500000000000004,21.0
54.3364222775687,18.9357671710981,Gdansk_Swibno,2011,8,27,0.1600000000000001,21.5
54.3364222775687,18.9357671710981,Gdansk_Swibno,2011,8,28,0.05999999999999961,22.3
54.3364222775687,18.9357671710981,Gdansk_Swibno,2011,8,29,0.05999999999999961,21.3
54.3364222775687,18.9357671710981,Gdansk_Swibno,2011,8,30,0.08999999999999986,22.0
54.3364222775687,18.9357671710981,Gdansk_Swibno,2011,8,31,0.1799999999999997,21.7
54.3364222775687,18.9357671710981,Gdansk_Swibno,2011,9,1,0.2400000000000002,20.0
54.3364222775687,18.9357671710981,Gdansk_Swibno,2011,9,2,0.2400000000000002,19.3
54.3364222775687,18.9357671710981,Gdansk_Swibno,2011,9,3,0.1799999999999997,18.4
54.3364222775687,18.9357671710981,Gdansk_Swibno,2011,9,4,0.1100000000000003,18.2
54.3364222775687,18.9357671710981,Gdansk_Swibno,2011,9,5,0.08999999999999986,18.5
54.3364222775687,18.9357671710981,Gdansk_Swibno,2011,9,6,0.04000000000000004,19.1
54.3364222775687,18.9357671710981,Gdansk_Swibno,2011,9,7,-0.009999999999999787,18.9
54.3364222775687,18.9357671710981,Gdansk_Swibno,2011,9,8,0.1299999999999999,18.5
54.3364222775687,18.9357671710981,Gdansk_Swibno,2011,9,9,0.25,17.9
54.3364222775687,18.9357671710981,Gdansk_Swibno,2011,9,10,0.21,17.4
54.3364222775687,18.9357671710981,Gdansk_Swibno,2011,9,11,0.1600000000000001,17.5
54.3364222775687,18.9357671710981,Gdansk_Swibno,2011,9,12,0.1299999999999999,18.0
54.3364222775687,18.9357671710981,Gdansk_Swibno,2011,9,13,0.08999999999999986,18.1
54.3364222775687,18.9357671710981,Gdansk_Swibno,2011,9,14,0.08999999999999986,18.0
54.3364222775687,18.9357671710981,Gdansk_Swibno,2011,9,15,0.29,17.6
54.3364222775687,18.9357671710981,Gdansk_Swibno,2011,9,16,0.4100000000000001,17.3
54.3364222775687,18.9357671710981,Gdansk_Swibno,2011,9,17,0.3200000000000003,16.9
54.3364222775687,18.9357671710981,Gdansk_Swibno,2011,9,18,0.2800000000000002,16.7
54.3364222775687,18.9357671710981,Gdansk_Swibno,2011,9,19,0.25,16.5
54.3364222775687,18.9357671710981,Gdansk_Swibno,2011,9,20,0.1600000000000001,16.7
54.3364222775687,18.9357671710981,Gdansk_Swibno,2011,9,21,0.1399999999999997,16.8
54.3364222775687,18.9357671710981,Gdansk_Swibno,2011,9,22,0.1500000000000004,16.0
54.3364222775687,18.9357671710981,Gdansk_Swibno,2011,9,23,0.2199999999999998,15.7
54.3364222775687,18.9357671710981,Gdansk_Swibno,2011,9,24,0.2999999999999998,15.8
54.3364222775687,18.9357671710981,Gdansk_Swibno,2011,9,25,0.2599999999999998,15.6
54.3364222775687,18.9357671710981,Gdansk_Swibno,2011,9,26,0.21,15.5
54.3364222775687,18.9357671710981,Gdansk_Swibno,2011,9,27,0.2199999999999998,15.9
54.3364222775687,18.9357671710981,Gdansk_Swibno,2011,9,28,0.2199999999999998,15.6
54.3364222775687,18.9357671710981,Gdansk_Swibno,2011,9,29,0.2400000000000002,15.8
54.3364222775687,18.9357671710981,Gdansk_Swibno,2011,9,30,0.1899999999999995,16.0
54.3364222775687,18.9357671710981,Gdansk_Swibno,2011,10,1,0.2400000000000002,16.1
54.3364222775687,18.9357671710981,Gdansk_Swibno,2011,10,2,0.1200000000000001,15.7
54.3364222775687,18.9357671710981,Gdansk_Swibno,2011,10,3,0.1200000000000001,15.9
54.3364222775687,18.9357671710981,Gdansk_Swibno,2011,10,4,0.1200000000000001,16.0
54.3364222775687,18.9357671710981,Gdansk_Swibno,2011,10,5,0.1699999999999999,16.3
54.3364222775687,18.9357671710981,Gdansk_Swibno,2011,10,6,0.09999999999999964,16.2
54.3364222775687,18.9357671710981,Gdansk_Swibno,2011,10,7,0.1299999999999999,15.8
54.3364222775687,18.9357671710981,Gdansk_Swibno,2011,10,8,0.3600000000000003,15.0
54.3364222775687,18.9357671710981,Gdansk_Swibno,2011,10,9,0.4299999999999997,15.2
54.3364222775687,18.9357671710981,Gdansk_Swibno,2011,10,10,0.21,14.4
54.3364222775687,18.9357671710981,Gdansk_Swibno,2011,10,11,0.3799999999999999,12.6
54.3364222775687,18.9357671710981,Gdansk_Swibno,2011,10,12,0.5099999999999998,12.0
54.3364222775687,18.9357671710981,Gdansk_Swibno,2011,10,13,0.7599999999999998,11.9
54.3364222775687,18.9357671710981,Gdansk_Swibno,2011,10,14,0.6100000000000003,11.7
54.3364222775687,18.9357671710981,Gdansk_Swibno,2011,10,15,0.3399999999999999,11.4
54.3364222775687,18.9357671710981,Gdansk_Swibno,2011,10,16,0.1899999999999995,11.0
54.3364222775687,18.9357671710981,Gdansk_Swibno,2011,10,17,0.1100000000000003,10.7
54.3364222775687,18.9357671710981,Gdansk_Swibno,2011,10,18,0.04000000000000004,10.3
54.3364222775687,18.9357671710981,Gdansk_Swibno,2011,10,19,0.05999999999999961,9.6
54.3364222775687,18.9357671710981,Gdansk_Swibno,2011,10,20,0.2299999999999995,8.5
54.3364222775687,18.9357671710981,Gdansk_Swibno,2011,10,21,0.3200000000000003,8.6
54.3364222775687,18.9357671710981,Gdansk_Swibno,2011,10,22,0.21,8.8
54.3364222775687,18.9357671710981,Gdansk_Swibno,2011,10,23,0.2299999999999995,8.9
54.3364222775687,18.9357671710981,Gdansk_Swibno,2011,10,24,0.1600000000000001,7.9
54.3364222775687,18.9357671710981,Gdansk_Swibno,2011,10,25,0.1100000000000003,7.7
54.3364222775687,18.9357671710981,Gdansk_Swibno,2011,10,26,0.07000000000000028,7.5
54.3364222775687,18.9357671710981,Gdansk_Swibno,2011,10,27,0.05999999999999961,7.5
54.3364222775687,18.9357671710981,Gdansk_Swibno,2011,10,28,0.04000000000000004,7.7
54.3364222775687,18.9357671710981,Gdansk_Swibno,2011,10,29,0.03000000000000025,7.6
54.3364222775687,18.9357671710981,Gdansk_Swibno,2011,10,30,-0.03000000000000025,7.9
54.3364222775687,18.9357671710981,Gdansk_Swibno,2011,10,31,0.04999999999999982,9.1
54.3364222775687,18.9357671710981,Gdansk_Swibno,2011,11,1,0.04000000000000004,9.0
54.3364222775687,18.9357671710981,Gdansk_Swibno,2011,11,2,0.0,9.3
54.3364222775687,18.9357671710981,Gdansk_Swibno,2011,11,3,0.04999999999999982,9.1
54.3364222775687,18.9357671710981,Gdansk_Swibno,2011,11,4,0.03000000000000025,8.7
54.3364222775687,18.9357671710981,Gdansk_Swibno,2011,11,5,0.01999999999999957,8.5
54.3364222775687,18.9357671710981,Gdansk_Swibno,2011,11,6,-0.04000000000000004,8.3
54.3364222775687,18.9357671710981,Gdansk_Swibno,2011,11,7,-0.02000000000000046,8.1
54.3364222775687,18.9357671710981,Gdansk_Swibno,2011,11,8,-0.02000000000000046,7.4
54.3364222775687,18.9357671710981,Gdansk_Swibno,2011,11,9,-0.009999999999999787,7.0
54.3364222775687,18.9357671710981,Gdansk_Swibno,2011,11,10,-0.08000000000000007,6.5
54.3364222775687,18.9357671710981,Gdansk_Swibno,2011,11,11,-0.1299999999999999,6.1
54.3364222775687,18.9357671710981,Gdansk_Swibno,2011,11,12,-0.1500000000000004,5.7
54.3364222775687,18.9357671710981,Gdansk_Swibno,2011,11,13,-0.2300000000000004,5.5
54.3364222775687,18.9357671710981,Gdansk_Swibno,2011,11,14,-0.1299999999999999,5.6
54.3364222775687,18.9357671710981,Gdansk_Swibno,2011,11,15,-0.03000000000000025,5.7
54.3364222775687,18.9357671710981,Gdansk_Swibno,2011,11,16,-0.1399999999999997,5.8
54.3364222775687,18.9357671710981,Gdansk_Swibno,2011,11,17,-0.1600000000000001,5.0
54.3364222775687,18.9357671710981,Gdansk_Swibno,2011,11,18,-0.1299999999999999,4.0
54.3364222775687,18.9357671710981,Gdansk_Swibno,2011,11,19,-0.08000000000000007,4.2
54.3364222775687,18.9357671710981,Gdansk_Swibno,2011,11,20,-0.009999999999999787,4.4
54.3364222775687,18.9357671710981,Gdansk_Swibno,2011,11,21,-0.04999999999999982,4.4
54.3364222775687,18.9357671710981,Gdansk_Swibno,2011,11,22,-0.03000000000000025,4.6
54.3364222775687,18.9357671710981,Gdansk_Swibno,2011,11,23,-0.1900000000000004,4.7
54.3364222775687,18.9357671710981,Gdansk_Swibno,2011,11,24,-0.2400000000000002,4.5
54.3364222775687,18.9357671710981,Gdansk_Swibno,2011,11,25,-0.1900000000000004,4.8
54.3364222775687,18.9357671710981,Gdansk_Swibno,2011,11,26,-0.04999999999999982,5.0
54.3364222775687,18.9357671710981,Gdansk_Swibno,2011,11,27,-0.03000000000000025,5.2
54.3364222775687,18.9357671710981,Gdansk_Swibno,2011,11,28,0.3399999999999999,5.5
54.3364222775687,18.9357671710981,Gdansk_Swibno,2011,11,29,0.1200000000000001,5.0
54.3364222775687,18.9357671710981,Gdansk_Swibno,2011,11,30,0.03000000000000025,4.5
54.3364222775687,18.9357671710981,Gdansk_Swibno,2012,5,1,0.1100000000000003,14.8
54.3364222775687,18.9357671710981,Gdansk_Swibno,2012,5,2,0.04000000000000004,16.2
54.3364222775687,18.9357671710981,Gdansk_Swibno,2012,5,3,0.03000000000000025,16.7
54.3364222775687,18.9357671710981,Gdansk_Swibno,2012,5,4,0.0,17.6
54.3364222775687,18.9357671710981,Gdansk_Swibno,2012,5,5,-0.04000000000000004,18.1
54.3364222775687,18.9357671710981,Gdansk_Swibno,2012,5,6,0.05999999999999961,18.4
54.3364222775687,18.9357671710981,Gdansk_Swibno,2012,5,7,0.01999999999999957,16.6
54.3364222775687,18.9357671710981,Gdansk_Swibno,2012,5,8,0.0,16.2
54.3364222775687,18.9357671710981,Gdansk_Swibno,2012,5,9,-0.07000000000000028,16.6
54.3364222775687,18.9357671710981,Gdansk_Swibno,2012,5,10,-0.08000000000000007,17.4
54.3364222775687,18.9357671710981,Gdansk_Swibno,2012,5,11,-0.08999999999999986,18.8
54.3364222775687,18.9357671710981,Gdansk_Swibno,2012,5,12,0.04000000000000004,19.4
54.3364222775687,18.9357671710981,Gdansk_Swibno,2012,5,13,0.1100000000000003,18.2
54.3364222775687,18.9357671710981,Gdansk_Swibno,2012,5,14,-0.04000000000000004,17.9
54.3364222775687,18.9357671710981,Gdansk_Swibno,2012,5,15,0.01999999999999957,17.8
54.3364222775687,18.9357671710981,Gdansk_Swibno,2012,5,16,0.1100000000000003,16.9
54.3364222775687,18.9357671710981,Gdansk_Swibno,2012,5,17,0.1299999999999999,15.8
54.3364222775687,18.9357671710981,Gdansk_Swibno,2012,5,18,0.05999999999999961,15.6
54.3364222775687,18.9357671710981,Gdansk_Swibno,2012,5,19,0.1100000000000003,15.1
54.3364222775687,18.9357671710981,Gdansk_Swibno,2012,5,20,0.09999999999999964,15.7
54.3364222775687,18.9357671710981,Gdansk_Swibno,2012,5,21,0.1200000000000001,16.8
54.3364222775687,18.9357671710981,Gdansk_Swibno,2012,5,22,0.1399999999999997,19.4
54.3364222775687,18.9357671710981,Gdansk_Swibno,2012,5,23,0.1899999999999995,20.2
54.3364222775687,18.9357671710981,Gdansk_Swibno,2012,5,24,0.1399999999999997,19.6
54.3364222775687,18.9357671710981,Gdansk_Swibno,2012,5,25,0.08000000000000007,18.8
54.3364222775687,18.9357671710981,Gdansk_Swibno,2012,5,26,0.07000000000000028,18.5
54.3364222775687,18.9357671710981,Gdansk_Swibno,2012,5,27,0.04000000000000004,18.4
54.3364222775687,18.9357671710981,Gdansk_Swibno,2012,5,28,-0.02000000000000046,18.6
54.3364222775687,18.9357671710981,Gdansk_Swibno,2012,5,29,0.1299999999999999,19.8
54.3364222775687,18.9357671710981,Gdansk_Swibno,2012,5,30,0.07000000000000028,19.4
54.3364222775687,18.9357671710981,Gdansk_Swibno,2012,5,31,0.009999999999999787,19.1
54.3364222775687,18.9357671710981,Gdansk_Swibno,2012,6,1,0.08000000000000007,18.2
54.3364222775687,18.9357671710981,Gdansk_Swibno,2012,6,2,0.1799999999999997,17.7
54.3364222775687,18.9357671710981,Gdansk_Swibno,2012,6,3,0.08999999999999986,17.2
54.3364222775687,18.9357671710981,Gdansk_Swibno,2012,6,4,0.1299999999999999,16.4
54.3364222775687,18.9357671710981,Gdansk_Swibno,2012,6,5,0.1500000000000004,16.0
54.3364222775687,18.9357671710981,Gdansk_Swibno,2012,6,6,0.1299999999999999,16.2
54.3364222775687,18.9357671710981,Gdansk_Swibno,2012,6,7,0.1500000000000004,16.5
54.3364222775687,18.9357671710981,Gdansk_Swibno,2012,6,8,0.1299999999999999,17.2
54.3364222775687,18.9357671710981,Gdansk_Swibno,2012,6,9,0.08999999999999986,17.6
54.3364222775687,18.9357671710981,Gdansk_Swibno,2012,6,10,0.08999999999999986,18.5
54.3364222775687,18.9357671710981,Gdansk_Swibno,2012,6,11,0.08000000000000007,18.7
54.3364222775687,18.9357671710981,Gdansk_Swibno,2012,6,12,0.07000000000000028,19.0
54.3364222775687,18.9357671710981,Gdansk_Swibno,2012,6,13,0.1100000000000003,19.6
54.3364222775687,18.9357671710981,Gdansk_Swibno,2012,6,14,0.08000000000000007,19.8
54.3364222775687,18.9357671710981,Gdansk_Swibno,2012,6,15,0.07000000000000028,19.6
54.3364222775687,18.9357671710981,Gdansk_Swibno,2012,6,16,0.04000000000000004,19.5
54.3364222775687,18.9357671710981,Gdansk_Swibno,2012,6,17,0.01999999999999957,19.8
54.3364222775687,18.9357671710981,Gdansk_Swibno,2012,6,18,0.009999999999999787,20.0
54.3364222775687,18.9357671710981,Gdansk_Swibno,2012,6,19,0.09999999999999964,21.3
54.3364222775687,18.9357671710981,Gdansk_Swibno,2012,6,20,0.1299999999999999,21.5
54.3364222775687,18.9357671710981,Gdansk_Swibno,2012,6,21,0.25,20.6
54.3364222775687,18.9357671710981,Gdansk_Swibno,2012,6,22,0.2199999999999998,20.2
54.3364222775687,18.9357671710981,Gdansk_Swibno,2012,6,23,0.1500000000000004,19.5
54.3364222775687,18.9357671710981,Gdansk_Swibno,2012,6,24,0.04000000000000004,20.3
54.3364222775687,18.9357671710981,Gdansk_Swibno,2012,6,25,0.09999999999999964,20.8
54.3364222775687,18.9357671710981,Gdansk_Swibno,2012,6,26,0.2400000000000002,19.4
54.3364222775687,18.9357671710981,Gdansk_Swibno,2012,6,27,0.2400000000000002,18.5
54.3364222775687,18.9357671710981,Gdansk_Swibno,2012,6,28,0.2199999999999998,18.0
54.3364222775687,18.9357671710981,Gdansk_Swibno,2012,6,29,0.1600000000000001,18.4
54.3364222775687,18.9357671710981,Gdansk_Swibno,2012,6,30,0.1100000000000003,19.5
54.3364222775687,18.9357671710981,Gdansk_Swibno,2012,7,1,0.1200000000000001,20.2
54.3364222775687,18.9357671710981,Gdansk_Swibno,2012,7,2,0.08999999999999986,22.0
54.3364222775687,18.9357671710981,Gdansk_Swibno,2012,7,3,0.1500000000000004,22.5
54.3364222775687,18.9357671710981,Gdansk_Swibno,2012,7,4,0.1600000000000001,22.3
54.3364222775687,18.9357671710981,Gdansk_Swibno,2012,7,5,0.1299999999999999,21.8
54.3364222775687,18.9357671710981,Gdansk_Swibno,2012,7,6,0.1200000000000001,22.2
54.3364222775687,18.9357671710981,Gdansk_Swibno,2012,7,7,0.08000000000000007,23.7
54.3364222775687,18.9357671710981,Gdansk_Swibno,2012,7,8,0.01999999999999957,24.4
54.3364222775687,18.9357671710981,Gdansk_Swibno,2012,7,9,0.009999999999999787,24.8
54.3364222775687,18.9357671710981,Gdansk_Swibno,2012,7,10,-0.009999999999999787,24.0
54.3364222775687,18.9357671710981,Gdansk_Swibno,2012,7,11,0.0,23.4
54.3364222775687,18.9357671710981,Gdansk_Swibno,2012,7,12,0.03000000000000025,23.0
54.3364222775687,18.9357671710981,Gdansk_Swibno,2012,7,13,0.01999999999999957,22.8
54.3364222775687,18.9357671710981,Gdansk_Swibno,2012,7,14,0.04000000000000004,21.6
54.3364222775687,18.9357671710981,Gdansk_Swibno,2012,7,15,0.08000000000000007,21.6
54.3364222775687,18.9357671710981,Gdansk_Swibno,2012,7,16,0.1100000000000003,21.5
54.3364222775687,18.9357671710981,Gdansk_Swibno,2012,7,17,0.1699999999999999,20.2
54.3364222775687,18.9357671710981,Gdansk_Swibno,2012,7,18,0.21,19.3
54.3364222775687,18.9357671710981,Gdansk_Swibno,2012,7,19,0.2299999999999995,19.5
54.3364222775687,18.9357671710981,Gdansk_Swibno,2012,7,20,0.2699999999999996,20.0
54.3364222775687,18.9357671710981,Gdansk_Swibno,2012,7,21,0.29,19.8
54.3364222775687,18.9357671710981,Gdansk_Swibno,2012,7,22,0.2599999999999998,18.9
54.3364222775687,18.9357671710981,Gdansk_Swibno,2012,7,23,0.1299999999999999,19.2
54.3364222775687,18.9357671710981,Gdansk_Swibno,2012,7,24,0.1600000000000001,19.8
54.3364222775687,18.9357671710981,Gdansk_Swibno,2012,7,25,0.2000000000000002,20.7
54.3364222775687,18.9357671710981,Gdansk_Swibno,2012,7,26,0.2299999999999995,21.8
54.3364222775687,18.9357671710981,Gdansk_Swibno,2012,7,27,0.2000000000000002,22.4
54.3364222775687,18.9357671710981,Gdansk_Swibno,2012,7,28,0.1799999999999997,23.9
54.3364222775687,18.9357671710981,Gdansk_Swibno,2012,7,29,0.1699999999999999,24.7
54.3364222775687,18.9357671710981,Gdansk_Swibno,2012,7,30,0.1399999999999997,24.1
54.3364222775687,18.9357671710981,Gdansk_Swibno,2012,7,31,0.08000000000000007,23.5
54.3364222775687,18.9357671710981,Gdansk_Swibno,2012,8,1,0.07000000000000028,23.2
54.3364222775687,18.9357671710981,Gdansk_Swibno,2012,8,2,0.04999999999999982,23.3
54.3364222775687,18.9357671710981,Gdansk_Swibno,2012,8,3,0.08000000000000007,23.6
54.3364222775687,18.9357671710981,Gdansk_Swibno,2012,8,4,0.04999999999999982,23.5
54.3364222775687,18.9357671710981,Gdansk_Swibno,2012,8,5,0.07000000000000028,23.1
54.3364222775687,18.9357671710981,Gdansk_Swibno,2012,8,6,0.08000000000000007,23.6
54.3364222775687,18.9357671710981,Gdansk_Swibno,2012,8,7,0.04999999999999982,23.8
54.3364222775687,18.9357671710981,Gdansk_Swibno,2012,8,8,0.1399999999999997,22.8
54.3364222775687,18.9357671710981,Gdansk_Swibno,2012,8,9,0.25,22.1
54.3364222775687,18.9357671710981,Gdansk_Swibno,2012,8,10,0.3399999999999999,21.5
54.3364222775687,18.9357671710981,Gdansk_Swibno,2012,8,11,0.2599999999999998,20.2
54.3364222775687,18.9357671710981,Gdansk_Swibno,2012,8,12,0.1699999999999999,19.6
54.3364222775687,18.9357671710981,Gdansk_Swibno,2012,8,13,0.1600000000000001,19.1
54.3364222775687,18.9357671710981,Gdansk_Swibno,2012,8,14,0.2299999999999995,19.0
54.3364222775687,18.9357671710981,Gdansk_Swibno,2012,8,15,0.1399999999999997,18.8
54.3364222775687,18.9357671710981,Gdansk_Swibno,2012,8,16,0.07000000000000028,19.1
54.3364222775687,18.9357671710981,Gdansk_Swibno,2012,8,17,0.03000000000000025,19.4
54.3364222775687,18.9357671710981,Gdansk_Swibno,2012,8,18,-0.03000000000000025,19.7
54.3364222775687,18.9357671710981,Gdansk_Swibno,2012,8,19,-0.03000000000000025,20.4
54.3364222775687,18.9357671710981,Gdansk_Swibno,2012,8,20,0.08000000000000007,21.6
54.3364222775687,18.9357671710981,Gdansk_Swibno,2012,8,21,0.04000000000000004,22.2
54.3364222775687,18.9357671710981,Gdansk_Swibno,2012,8,22,0.04999999999999982,22.5
54.3364222775687,18.9357671710981,Gdansk_Swibno,2012,8,23,0.04999999999999982,22.8
54.3364222775687,18.9357671710981,Gdansk_Swibno,2012,8,24,0.1200000000000001,21.5
54.3364222775687,18.9357671710981,Gdansk_Swibno,2012,8,25,0.1299999999999999,20.7
54.3364222775687,18.9357671710981,Gdansk_Swibno,2012,8,26,0.08999999999999986,20.3
54.3364222775687,18.9357671710981,Gdansk_Swibno,2012,8,27,0.21,19.9
54.3364222775687,18.9357671710981,Gdansk_Swibno,2012,8,28,0.1899999999999995,19.4
54.3364222775687,18.9357671710981,Gdansk_Swibno,2012,8,29,0.1299999999999999,19.5
54.3364222775687,18.9357671710981,Gdansk_Swibno,2012,8,30,0.08999999999999986,19.2
54.3364222775687,18.9357671710981,Gdansk_Swibno,2012,8,31,0.1100000000000003,19.6
54.3364222775687,18.9357671710981,Gdansk_Swibno,2012,9,1,0.1299999999999999,19.5
54.3364222775687,18.9357671710981,Gdansk_Swibno,2012,9,2,0.07000000000000028,19.1
54.3364222775687,18.9357671710981,Gdansk_Swibno,2012,9,3,0.1299999999999999,19.6
54.3364222775687,18.9357671710981,Gdansk_Swibno,2012,9,4,0.1299999999999999,19.2
54.3364222775687,18.9357671710981,Gdansk_Swibno,2012,9,5,0.1500000000000004,19.3
54.3364222775687,18.9357671710981,Gdansk_Swibno,2012,9,6,0.3099999999999996,19.7
54.3364222775687,18.9357671710981,Gdansk_Swibno,2012,9,7,0.2800000000000002,18.8
54.3364222775687,18.9357671710981,Gdansk_Swibno,2012,9,8,0.3600000000000003,18.0
54.3364222775687,18.9357671710981,Gdansk_Swibno,2012,9,9,0.3399999999999999,17.3
54.3364222775687,18.9357671710981,Gdansk_Swibno,2012,9,10,0.2199999999999998,17.6
54.3364222775687,18.9357671710981,Gdansk_Swibno,2012,9,11,0.2000000000000002,17.4
54.3364222775687,18.9357671710981,Gdansk_Swibno,2012,9,12,0.2599999999999998,18.6
54.3364222775687,18.9357671710981,Gdansk_Swibno,2012,9,13,0.25,18.1
54.3364222775687,18.9357671710981,Gdansk_Swibno,2012,9,14,0.1399999999999997,17.6
54.3364222775687,18.9357671710981,Gdansk_Swibno,2012,9,15,0.2800000000000002,17.4
54.3364222775687,18.9357671710981,Gdansk_Swibno,2012,9,16,0.29,17.3
54.3364222775687,18.9357671710981,Gdansk_Swibno,2012,9,17,0.2199999999999998,17.0
54.3364222775687,18.9357671710981,Gdansk_Swibno,2012,9,18,0.2800000000000002,16.4
54.3364222775687,18.9357671710981,Gdansk_Swibno,2012,9,19,0.3399999999999999,17.6
54.3364222775687,18.9357671710981,Gdansk_Swibno,2012,9,20,0.3099999999999996,16.1
54.3364222775687,18.9357671710981,Gdansk_Swibno,2012,9,21,0.2999999999999998,15.9
54.3364222775687,18.9357671710981,Gdansk_Swibno,2012,9,22,0.3399999999999999,16.0
54.3364222775687,18.9357671710981,Gdansk_Swibno,2012,9,23,0.4799999999999995,15.5
54.3364222775687,18.9357671710981,Gdansk_Swibno,2012,9,24,0.4500000000000002,14.3
54.3364222775687,18.9357671710981,Gdansk_Swibno,2012,9,25,0.3700000000000001,14.0
54.3364222775687,18.9357671710981,Gdansk_Swibno,2012,9,26,0.25,14.4
54.3364222775687,18.9357671710981,Gdansk_Swibno,2012,9,27,0.2199999999999998,15.0
54.3364222775687,18.9357671710981,Gdansk_Swibno,2012,9,28,0.1799999999999997,15.1
54.3364222775687,18.9357671710981,Gdansk_Swibno,2012,9,29,0.1799999999999997,14.8
54.3364222775687,18.9357671710981,Gdansk_Swibno,2012,9,30,0.2299999999999995,15.0
54.3364222775687,18.9357671710981,Gdansk_Swibno,2012,10,1,0.1699999999999999,14.4
54.3364222775687,18.9357671710981,Gdansk_Swibno,2012,10,2,0.2000000000000002,14.4
54.3364222775687,18.9357671710981,Gdansk_Swibno,2012,10,3,0.1799999999999997,14.5
54.3364222775687,18.9357671710981,Gdansk_Swibno,2012,10,4,0.1600000000000001,14.0
54.3364222775687,18.9357671710981,Gdansk_Swibno,2012,10,5,0.25,13.7
54.3364222775687,18.9357671710981,Gdansk_Swibno,2012,10,6,0.29,13.5
54.3364222775687,18.9357671710981,Gdansk_Swibno,2012,10,7,0.2999999999999998,12.8
54.3364222775687,18.9357671710981,Gdansk_Swibno,2012,10,8,0.4199999999999999,12.4
54.3364222775687,18.9357671710981,Gdansk_Swibno,2012,10,9,0.5,12.2
54.3364222775687,18.9357671710981,Gdansk_Swibno,2012,10,10,0.5599999999999996,11.9
54.3364222775687,18.9357671710981,Gdansk_Swibno,2012,10,11,0.5199999999999996,11.4
54.3364222775687,18.9357671710981,Gdansk_Swibno,2012,10,12,0.4100000000000001,11.0
54.3364222775687,18.9357671710981,Gdansk_Swibno,2012,10,13,0.3899999999999997,10.4
54.3364222775687,18.9357671710981,Gdansk_Swibno,2012,10,14,0.3300000000000001,10.1
54.3364222775687,18.9357671710981,Gdansk_Swibno,2012,10,15,0.2999999999999998,10.4
54.3364222775687,18.9357671710981,Gdansk_Swibno,2012,10,16,0.1699999999999999,10.6
54.3364222775687,18.9357671710981,Gdansk_Swibno,2012,10,17,0.1799999999999997,10.4
54.3364222775687,18.9357671710981,Gdansk_Swibno,2012,10,18,0.1200000000000001,10.2
54.3364222775687,18.9357671710981,Gdansk_Swibno,2012,10,19,0.1100000000000003,10.7
54.3364222775687,18.9357671710981,Gdansk_Swibno,2012,10,20,0.1899999999999995,11.4
54.3364222775687,18.9357671710981,Gdansk_Swibno,2012,10,21,0.21,11.6
54.3364222775687,18.9357671710981,Gdansk_Swibno,2012,10,22,0.2400000000000002,11.7
54.3364222775687,18.9357671710981,Gdansk_Swibno,2012,10,23,0.1799999999999997,11.5
54.3364222775687,18.9357671710981,Gdansk_Swibno,2012,10,24,0.08000000000000007,11.3
54.3364222775687,18.9357671710981,Gdansk_Swibno,2012,10,25,0.21,11.0
54.3364222775687,18.9357671710981,Gdansk_Swibno,2012,10,26,0.3799999999999999,10.2
54.3364222775687,18.9357671710981,Gdansk_Swibno,2012,10,27,0.2400000000000002,8.7
54.3364222775687,18.9357671710981,Gdansk_Swibno,2012,10,28,0.25,7.9
54.3364222775687,18.9357671710981,Gdansk_Swibno,2012,10,29,0.04999999999999982,6.8
54.3364222775687,18.9357671710981,Gdansk_Swibno,2012,10,30,-0.04999999999999982,6.3
54.3364222775687,18.9357671710981,Gdansk_Swibno,2012,10,31,0.04000000000000004,6.0
54.3364222775687,18.9357671710981,Gdansk_Swibno,2012,11,1,-0.0600000000000005,5.8
54.3364222775687,18.9357671710981,Gdansk_Swibno,2012,11,2,0.0,6.1
54.3364222775687,18.9357671710981,Gdansk_Swibno,2012,11,3,0.07000000000000028,5.5
54.3364222775687,18.9357671710981,Gdansk_Swibno,2012,11,4,0.1200000000000001,6.5
54.3364222775687,18.9357671710981,Gdansk_Swibno,2012,11,5,0.21,6.9
54.3364222775687,18.9357671710981,Gdansk_Swibno,2012,11,6,0.2999999999999998,7.2
54.3364222775687,18.9357671710981,Gdansk_Swibno,2012,11,7,0.25,7.0
54.3364222775687,18.9357671710981,Gdansk_Swibno,2012,11,8,0.29,6.8
54.3364222775687,18.9357671710981,Gdansk_Swibno,2012,11,9,0.3200000000000003,6.6
54.3364222775687,18.9357671710981,Gdansk_Swibno,2012,11,10,0.1200000000000001,6.4
54.3364222775687,18.9357671710981,Gdansk_Swibno,2012,11,11,0.1399999999999997,6.5
54.3364222775687,18.9357671710981,Gdansk_Swibno,2012,11,12,0.1399999999999997,6.3
54.3364222775687,18.9357671710981,Gdansk_Swibno,2012,11,13,0.2599999999999998,6.6
54.3364222775687,18.9357671710981,Gdansk_Swibno,2012,11,14,0.09999999999999964,6.0
54.3364222775687,18.9357671710981,Gdansk_Swibno,2012,11,15,0.1299999999999999,6.2
54.3364222775687,18.9357671710981,Gdansk_Swibno,2012,11,16,0.1799999999999997,6.1
54.3364222775687,18.9357671710981,Gdansk_Swibno,2012,11,17,0.1600000000000001,5.8
54.3364222775687,18.9357671710981,Gdansk_Swibno,2012,11,18,0.09999999999999964,5.6
54.3364222775687,18.9357671710981,Gdansk_Swibno,2012,11,19,0.1600000000000001,5.5
54.3364222775687,18.9357671710981,Gdansk_Swibno,2012,11,20,0.05999999999999961,5.4
54.3364222775687,18.9357671710981,Gdansk_Swibno,2012,11,21,0.04000000000000004,5.6
54.3364222775687,18.9357671710981,Gdansk_Swibno,2012,11,22,0.01999999999999957,5.7
54.3364222775687,18.9357671710981,Gdansk_Swibno,2012,11,23,0.04000000000000004,5.8
54.3364222775687,18.9357671710981,Gdansk_Swibno,2012,11,24,0.09999999999999964,6.0
54.3364222775687,18.9357671710981,Gdansk_Swibno,2012,11,25,0.09999999999999964,5.8
54.3364222775687,18.9357671710981,Gdansk_Swibno,2012,11,26,0.09999999999999964,5.6
54.3364222775687,18.9357671710981,Gdansk_Swibno,2012,11,27,0.1399999999999997,5.6
54.3364222775687,18.9357671710981,Gdansk_Swibno,2012,11,28,0.1399999999999997,5.5
54.3364222775687,18.9357671710981,Gdansk_Swibno,2012,11,29,0.25,5.7
54.3364222775687,18.9357671710981,Gdansk_Swibno,2012,11,30,0.3399999999999999,5.6
54.3364222775687,18.9357671710981,Gdansk_Swibno,2013,5,1,0.5800000000000001,13.7
54.3364222775687,18.9357671710981,Gdansk_Swibno,2013,5,2,0.54,13.8
54.3364222775687,18.9357671710981,Gdansk_Swibno,2013,5,3,0.54,13.6
54.3364222775687,18.9357671710981,Gdansk_Swibno,2013,5,4,0.46,13.2
54.3364222775687,18.9357671710981,Gdansk_Swibno,2013,5,5,0.4100000000000001,13.7
54.3364222775687,18.9357671710981,Gdansk_Swibno,2013,5,6,0.3899999999999997,14.6
54.3364222775687,18.9357671710981,Gdansk_Swibno,2013,5,7,0.3799999999999999,15.5
54.3364222775687,18.9357671710981,Gdansk_Swibno,2013,5,8,0.3899999999999997,16.1
54.3364222775687,18.9357671710981,Gdansk_Swibno,2013,5,9,0.3700000000000001,16.8
54.3364222775687,18.9357671710981,Gdansk_Swibno,2013,5,10,0.4399999999999995,17.5
54.3364222775687,18.9357671710981,Gdansk_Swibno,2013,5,11,0.5,18.0
54.3364222775687,18.9357671710981,Gdansk_Swibno,2013,5,12,0.4500000000000002,18.0
54.3364222775687,18.9357671710981,Gdansk_Swibno,2013,5,13,0.3700000000000001,17.9
54.3364222775687,18.9357671710981,Gdansk_Swibno,2013,5,14,0.2999999999999998,17.6
54.3364222775687,18.9357671710981,Gdansk_Swibno,2013,5,15,0.2599999999999998,17.6
54.3364222775687,18.9357671710981,Gdansk_Swibno,2013,5,16,0.2699999999999996,18.0
54.3364222775687,18.9357671710981,Gdansk_Swibno,2013,5,17,0.21,18.7
54.3364222775687,18.9357671710981,Gdansk_Swibno,2013,5,18,0.2000000000000002,19.6
54.3364222775687,18.9357671710981,Gdansk_Swibno,2013,5,19,0.1600000000000001,19.8
54.3364222775687,18.9357671710981,Gdansk_Swibno,2013,5,20,0.1500000000000004,20.4
54.3364222775687,18.9357671710981,Gdansk_Swibno,2013,5,21,0.05999999999999961,20.4
54.3364222775687,18.9357671710981,Gdansk_Swibno,2013,5,22,0.03000000000000025,20.1
54.3364222775687,18.9357671710981,Gdansk_Swibno,2013,5,23,0.1299999999999999,19.6
54.3364222775687,18.9357671710981,Gdansk_Swibno,2013,5,24,0.1200000000000001,18.6
54.3364222775687,18.9357671710981,Gdansk_Swibno,2013,5,25,0.2000000000000002,17.5
54.3364222775687,18.9357671710981,Gdansk_Swibno,2013,5,26,0.09999999999999964,16.9
54.3364222775687,18.9357671710981,Gdansk_Swibno,2013,5,27,0.1200000000000001,16.8
54.3364222775687,18.9357671710981,Gdansk_Swibno,2013,5,28,0.1200000000000001,16.8
54.3364222775687,18.9357671710981,Gdansk_Swibno,2013,5,29,0.1100000000000003,16.2
54.3364222775687,18.9357671710981,Gdansk_Swibno,2013,5,30,0.1399999999999997,17.1
54.3364222775687,18.9357671710981,Gdansk_Swibno,2013,5,31,0.1899999999999995,17.7
54.3364222775687,18.9357671710981,Gdansk_Swibno,2013,6,1,0.2400000000000002,17.8
54.3364222775687,18.9357671710981,Gdansk_Swibno,2013,6,2,0.2800000000000002,18.0
54.3364222775687,18.9357671710981,Gdansk_Swibno,2013,6,3,0.3700000000000001,18.2
54.3364222775687,18.9357671710981,Gdansk_Swibno,2013,6,4,0.4699999999999998,18.5
54.3364222775687,18.9357671710981,Gdansk_Swibno,2013,6,5,0.3600000000000003,18.2
54.3364222775687,18.9357671710981,Gdansk_Swibno,2013,6,6,0.2699999999999996,16.7
54.3364222775687,18.9357671710981,Gdansk_Swibno,2013,6,7,0.2199999999999998,17.6
54.3364222775687,18.9357671710981,Gdansk_Swibno,2013,6,8,0.2199999999999998,18.8
54.3364222775687,18.9357671710981,Gdansk_Swibno,2013,6,9,0.2800000000000002,19.6
54.3364222775687,18.9357671710981,Gdansk_Swibno,2013,6,10,0.4100000000000001,20.2
54.3364222775687,18.9357671710981,Gdansk_Swibno,2013,6,11,0.5599999999999996,20.0
54.3364222775687,18.9357671710981,Gdansk_Swibno,2013,6,12,0.6600000000000001,20.8
54.3364222775687,18.9357671710981,Gdansk_Swibno,2013,6,13,0.6699999999999999,21.7
54.3364222775687,18.9357671710981,Gdansk_Swibno,2013,6,14,0.7400000000000002,21.1
54.3364222775687,18.9357671710981,Gdansk_Swibno,2013,6,15,0.6799999999999997,20.8
54.3364222775687,18.9357671710981,Gdansk_Swibno,2013,6,16,0.6100000000000003,20.9
54.3364222775687,18.9357671710981,Gdansk_Swibno,2013,6,17,0.5700000000000003,20.9
54.3364222775687,18.9357671710981,Gdansk_Swibno,2013,6,18,0.5800000000000001,21.0
54.3364222775687,18.9357671710981,Gdansk_Swibno,2013,6,19,0.6699999999999999,21.9
54.3364222775687,18.9357671710981,Gdansk_Swibno,2013,6,20,0.6200000000000001,22.4
54.3364222775687,18.9357671710981,Gdansk_Swibno,2013,6,21,0.5300000000000002,23.3
54.3364222775687,18.9357671710981,Gdansk_Swibno,2013,6,22,0.3200000000000003,23.8
54.3364222775687,18.9357671710981,Gdansk_Swibno,2013,6,23,0.2599999999999998,23.9
54.3364222775687,18.9357671710981,Gdansk_Swibno,2013,6,24,0.2599999999999998,23.7
54.3364222775687,18.9357671710981,Gdansk_Swibno,2013,6,25,0.3099999999999996,23.4
54.3364222775687,18.9357671710981,Gdansk_Swibno,2013,6,26,0.3099999999999996,22.7
54.3364222775687,18.9357671710981,Gdansk_Swibno,2013,6,27,0.2299999999999995,22.1
54.3364222775687,18.9357671710981,Gdansk_Swibno,2013,6,28,0.2000000000000002,22.4
54.3364222775687,18.9357671710981,Gdansk_Swibno,2013,6,29,0.1899999999999995,21.8
54.3364222775687,18.9357671710981,Gdansk_Swibno,2013,6,30,0.2400000000000002,21.7
54.3364222775687,18.9357671710981,Gdansk_Swibno,2013,7,1,0.2699999999999996,20.0
54.3364222775687,18.9357671710981,Gdansk_Swibno,2013,7,2,0.3600000000000003,21.0
54.3364222775687,18.9357671710981,Gdansk_Swibno,2013,7,3,0.3799999999999999,20.9
54.3364222775687,18.9357671710981,Gdansk_Swibno,2013,7,4,0.3700000000000001,21.5
54.3364222775687,18.9357671710981,Gdansk_Swibno,2013,7,5,0.3399999999999999,21.7
54.3364222775687,18.9357671710981,Gdansk_Swibno,2013,7,6,0.3799999999999999,21.8
54.3364222775687,18.9357671710981,Gdansk_Swibno,2013,7,7,0.2999999999999998,21.9
54.3364222775687,18.9357671710981,Gdansk_Swibno,2013,7,8,0.2999999999999998,22.3
54.3364222775687,18.9357671710981,Gdansk_Swibno,2013,7,9,0.2299999999999995,22.9
54.3364222775687,18.9357671710981,Gdansk_Swibno,2013,7,10,0.2299999999999995,23.0
54.3364222775687,18.9357671710981,Gdansk_Swibno,2013,7,11,0.3099999999999996,22.8
54.3364222775687,18.9357671710981,Gdansk_Swibno,2013,7,12,0.3899999999999997,23.0
54.3364222775687,18.9357671710981,Gdansk_Swibno,2013,7,13,0.2699999999999996,22.7
54.3364222775687,18.9357671710981,Gdansk_Swibno,2013,7,14,0.2199999999999998,22.8
54.3364222775687,18.9357671710981,Gdansk_Swibno,2013,7,15,0.2299999999999995,20.8
54.3364222775687,18.9357671710981,Gdansk_Swibno,2013,7,16,0.2199999999999998,20.9
54.3364222775687,18.9357671710981,Gdansk_Swibno,2013,7,17,0.2299999999999995,20.9
54.3364222775687,18.9357671710981,Gdansk_Swibno,2013,7,18,0.21,21.3
54.3364222775687,18.9357671710981,Gdansk_Swibno,2013,7,19,0.3300000000000001,21.5
54.3364222775687,18.9357671710981,Gdansk_Swibno,2013,7,20,0.3799999999999999,21.2
54.3364222775687,18.9357671710981,Gdansk_Swibno,2013,7,21,0.29,21.1
54.3364222775687,18.9357671710981,Gdansk_Swibno,2013,7,22,0.3099999999999996,21.8
54.3364222775687,18.9357671710981,Gdansk_Swibno,2013,7,23,0.4199999999999999,21.7
54.3364222775687,18.9357671710981,Gdansk_Swibno,2013,7,24,0.25,21.0
54.3364222775687,18.9357671710981,Gdansk_Swibno,2013,7,25,0.1299999999999999,21.5
54.3364222775687,18.9357671710981,Gdansk_Swibno,2013,7,26,0.05999999999999961,21.7
54.3364222775687,18.9357671710981,Gdansk_Swibno,2013,7,27,0.04000000000000004,22.3
54.3364222775687,18.9357671710981,Gdansk_Swibno,2013,7,28,0.04999999999999982,23.4
54.3364222775687,18.9357671710981,Gdansk_Swibno,2013,7,29,0.04999999999999982,24.1
54.3364222775687,18.9357671710981,Gdansk_Swibno,2013,7,30,0.04000000000000004,24.4
54.3364222775687,18.9357671710981,Gdansk_Swibno,2013,7,31,0.05999999999999961,23.0
54.3364222775687,18.9357671710981,Gdansk_Swibno,2013,8,1,0.08999999999999986,22.6
54.3364222775687,18.9357671710981,Gdansk_Swibno,2013,8,2,0.1100000000000003,22.7
54.3364222775687,18.9357671710981,Gdansk_Swibno,2013,8,3,0.08000000000000007,22.6
54.3364222775687,18.9357671710981,Gdansk_Swibno,2013,8,4,0.08000000000000007,23.5
54.3364222775687,18.9357671710981,Gdansk_Swibno,2013,8,5,0.07000000000000028,22.9
54.3364222775687,18.9357671710981,Gdansk_Swibno,2013,8,6,0.05999999999999961,23.8
54.3364222775687,18.9357671710981,Gdansk_Swibno,2013,8,7,0.08000000000000007,24.5
54.3364222775687,18.9357671710981,Gdansk_Swibno,2013,8,8,0.1100000000000003,25.0
54.3364222775687,18.9357671710981,Gdansk_Swibno,2013,8,9,0.08999999999999986,25.1
54.3364222775687,18.9357671710981,Gdansk_Swibno,2013,8,10,0.1200000000000001,24.3
54.3364222775687,18.9357671710981,Gdansk_Swibno,2013,8,11,0.1399999999999997,23.9
54.3364222775687,18.9357671710981,Gdansk_Swibno,2013,8,12,0.09999999999999964,23.1
54.3364222775687,18.9357671710981,Gdansk_Swibno,2013,8,13,0.1899999999999995,21.5
54.3364222775687,18.9357671710981,Gdansk_Swibno,2013,8,14,0.2199999999999998,20.7
54.3364222775687,18.9357671710981,Gdansk_Swibno,2013,8,15,0.2699999999999996,19.9
54.3364222775687,18.9357671710981,Gdansk_Swibno,2013,8,16,0.1799999999999997,19.7
54.3364222775687,18.9357671710981,Gdansk_Swibno,2013,8,17,0.09999999999999964,20.5
54.3364222775687,18.9357671710981,Gdansk_Swibno,2013,8,18,0.1200000000000001,20.3
54.3364222775687,18.9357671710981,Gdansk_Swibno,2013,8,19,0.1399999999999997,21.2
54.3364222775687,18.9357671710981,Gdansk_Swibno,2013,8,20,0.2400000000000002,22.1
54.3364222775687,18.9357671710981,Gdansk_Swibno,2013,8,21,0.2000000000000002,21.9
54.3364222775687,18.9357671710981,Gdansk_Swibno,2013,8,22,0.2299999999999995,21.4
54.3364222775687,18.9357671710981,Gdansk_Swibno,2013,8,23,0.2800000000000002,20.6
54.3364222775687,18.9357671710981,Gdansk_Swibno,2013,8,24,0.1799999999999997,20.8
54.3364222775687,18.9357671710981,Gdansk_Swibno,2013,8,25,0.1100000000000003,20.0
54.3364222775687,18.9357671710981,Gdansk_Swibno,2013,8,26,0.07000000000000028,19.6
54.3364222775687,18.9357671710981,Gdansk_Swibno,2013,8,27,0.01999999999999957,19.8
54.3364222775687,18.9357671710981,Gdansk_Swibno,2013,8,28,-0.009999999999999787,20.0
54.3364222775687,18.9357671710981,Gdansk_Swibno,2013,8,29,0.009999999999999787,20.4
54.3364222775687,18.9357671710981,Gdansk_Swibno,2013,8,30,0.01999999999999957,20.2
54.3364222775687,18.9357671710981,Gdansk_Swibno,2013,8,31,0.05999999999999961,20.7
54.3364222775687,18.9357671710981,Gdansk_Swibno,2013,9,1,0.1500000000000004,20.5
54.3364222775687,18.9357671710981,Gdansk_Swibno,2013,9,2,0.2699999999999996,19.7
54.3364222775687,18.9357671710981,Gdansk_Swibno,2013,9,3,0.4500000000000002,18.0
54.3364222775687,18.9357671710981,Gdansk_Swibno,2013,9,4,0.2299999999999995,17.4
54.3364222775687,18.9357671710981,Gdansk_Swibno,2013,9,5,0.1600000000000001,17.3
54.3364222775687,18.9357671710981,Gdansk_Swibno,2013,9,6,0.1100000000000003,17.5
54.3364222775687,18.9357671710981,Gdansk_Swibno,2013,9,7,0.07000000000000028,18.5
54.3364222775687,18.9357671710981,Gdansk_Swibno,2013,9,8,0.03000000000000025,18.8
54.3364222775687,18.9357671710981,Gdansk_Swibno,2013,9,9,0.05999999999999961,17.6
54.3364222775687,18.9357671710981,Gdansk_Swibno,2013,9,10,0.03000000000000025,18.7
54.3364222775687,18.9357671710981,Gdansk_Swibno,2013,9,11,0.01999999999999957,18.3
54.3364222775687,18.9357671710981,Gdansk_Swibno,2013,9,12,0.07000000000000028,17.7
54.3364222775687,18.9357671710981,Gdansk_Swibno,2013,9,13,0.08000000000000007,17.8
54.3364222775687,18.9357671710981,Gdansk_Swibno,2013,9,14,0.07000000000000028,16.7
54.3364222775687,18.9357671710981,Gdansk_Swibno,2013,9,15,-0.03000000000000025,16.8
54.3364222775687,18.9357671710981,Gdansk_Swibno,2013,9,16,-0.08000000000000007,16.4
54.3364222775687,18.9357671710981,Gdansk_Swibno,2013,9,17,0.05999999999999961,16.3
54.3364222775687,18.9357671710981,Gdansk_Swibno,2013,9,18,0.04999999999999982,16.3
54.3364222775687,18.9357671710981,Gdansk_Swibno,2013,9,19,0.1399999999999997,16.4
54.3364222775687,18.9357671710981,Gdansk_Swibno,2013,9,20,0.1500000000000004,16.4
54.3364222775687,18.9357671710981,Gdansk_Swibno,2013,9,21,0.1699999999999999,15.6
54.3364222775687,18.9357671710981,Gdansk_Swibno,2013,9,22,0.1600000000000001,15.5
54.3364222775687,18.9357671710981,Gdansk_Swibno,2013,9,23,0.4500000000000002,15.4
54.3364222775687,18.9357671710981,Gdansk_Swibno,2013,9,24,0.5199999999999996,15.1
54.3364222775687,18.9357671710981,Gdansk_Swibno,2013,9,25,0.3200000000000003,14.4
54.3364222775687,18.9357671710981,Gdansk_Swibno,2013,9,26,0.2699999999999996,14.1
54.3364222775687,18.9357671710981,Gdansk_Swibno,2013,9,27,0.2299999999999995,13.3
54.3364222775687,18.9357671710981,Gdansk_Swibno,2013,9,28,0.2299999999999995,13.0
54.3364222775687,18.9357671710981,Gdansk_Swibno,2013,9,29,0.1500000000000004,13.1
54.3364222775687,18.9357671710981,Gdansk_Swibno,2013,9,30,0.08000000000000007,13.0
54.3364222775687,18.9357671710981,Gdansk_Swibno,2013,10,1,0.04000000000000004,12.5
54.3364222775687,18.9357671710981,Gdansk_Swibno,2013,10,2,-0.0600000000000005,12.2
54.3364222775687,18.9357671710981,Gdansk_Swibno,2013,10,3,-0.1399999999999997,11.6
54.3364222775687,18.9357671710981,Gdansk_Swibno,2013,10,4,-0.29,11.0
54.3364222775687,18.9357671710981,Gdansk_Swibno,2013,10,5,-0.3700000000000001,10.9
54.3364222775687,18.9357671710981,Gdansk_Swibno,2013,10,6,-0.1900000000000004,10.6
54.3364222775687,18.9357671710981,Gdansk_Swibno,2013,10,7,-0.1699999999999999,10.6
54.3364222775687,18.9357671710981,Gdansk_Swibno,2013,10,8,-0.1299999999999999,11.0
54.3364222775687,18.9357671710981,Gdansk_Swibno,2013,10,9,-0.1399999999999997,11.3
54.3364222775687,18.9357671710981,Gdansk_Swibno,2013,10,10,-0.009999999999999787,12.1
54.3364222775687,18.9357671710981,Gdansk_Swibno,2013,10,11,0.04999999999999982,12.0
54.3364222775687,18.9357671710981,Gdansk_Swibno,2013,10,12,-0.03000000000000025,11.9
54.3364222775687,18.9357671710981,Gdansk_Swibno,2013,10,13,-0.04000000000000004,12.1
54.3364222775687,18.9357671710981,Gdansk_Swibno,2013,10,14,-0.07000000000000028,11.8
54.3364222775687,18.9357671710981,Gdansk_Swibno,2013,10,15,-0.1299999999999999,11.5
54.3364222775687,18.9357671710981,Gdansk_Swibno,2013,10,16,-0.04000000000000004,11.4
54.3364222775687,18.9357671710981,Gdansk_Swibno,2013,10,17,-0.1399999999999997,11.8
54.3364222775687,18.9357671710981,Gdansk_Swibno,2013,10,18,0.21,11.4
54.3364222775687,18.9357671710981,Gdansk_Swibno,2013,10,19,-0.04000000000000004,11.1
54.3364222775687,18.9357671710981,Gdansk_Swibno,2013,10,20,-0.04000000000000004,11.0
54.3364222775687,18.9357671710981,Gdansk_Swibno,2013,10,21,-0.009999999999999787,10.8
54.3364222775687,18.9357671710981,Gdansk_Swibno,2013,10,22,-0.1900000000000004,11.2
54.3364222775687,18.9357671710981,Gdansk_Swibno,2013,10,23,-0.3200000000000003,11.2
54.3364222775687,18.9357671710981,Gdansk_Swibno,2013,10,24,-0.1600000000000001,12.2
54.3364222775687,18.9357671710981,Gdansk_Swibno,2013,10,25,-0.1100000000000003,12.0
54.3364222775687,18.9357671710981,Gdansk_Swibno,2013,10,26,-0.09999999999999964,11.9
54.3364222775687,18.9357671710981,Gdansk_Swibno,2013,10,27,-0.07000000000000028,12.0
54.3364222775687,18.9357671710981,Gdansk_Swibno,2013,10,28,-0.08000000000000007,11.8
54.3364222775687,18.9357671710981,Gdansk_Swibno,2013,10,29,-0.09999999999999964,11.6
54.3364222775687,18.9357671710981,Gdansk_Swibno,2013,10,30,0.07000000000000028,11.2
54.3364222775687,18.9357671710981,Gdansk_Swibno,2013,10,31,0.07000000000000028,10.9
54.3364222775687,18.9357671710981,Gdansk_Swibno,2013,11,1,0.04999999999999982,10.4
54.3364222775687,18.9357671710981,Gdansk_Swibno,2013,11,2,0.1299999999999999,10.5
54.3364222775687,18.9357671710981,Gdansk_Swibno,2013,11,3,0.2299999999999995,10.7
54.3364222775687,18.9357671710981,Gdansk_Swibno,2013,11,4,0.04000000000000004,10.0
54.3364222775687,18.9357671710981,Gdansk_Swibno,2013,11,5,0.1699999999999999,9.7
54.3364222775687,18.9357671710981,Gdansk_Swibno,2013,11,6,0.29,9.7
54.3364222775687,18.9357671710981,Gdansk_Swibno,2013,11,7,0.29,9.5
54.3364222775687,18.9357671710981,Gdansk_Swibno,2013,11,8,0.2400000000000002,9.2
54.3364222775687,18.9357671710981,Gdansk_Swibno,2013,11,9,0.3099999999999996,9.5
54.3364222775687,18.9357671710981,Gdansk_Swibno,2013,11,10,0.1799999999999997,9.0
54.3364222775687,18.9357671710981,Gdansk_Swibno,2013,11,11,0.4000000000000004,9.2
54.3364222775687,18.9357671710981,Gdansk_Swibno,2013,11,12,0.1500000000000004,9.0
54.3364222775687,18.9357671710981,Gdansk_Swibno,2013,11,13,0.3099999999999996,8.8
54.3364222775687,18.9357671710981,Gdansk_Swibno,2013,11,14,0.3300000000000001,8.6
54.3364222775687,18.9357671710981,Gdansk_Swibno,2013,11,15,0.2699999999999996,8.5
54.3364222775687,18.9357671710981,Gdansk_Swibno,2013,11,16,0.2699999999999996,8.4
54.3364222775687,18.9357671710981,Gdansk_Swibno,2013,11,17,0.3399999999999999,8.4
54.3364222775687,18.9357671710981,Gdansk_Swibno,2013,11,18,0.25,7.7
54.3364222775687,18.9357671710981,Gdansk_Swibno,2013,11,19,0.2400000000000002,7.4
54.3364222775687,18.9357671710981,Gdansk_Swibno,2013,11,20,0.3700000000000001,7.7
54.3364222775687,18.9357671710981,Gdansk_Swibno,2013,11,21,0.3600000000000003,7.5
54.3364222775687,18.9357671710981,Gdansk_Swibno,2013,11,22,0.3700000000000001,7.3
54.3364222775687,18.9357671710981,Gdansk_Swibno,2013,11,23,0.29,7.3
54.3364222775687,18.9357671710981,Gdansk_Swibno,2013,11,24,0.3899999999999997,7.4
54.3364222775687,18.9357671710981,Gdansk_Swibno,2013,11,25,0.5,7.3
54.3364222775687,18.9357671710981,Gdansk_Swibno,2013,11,26,0.3700000000000001,6.4
54.3364222775687,18.9357671710981,Gdansk_Swibno,2013,11,27,0.09999999999999964,5.8
54.3364222775687,18.9357671710981,Gdansk_Swibno,2013,11,28,0.3799999999999999,5.5
54.3364222775687,18.9357671710981,Gdansk_Swibno,2013,11,29,0.4199999999999999,5.6
54.3364222775687,18.9357671710981,Gdansk_Swibno,2013,11,30,0.2800000000000002,5.2
54.3364222775687,18.9357671710981,Gdansk_Swibno,2014,5,1,0.08000000000000007,14.8
54.3364222775687,18.9357671710981,Gdansk_Swibno,2014,5,2,0.04999999999999982,15.3
54.3364222775687,18.9357671710981,Gdansk_Swibno,2014,5,3,-0.03000000000000025,15.1
54.3364222775687,18.9357671710981,Gdansk_Swibno,2014,5,4,0.04000000000000004,14.2
54.3364222775687,18.9357671710981,Gdansk_Swibno,2014,5,5,0.05999999999999961,13.6
54.3364222775687,18.9357671710981,Gdansk_Swibno,2014,5,6,-0.009999999999999787,13.8
54.3364222775687,18.9357671710981,Gdansk_Swibno,2014,5,7,0.01999999999999957,14.3
54.3364222775687,18.9357671710981,Gdansk_Swibno,2014,5,8,-0.02000000000000046,14.4
54.3364222775687,18.9357671710981,Gdansk_Swibno,2014,5,9,0.01999999999999957,15.2
54.3364222775687,18.9357671710981,Gdansk_Swibno,2014,5,10,0.04000000000000004,15.3
54.3364222775687,18.9357671710981,Gdansk_Swibno,2014,5,11,0.01999999999999957,15.1
54.3364222775687,18.9357671710981,Gdansk_Swibno,2014,5,12,0.03000000000000025,15.2
54.3364222775687,18.9357671710981,Gdansk_Swibno,2014,5,13,0.07000000000000028,15.4
54.3364222775687,18.9357671710981,Gdansk_Swibno,2014,5,14,0.09999999999999964,15.1
54.3364222775687,18.9357671710981,Gdansk_Swibno,2014,5,15,0.1500000000000004,15.0
54.3364222775687,18.9357671710981,Gdansk_Swibno,2014,5,16,0.08999999999999986,14.7
54.3364222775687,18.9357671710981,Gdansk_Swibno,2014,5,17,0.09999999999999964,14.2
54.3364222775687,18.9357671710981,Gdansk_Swibno,2014,5,18,0.05999999999999961,14.4
54.3364222775687,18.9357671710981,Gdansk_Swibno,2014,5,19,0.01999999999999957,15.5
54.3364222775687,18.9357671710981,Gdansk_Swibno,2014,5,20,0.03000000000000025,16.6
54.3364222775687,18.9357671710981,Gdansk_Swibno,2014,5,21,0.1299999999999999,17.6
54.3364222775687,18.9357671710981,Gdansk_Swibno,2014,5,22,0.2299999999999995,18.4
54.3364222775687,18.9357671710981,Gdansk_Swibno,2014,5,23,0.5800000000000001,18.9
54.3364222775687,18.9357671710981,Gdansk_Swibno,2014,5,24,0.9699999999999998,19.2
54.3364222775687,18.9357671710981,Gdansk_Swibno,2014,5,25,1.34,18.9
54.3364222775687,18.9357671710981,Gdansk_Swibno,2014,5,26,1.31,18.3
54.3364222775687,18.9357671710981,Gdansk_Swibno,2014,5,27,1.16,18.7
54.3364222775687,18.9357671710981,Gdansk_Swibno,2014,5,28,0.8099999999999996,17.6
54.3364222775687,18.9357671710981,Gdansk_Swibno,2014,5,29,0.4100000000000001,17.4
54.3364222775687,18.9357671710981,Gdansk_Swibno,2014,5,30,0.1600000000000001,16.9
54.3364222775687,18.9357671710981,Gdansk_Swibno,2014,5,31,0.1100000000000003,16.7
54.3364222775687,18.9357671710981,Gdansk_Swibno,2014,6,1,0.1399999999999997,19.0
54.3364222775687,18.9357671710981,Gdansk_Swibno,2014,6,2,0.25,19.1
54.3364222775687,18.9357671710981,Gdansk_Swibno,2014,6,3,0.2000000000000002,17.8
54.3364222775687,18.9357671710981,Gdansk_Swibno,2014,6,4,0.1399999999999997,18.2
54.3364222775687,18.9357671710981,Gdansk_Swibno,2014,6,5,0.1200000000000001,18.1
54.3364222775687,18.9357671710981,Gdansk_Swibno,2014,6,6,0.07000000000000028,19.1
54.3364222775687,18.9357671710981,Gdansk_Swibno,2014,6,7,-0.009999999999999787,19.0
54.3364222775687,18.9357671710981,Gdansk_Swibno,2014,6,8,-0.04999999999999982,19.6
54.3364222775687,18.9357671710981,Gdansk_Swibno,2014,6,9,-0.04000000000000004,20.2
54.3364222775687,18.9357671710981,Gdansk_Swibno,2014,6,10,0.0,21.2
54.3364222775687,18.9357671710981,Gdansk_Swibno,2014,6,11,0.0,21.8
54.3364222775687,18.9357671710981,Gdansk_Swibno,2014,6,12,0.04000000000000004,22.1
54.3364222775687,18.9357671710981,Gdansk_Swibno,2014,6,13,0.09999999999999964,22.1
54.3364222775687,18.9357671710981,Gdansk_Swibno,2014,6,14,0.3099999999999996,21.2
54.3364222775687,18.9357671710981,Gdansk_Swibno,2014,6,15,0.1699999999999999,20.2
54.3364222775687,18.9357671710981,Gdansk_Swibno,2014,6,16,0.08999999999999986,19.5
54.3364222775687,18.9357671710981,Gdansk_Swibno,2014,6,17,0.1100000000000003,19.9
54.3364222775687,18.9357671710981,Gdansk_Swibno,2014,6,18,0.05999999999999961,20.5
54.3364222775687,18.9357671710981,Gdansk_Swibno,2014,6,19,0.07000000000000028,20.6
54.3364222775687,18.9357671710981,Gdansk_Swibno,2014,6,20,0.1899999999999995,20.1
54.3364222775687,18.9357671710981,Gdansk_Swibno,2014,6,21,0.1799999999999997,19.6
54.3364222775687,18.9357671710981,Gdansk_Swibno,2014,6,22,0.21,18.8
54.3364222775687,18.9357671710981,Gdansk_Swibno,2014,6,23,0.2299999999999995,18.5
54.3364222775687,18.9357671710981,Gdansk_Swibno,2014,6,24,0.2800000000000002,18.2
54.3364222775687,18.9357671710981,Gdansk_Swibno,2014,6,25,0.25,18.2
54.3364222775687,18.9357671710981,Gdansk_Swibno,2014,6,26,0.2000000000000002,18.1
54.3364222775687,18.9357671710981,Gdansk_Swibno,2014,6,27,0.1399999999999997,18.3
54.3364222775687,18.9357671710981,Gdansk_Swibno,2014,6,28,0.09999999999999964,18.6
54.3364222775687,18.9357671710981,Gdansk_Swibno,2014,6,29,0.1200000000000001,19.1
54.3364222775687,18.9357671710981,Gdansk_Swibno,2014,6,30,0.1399999999999997,19.4
54.3364222775687,18.9357671710981,Gdansk_Swibno,2014,7,1,0.1600000000000001,19.4
54.3364222775687,18.9357671710981,Gdansk_Swibno,2014,7,2,0.1299999999999999,19.5
54.3364222775687,18.9357671710981,Gdansk_Swibno,2014,7,3,0.09999999999999964,19.5
54.3364222775687,18.9357671710981,Gdansk_Swibno,2014,7,4,0.09999999999999964,19.7
54.3364222775687,18.9357671710981,Gdansk_Swibno,2014,7,5,0.1399999999999997,20.6
54.3364222775687,18.9357671710981,Gdansk_Swibno,2014,7,6,0.1600000000000001,21.2
54.3364222775687,18.9357671710981,Gdansk_Swibno,2014,7,7,0.1500000000000004,22.6
54.3364222775687,18.9357671710981,Gdansk_Swibno,2014,7,8,0.1600000000000001,23.8
54.3364222775687,18.9357671710981,Gdansk_Swibno,2014,7,9,0.1699999999999999,23.8
54.3364222775687,18.9357671710981,Gdansk_Swibno,2014,7,10,0.1799999999999997,24.0
54.3364222775687,18.9357671710981,Gdansk_Swibno,2014,7,11,0.1699999999999999,23.7
54.3364222775687,18.9357671710981,Gdansk_Swibno,2014,7,12,0.1399999999999997,22.8
54.3364222775687,18.9357671710981,Gdansk_Swibno,2014,7,13,0.05999999999999961,22.1
54.3364222775687,18.9357671710981,Gdansk_Swibno,2014,7,14,0.01999999999999957,21.7
54.3364222775687,18.9357671710981,Gdansk_Swibno,2014,7,15,-0.03000000000000025,22.3
54.3364222775687,18.9357671710981,Gdansk_Swibno,2014,7,16,-0.009999999999999787,22.9
54.3364222775687,18.9357671710981,Gdansk_Swibno,2014,7,17,0.03000000000000025,23.3
54.3364222775687,18.9357671710981,Gdansk_Swibno,2014,7,18,0.03000000000000025,22.7
54.3364222775687,18.9357671710981,Gdansk_Swibno,2014,7,19,0.1299999999999999,23.0
54.3364222775687,18.9357671710981,Gdansk_Swibno,2014,7,20,0.25,23.8
54.3364222775687,18.9357671710981,Gdansk_Swibno,2014,7,21,0.2199999999999998,24.6
54.3364222775687,18.9357671710981,Gdansk_Swibno,2014,7,22,0.1299999999999999,24.3
54.3364222775687,18.9357671710981,Gdansk_Swibno,2014,7,23,0.09999999999999964,24.2
54.3364222775687,18.9357671710981,Gdansk_Swibno,2014,7,24,0.04999999999999982,23.4
54.3364222775687,18.9357671710981,Gdansk_Swibno,2014,7,25,0.01999999999999957,23.8
54.3364222775687,18.9357671710981,Gdansk_Swibno,2014,7,26,-0.02000000000000046,23.4
54.3364222775687,18.9357671710981,Gdansk_Swibno,2014,7,27,-0.04000000000000004,22.9
54.3364222775687,18.9357671710981,Gdansk_Swibno,2014,7,28,-0.07000000000000028,23.2
54.3364222775687,18.9357671710981,Gdansk_Swibno,2014,7,29,-0.04999999999999982,23.8
54.3364222775687,18.9357671710981,Gdansk_Swibno,2014,7,30,-0.02000000000000046,25.1
54.3364222775687,18.9357671710981,Gdansk_Swibno,2014,7,31,0.03000000000000025,25.5
54.3364222775687,18.9357671710981,Gdansk_Swibno,2014,8,1,0.04000000000000004,24.5
54.3364222775687,18.9357671710981,Gdansk_Swibno,2014,8,2,0.05999999999999961,24.4
54.3364222775687,18.9357671710981,Gdansk_Swibno,2014,8,3,0.04999999999999982,24.7
54.3364222775687,18.9357671710981,Gdansk_Swibno,2014,8,4,0.03000000000000025,24.8
54.3364222775687,18.9357671710981,Gdansk_Swibno,2014,8,5,0.03000000000000025,25.2
54.3364222775687,18.9357671710981,Gdansk_Swibno,2014,8,6,0.05999999999999961,25.1
54.3364222775687,18.9357671710981,Gdansk_Swibno,2014,8,7,0.01999999999999957,24.2
54.3364222775687,18.9357671710981,Gdansk_Swibno,2014,8,8,0.009999999999999787,24.0
54.3364222775687,18.9357671710981,Gdansk_Swibno,2014,8,9,0.03000000000000025,23.9
54.3364222775687,18.9357671710981,Gdansk_Swibno,2014,8,10,0.01999999999999957,24.5
54.3364222775687,18.9357671710981,Gdansk_Swibno,2014,8,11,-0.02000000000000046,24.3
54.3364222775687,18.9357671710981,Gdansk_Swibno,2014,8,12,-0.04000000000000004,23.9
54.3364222775687,18.9357671710981,Gdansk_Swibno,2014,8,13,-0.07000000000000028,23.7
54.3364222775687,18.9357671710981,Gdansk_Swibno,2014,8,14,0.07000000000000028,23.0
54.3364222775687,18.9357671710981,Gdansk_Swibno,2014,8,15,0.08999999999999986,22.9
54.3364222775687,18.9357671710981,Gdansk_Swibno,2014,8,16,0.1299999999999999,22.8
54.3364222775687,18.9357671710981,Gdansk_Swibno,2014,8,17,0.1200000000000001,21.7
54.3364222775687,18.9357671710981,Gdansk_Swibno,2014,8,18,0.07000000000000028,20.2
54.3364222775687,18.9357671710981,Gdansk_Swibno,2014,8,19,0.08000000000000007,20.2
54.3364222775687,18.9357671710981,Gdansk_Swibno,2014,8,20,0.1299999999999999,19.7
54.3364222775687,18.9357671710981,Gdansk_Swibno,2014,8,21,0.2000000000000002,19.1
54.3364222775687,18.9357671710981,Gdansk_Swibno,2014,8,22,0.2400000000000002,18.9
54.3364222775687,18.9357671710981,Gdansk_Swibno,2014,8,23,0.2699999999999996,18.9
54.3364222775687,18.9357671710981,Gdansk_Swibno,2014,8,24,0.2800000000000002,18.5
54.3364222775687,18.9357671710981,Gdansk_Swibno,2014,8,25,0.3499999999999996,18.5
54.3364222775687,18.9357671710981,Gdansk_Swibno,2014,8,26,0.3499999999999996,18.3
54.3364222775687,18.9357671710981,Gdansk_Swibno,2014,8,27,0.46,18.2
54.3364222775687,18.9357671710981,Gdansk_Swibno,2014,8,28,0.4000000000000004,17.7
54.3364222775687,18.9357671710981,Gdansk_Swibno,2014,8,29,0.3300000000000001,18.0
54.3364222775687,18.9357671710981,Gdansk_Swibno,2014,8,30,0.2999999999999998,18.3
54.3364222775687,18.9357671710981,Gdansk_Swibno,2014,8,31,0.2699999999999996,18.6
54.3364222775687,18.9357671710981,Gdansk_Swibno,2014,9,1,0.25,18.9
54.3364222775687,18.9357671710981,Gdansk_Swibno,2014,9,2,0.1799999999999997,18.2
54.3364222775687,18.9357671710981,Gdansk_Swibno,2014,9,3,0.1399999999999997,17.9
54.3364222775687,18.9357671710981,Gdansk_Swibno,2014,9,4,0.1100000000000003,17.4
54.3364222775687,18.9357671710981,Gdansk_Swibno,2014,9,5,0.05999999999999961,17.9
54.3364222775687,18.9357671710981,Gdansk_Swibno,2014,9,6,0.07000000000000028,18.3
54.3364222775687,18.9357671710981,Gdansk_Swibno,2014,9,7,0.07000000000000028,18.6
54.3364222775687,18.9357671710981,Gdansk_Swibno,2014,9,8,0.04999999999999982,19.1
54.3364222775687,18.9357671710981,Gdansk_Swibno,2014,9,9,0.03000000000000025,19.1
54.3364222775687,18.9357671710981,Gdansk_Swibno,2014,9,10,0.09999999999999964,19.0
54.3364222775687,18.9357671710981,Gdansk_Swibno,2014,9,11,0.1299999999999999,18.5
54.3364222775687,18.9357671710981,Gdansk_Swibno,2014,9,12,0.1299999999999999,18.5
54.3364222775687,18.9357671710981,Gdansk_Swibno,2014,9,13,0.1399999999999997,18.1
54.3364222775687,18.9357671710981,Gdansk_Swibno,2014,9,14,0.08999999999999986,18.4
54.3364222775687,18.9357671710981,Gdansk_Swibno,2014,9,15,0.01999999999999957,19.7
54.3364222775687,18.9357671710981,Gdansk_Swibno,2014,9,16,-0.04000000000000004,19.4
54.3364222775687,18.9357671710981,Gdansk_Swibno,2014,9,17,-0.08999999999999986,18.7
54.3364222775687,18.9357671710981,Gdansk_Swibno,2014,9,18,-0.1200000000000001,18.4
54.3364222775687,18.9357671710981,Gdansk_Swibno,2014,9,19,-0.1299999999999999,18.2
54.3364222775687,18.9357671710981,Gdansk_Swibno,2014,9,20,-0.1100000000000003,18.2
54.3364222775687,18.9357671710981,Gdansk_Swibno,2014,9,21,-0.09999999999999964,18.3
54.3364222775687,18.9357671710981,Gdansk_Swibno,2014,9,22,0.05999999999999961,18.2
54.3364222775687,18.9357671710981,Gdansk_Swibno,2014,9,23,0.4100000000000001,17.4
54.3364222775687,18.9357671710981,Gdansk_Swibno,2014,9,24,-0.08000000000000007,15.7
54.3364222775687,18.9357671710981,Gdansk_Swibno,2014,9,25,-0.08999999999999986,15.0
54.3364222775687,18.9357671710981,Gdansk_Swibno,2014,9,26,-0.07000000000000028,14.6
54.3364222775687,18.9357671710981,Gdansk_Swibno,2014,9,27,0.03000000000000025,14.6
54.3364222775687,18.9357671710981,Gdansk_Swibno,2014,9,28,0.03000000000000025,14.5
54.3364222775687,18.9357671710981,Gdansk_Swibno,2014,9,29,0.08000000000000007,15.1
54.3364222775687,18.9357671710981,Gdansk_Swibno,2014,9,30,0.2000000000000002,15.4
54.3364222775687,18.9357671710981,Gdansk_Swibno,2014,10,1,0.1200000000000001,15.5
54.3364222775687,18.9357671710981,Gdansk_Swibno,2014,10,2,0.04000000000000004,14.9
54.3364222775687,18.9357671710981,Gdansk_Swibno,2014,10,3,0.07000000000000028,14.5
54.3364222775687,18.9357671710981,Gdansk_Swibno,2014,10,4,0.04999999999999982,14.4
54.3364222775687,18.9357671710981,Gdansk_Swibno,2014,10,5,0.04000000000000004,14.1
54.3364222775687,18.9357671710981,Gdansk_Swibno,2014,10,6,0.009999999999999787,14.0
54.3364222775687,18.9357671710981,Gdansk_Swibno,2014,10,7,-0.1299999999999999,13.2
54.3364222775687,18.9357671710981,Gdansk_Swibno,2014,10,8,-0.2199999999999998,13.2
54.3364222775687,18.9357671710981,Gdansk_Swibno,2014,10,9,-0.1200000000000001,13.4
54.3364222775687,18.9357671710981,Gdansk_Swibno,2014,10,10,-0.08999999999999986,13.8
54.3364222775687,18.9357671710981,Gdansk_Swibno,2014,10,11,-0.0600000000000005,14.2
54.3364222775687,18.9357671710981,Gdansk_Swibno,2014,10,12,0.009999999999999787,14.3
54.3364222775687,18.9357671710981,Gdansk_Swibno,2014,10,13,-0.03000000000000025,14.6
54.3364222775687,18.9357671710981,Gdansk_Swibno,2014,10,14,0.07000000000000028,14.6
54.3364222775687,18.9357671710981,Gdansk_Swibno,2014,10,15,0.1200000000000001,14.5
54.3364222775687,18.9357671710981,Gdansk_Swibno,2014,10,16,0.05999999999999961,14.3
54.3364222775687,18.9357671710981,Gdansk_Swibno,2014,10,17,0.01999999999999957,14.3
54.3364222775687,18.9357671710981,Gdansk_Swibno,2014,10,18,-0.09999999999999964,13.8
54.3364222775687,18.9357671710981,Gdansk_Swibno,2014,10,19,-0.2400000000000002,13.5
54.3364222775687,18.9357671710981,Gdansk_Swibno,2014,10,20,0.0,13.7
54.3364222775687,18.9357671710981,Gdansk_Swibno,2014,10,21,0.07000000000000028,13.8
54.3364222775687,18.9357671710981,Gdansk_Swibno,2014,10,22,0.08999999999999986,13.4
54.3364222775687,18.9357671710981,Gdansk_Swibno,2014,10,23,0.009999999999999787,12.5
54.3364222775687,18.9357671710981,Gdansk_Swibno,2014,10,24,-0.25,11.6
54.3364222775687,18.9357671710981,Gdansk_Swibno,2014,10,25,-0.3200000000000003,10.0
54.3364222775687,18.9357671710981,Gdansk_Swibno,2014,10,26,-0.1600000000000001,9.2
54.3364222775687,18.9357671710981,Gdansk_Swibno,2014,10,27,-0.1900000000000004,9.4
54.3364222775687,18.9357671710981,Gdansk_Swibno,2014,10,28,-0.09999999999999964,9.0
54.3364222775687,18.9357671710981,Gdansk_Swibno,2014,10,29,-0.08999999999999986,9.1
54.3364222775687,18.9357671710981,Gdansk_Swibno,2014,10,30,0.1399999999999997,8.2
54.3364222775687,18.9357671710981,Gdansk_Swibno,2014,10,31,0.1799999999999997,8.4
54.3364222775687,18.9357671710981,Gdansk_Swibno,2014,11,1,0.1399999999999997,8.0
54.3364222775687,18.9357671710981,Gdansk_Swibno,2014,11,2,-0.0600000000000005,7.6
54.3364222775687,18.9357671710981,Gdansk_Swibno,2014,11,3,-0.04000000000000004,8.2
54.3364222775687,18.9357671710981,Gdansk_Swibno,2014,11,4,-0.009999999999999787,7.7
54.3364222775687,18.9357671710981,Gdansk_Swibno,2014,11,5,0.2299999999999995,8.1
54.3364222775687,18.9357671710981,Gdansk_Swibno,2014,11,6,0.25,8.3
54.3364222775687,18.9357671710981,Gdansk_Swibno,2014,11,7,0.1600000000000001,8.1
54.3364222775687,18.9357671710981,Gdansk_Swibno,2014,11,8,0.09999999999999964,7.6
54.3364222775687,18.9357671710981,Gdansk_Swibno,2014,11,9,0.03000000000000025,7.6
54.3364222775687,18.9357671710981,Gdansk_Swibno,2014,11,10,-0.009999999999999787,7.9
54.3364222775687,18.9357671710981,Gdansk_Swibno,2014,11,11,0.009999999999999787,8.0
54.3364222775687,18.9357671710981,Gdansk_Swibno,2014,11,12,0.08000000000000007,8.4
54.3364222775687,18.9357671710981,Gdansk_Swibno,2014,11,13,0.1100000000000003,8.6
54.3364222775687,18.9357671710981,Gdansk_Swibno,2014,11,14,0.04000000000000004,8.6
54.3364222775687,18.9357671710981,Gdansk_Swibno,2014,11,15,-0.04999999999999982,8.4
54.3364222775687,18.9357671710981,Gdansk_Swibno,2014,11,16,-0.1100000000000003,8.1
54.3364222775687,18.9357671710981,Gdansk_Swibno,2014,11,17,-0.08999999999999986,7.7
54.3364222775687,18.9357671710981,Gdansk_Swibno,2014,11,18,-0.1299999999999999,7.4
54.3364222775687,18.9357671710981,Gdansk_Swibno,2014,11,19,-0.09999999999999964,7.1
54.3364222775687,18.9357671710981,Gdansk_Swibno,2014,11,20,-0.1200000000000001,6.8
54.3364222775687,18.9357671710981,Gdansk_Swibno,2014,11,21,-0.1100000000000003,6.4
54.3364222775687,18.9357671710981,Gdansk_Swibno,2014,11,22,-0.1299999999999999,6.5
54.3364222775687,18.9357671710981,Gdansk_Swibno,2014,11,23,-0.21,6.2
54.3364222775687,18.9357671710981,Gdansk_Swibno,2014,11,24,-0.5,5.4
54.3364222775687,18.9357671710981,Gdansk_Swibno,2014,11,25,-0.2599999999999998,5.5
54.3364222775687,18.9357671710981,Gdansk_Swibno,2014,11,26,-0.1299999999999999,5.6
54.3364222775687,18.9357671710981,Gdansk_Swibno,2014,11,27,-0.1299999999999999,5.5
54.3364222775687,18.9357671710981,Gdansk_Swibno,2014,11,28,-0.1799999999999997,5.2
54.3364222775687,18.9357671710981,Gdansk_Swibno,2014,11,29,-0.2300000000000004,4.1
54.3364222775687,18.9357671710981,Gdansk_Swibno,2014,11,30,-0.2700000000000005,3.0
54.3364222775687,18.9357671710981,Gdansk_Swibno,2015,5,1,0.09999999999999964,13.2
54.3364222775687,18.9357671710981,Gdansk_Swibno,2015,5,2,0.1299999999999999,12.8
54.3364222775687,18.9357671710981,Gdansk_Swibno,2015,5,3,0.08999999999999986,13.0
54.3364222775687,18.9357671710981,Gdansk_Swibno,2015,5,4,0.07000000000000028,13.6
54.3364222775687,18.9357671710981,Gdansk_Swibno,2015,5,5,0.01999999999999957,14.0
54.3364222775687,18.9357671710981,Gdansk_Swibno,2015,5,6,0.009999999999999787,15.0
54.3364222775687,18.9357671710981,Gdansk_Swibno,2015,5,7,0.009999999999999787,15.5
54.3364222775687,18.9357671710981,Gdansk_Swibno,2015,5,8,0.0,15.7
54.3364222775687,18.9357671710981,Gdansk_Swibno,2015,5,9,0.03000000000000025,16.0
54.3364222775687,18.9357671710981,Gdansk_Swibno,2015,5,10,0.05999999999999961,16.1
54.3364222775687,18.9357671710981,Gdansk_Swibno,2015,5,11,0.04000000000000004,16.0
54.3364222775687,18.9357671710981,Gdansk_Swibno,2015,5,12,-0.0600000000000005,16.1
54.3364222775687,18.9357671710981,Gdansk_Swibno,2015,5,13,0.04999999999999982,16.5
54.3364222775687,18.9357671710981,Gdansk_Swibno,2015,5,14,0.1500000000000004,16.4
54.3364222775687,18.9357671710981,Gdansk_Swibno,2015,5,15,0.2199999999999998,16.1
54.3364222775687,18.9357671710981,Gdansk_Swibno,2015,5,16,0.2000000000000002,16.0
54.3364222775687,18.9357671710981,Gdansk_Swibno,2015,5,17,0.21,15.7
54.3364222775687,18.9357671710981,Gdansk_Swibno,2015,5,18,0.21,15.4
54.3364222775687,18.9357671710981,Gdansk_Swibno,2015,5,19,0.21,15.5
54.3364222775687,18.9357671710981,Gdansk_Swibno,2015,5,20,0.2000000000000002,15.7
54.3364222775687,18.9357671710981,Gdansk_Swibno,2015,5,21,0.1500000000000004,15.6
54.3364222775687,18.9357671710981,Gdansk_Swibno,2015,5,22,0.08999999999999986,16.0
54.3364222775687,18.9357671710981,Gdansk_Swibno,2015,5,23,0.05999999999999961,15.7
54.3364222775687,18.9357671710981,Gdansk_Swibno,2015,5,24,0.1200000000000001,16.8
54.3364222775687,18.9357671710981,Gdansk_Swibno,2015,5,25,0.1200000000000001,17.4
54.3364222775687,18.9357671710981,Gdansk_Swibno,2015,5,26,0.1899999999999995,18.2
54.3364222775687,18.9357671710981,Gdansk_Swibno,2015,5,27,0.2000000000000002,17.8
54.3364222775687,18.9357671710981,Gdansk_Swibno,2015,5,28,0.1600000000000001,17.1
54.3364222775687,18.9357671710981,Gdansk_Swibno,2015,5,29,0.1500000000000004,17.2
54.3364222775687,18.9357671710981,Gdansk_Swibno,2015,5,30,0.2000000000000002,17.0
54.3364222775687,18.9357671710981,Gdansk_Swibno,2015,5,31,0.1200000000000001,17.4
54.3364222775687,18.9357671710981,Gdansk_Swibno,2015,6,1,0.1399999999999997,17.7
54.3364222775687,18.9357671710981,Gdansk_Swibno,2015,6,2,0.2000000000000002,17.8
54.3364222775687,18.9357671710981,Gdansk_Swibno,2015,6,3,0.3300000000000001,18.2
54.3364222775687,18.9357671710981,Gdansk_Swibno,2015,6,4,0.4399999999999995,17.8
54.3364222775687,18.9357671710981,Gdansk_Swibno,2015,6,5,0.4100000000000001,18.4
54.3364222775687,18.9357671710981,Gdansk_Swibno,2015,6,6,0.2400000000000002,19.5
54.3364222775687,18.9357671710981,Gdansk_Swibno,2015,6,7,0.1500000000000004,20.2
54.3364222775687,18.9357671710981,Gdansk_Swibno,2015,6,8,0.2599999999999998,20.4
54.3364222775687,18.9357671710981,Gdansk_Swibno,2015,6,9,0.29,20.1
54.3364222775687,18.9357671710981,Gdansk_Swibno,2015,6,10,0.1600000000000001,19.1
54.3364222775687,18.9357671710981,Gdansk_Swibno,2015,6,11,0.1399999999999997,19.0
54.3364222775687,18.9357671710981,Gdansk_Swibno,2015,6,12,0.1200000000000001,20.2
54.3364222775687,18.9357671710981,Gdansk_Swibno,2015,6,13,0.1100000000000003,21.2
54.3364222775687,18.9357671710981,Gdansk_Swibno,2015,6,14,0.1399999999999997,21.7
54.3364222775687,18.9357671710981,Gdansk_Swibno,2015,6,15,0.2000000000000002,22.0
54.3364222775687,18.9357671710981,Gdansk_Swibno,2015,6,16,0.1899999999999995,21.8
54.3364222775687,18.9357671710981,Gdansk_Swibno,2015,6,17,0.1699999999999999,20.8
54.3364222775687,18.9357671710981,Gdansk_Swibno,2015,6,18,0.1399999999999997,20.1
54.3364222775687,18.9357671710981,Gdansk_Swibno,2015,6,19,0.2199999999999998,19.4
54.3364222775687,18.9357671710981,Gdansk_Swibno,2015,6,20,0.2699999999999996,19.0
54.3364222775687,18.9357671710981,Gdansk_Swibno,2015,6,21,0.2699999999999996,19.1
54.3364222775687,18.9357671710981,Gdansk_Swibno,2015,6,22,0.21,19.6
54.3364222775687,18.9357671710981,Gdansk_Swibno,2015,6,23,0.2400000000000002,19.6
54.3364222775687,18.9357671710981,Gdansk_Swibno,2015,6,24,0.2000000000000002,18.9
54.3364222775687,18.9357671710981,Gdansk_Swibno,2015,6,25,0.1799999999999997,18.4
54.3364222775687,18.9357671710981,Gdansk_Swibno,2015,6,26,0.2400000000000002,18.7
54.3364222775687,18.9357671710981,Gdansk_Swibno,2015,6,27,0.2199999999999998,19.0
54.3364222775687,18.9357671710981,Gdansk_Swibno,2015,6,28,0.2299999999999995,19.0
54.3364222775687,18.9357671710981,Gdansk_Swibno,2015,6,29,0.1600000000000001,19.5
54.3364222775687,18.9357671710981,Gdansk_Swibno,2015,6,30,0.2000000000000002,20.6
54.3364222775687,18.9357671710981,Gdansk_Swibno,2015,7,1,0.2000000000000002,21.1
54.3364222775687,18.9357671710981,Gdansk_Swibno,2015,7,2,0.1399999999999997,21.3
54.3364222775687,18.9357671710981,Gdansk_Swibno,2015,7,3,0.07000000000000028,21.6
54.3364222775687,18.9357671710981,Gdansk_Swibno,2015,7,4,0.07000000000000028,22.7
54.3364222775687,18.9357671710981,Gdansk_Swibno,2015,7,5,0.1100000000000003,24.0
54.3364222775687,18.9357671710981,Gdansk_Swibno,2015,7,6,0.1299999999999999,24.9
54.3364222775687,18.9357671710981,Gdansk_Swibno,2015,7,7,0.009999999999999787,24.6
54.3364222775687,18.9357671710981,Gdansk_Swibno,2015,7,8,0.1299999999999999,23.9
54.3364222775687,18.9357671710981,Gdansk_Swibno,2015,7,9,0.1500000000000004,23.5
54.3364222775687,18.9357671710981,Gdansk_Swibno,2015,7,10,0.2999999999999998,21.9
54.3364222775687,18.9357671710981,Gdansk_Swibno,2015,7,11,0.3300000000000001,20.4
54.3364222775687,18.9357671710981,Gdansk_Swibno,2015,7,12,0.2599999999999998,20.5
54.3364222775687,18.9357671710981,Gdansk_Swibno,2015,7,13,0.25,19.4
54.3364222775687,18.9357671710981,Gdansk_Swibno,2015,7,14,0.2400000000000002,19.6
54.3364222775687,18.9357671710981,Gdansk_Swibno,2015,7,15,0.25,19.7
54.3364222775687,18.9357671710981,Gdansk_Swibno,2015,7,16,0.2199999999999998,20.0
54.3364222775687,18.9357671710981,Gdansk_Swibno,2015,7,17,0.2400000000000002,20.6
54.3364222775687,18.9357671710981,Gdansk_Swibno,2015,7,18,0.1699999999999999,21.1
54.3364222775687,18.9357671710981,Gdansk_Swibno,2015,7,19,0.1600000000000001,21.2
54.3364222775687,18.9357671710981,Gdansk_Swibno,2015,7,20,0.2299999999999995,21.5
54.3364222775687,18.9357671710981,Gdansk_Swibno,2015,7,21,0.2000000000000002,21.3
54.3364222775687,18.9357671710981,Gdansk_Swibno,2015,7,22,0.1600000000000001,21.8
54.3364222775687,18.9357671710981,Gdansk_Swibno,2015,7,23,0.2299999999999995,22.3
54.3364222775687,18.9357671710981,Gdansk_Swibno,2015,7,24,0.21,22.5
54.3364222775687,18.9357671710981,Gdansk_Swibno,2015,7,25,0.2299999999999995,22.5
54.3364222775687,18.9357671710981,Gdansk_Swibno,2015,7,26,0.1899999999999995,22.6
54.3364222775687,18.9357671710981,Gdansk_Swibno,2015,7,27,0.1699999999999999,21.0
54.3364222775687,18.9357671710981,Gdansk_Swibno,2015,7,28,0.2699999999999996,21.5
54.3364222775687,18.9357671710981,Gdansk_Swibno,2015,7,29,0.2299999999999995,20.0
54.3364222775687,18.9357671710981,Gdansk_Swibno,2015,7,30,0.21,19.8
54.3364222775687,18.9357671710981,Gdansk_Swibno,2015,7,31,0.3099999999999996,19.3
54.3364222775687,18.9357671710981,Gdansk_Swibno,2015,8,1,0.2800000000000002,18.5
54.3364222775687,18.9357671710981,Gdansk_Swibno,2015,8,2,0.2299999999999995,18.2
54.3364222775687,18.9357671710981,Gdansk_Swibno,2015,8,3,0.2400000000000002,19.6
54.3364222775687,18.9357671710981,Gdansk_Swibno,2015,8,4,0.2000000000000002,21.0
54.3364222775687,18.9357671710981,Gdansk_Swibno,2015,8,5,0.2000000000000002,22.3
54.3364222775687,18.9357671710981,Gdansk_Swibno,2015,8,6,0.1500000000000004,22.8
54.3364222775687,18.9357671710981,Gdansk_Swibno,2015,8,7,0.1299999999999999,24.3
54.3364222775687,18.9357671710981,Gdansk_Swibno,2015,8,8,0.1299999999999999,25.2
54.3364222775687,18.9357671710981,Gdansk_Swibno,2015,8,9,0.1699999999999999,25.4
54.3364222775687,18.9357671710981,Gdansk_Swibno,2015,8,10,0.1399999999999997,25.2
54.3364222775687,18.9357671710981,Gdansk_Swibno,2015,8,11,0.1500000000000004,24.8
54.3364222775687,18.9357671710981,Gdansk_Swibno,2015,8,12,0.1399999999999997,25.0
54.3364222775687,18.9357671710981,Gdansk_Swibno,2015,8,13,0.1600000000000001,24.9
54.3364222775687,18.9357671710981,Gdansk_Swibno,2015,8,14,0.08000000000000007,24.8
54.3364222775687,18.9357671710981,Gdansk_Swibno,2015,8,15,0.07000000000000028,23.8
54.3364222775687,18.9357671710981,Gdansk_Swibno,2015,8,16,0.07000000000000028,24.0
54.3364222775687,18.9357671710981,Gdansk_Swibno,2015,8,17,0.03000000000000025,23.5
54.3364222775687,18.9357671710981,Gdansk_Swibno,2015,8,18,-0.04000000000000004,22.1
54.3364222775687,18.9357671710981,Gdansk_Swibno,2015,8,19,-0.08999999999999986,21.5
54.3364222775687,18.9357671710981,Gdansk_Swibno,2015,8,20,-0.1399999999999997,20.9
54.3364222775687,18.9357671710981,Gdansk_Swibno,2015,8,21,-0.1600000000000001,21.1
54.3364222775687,18.9357671710981,Gdansk_Swibno,2015,8,22,-0.1600000000000001,21.1
54.3364222775687,18.9357671710981,Gdansk_Swibno,2015,8,23,-0.1299999999999999,21.1
54.3364222775687,18.9357671710981,Gdansk_Swibno,2015,8,24,-0.1500000000000004,21.3
54.3364222775687,18.9357671710981,Gdansk_Swibno,2015,8,25,-0.1900000000000004,21.1
54.3364222775687,18.9357671710981,Gdansk_Swibno,2015,8,26,-0.2599999999999998,20.5
54.3364222775687,18.9357671710981,Gdansk_Swibno,2015,8,27,-0.2700000000000005,20.4
54.3364222775687,18.9357671710981,Gdansk_Swibno,2015,8,28,-0.2400000000000002,20.5
54.3364222775687,18.9357671710981,Gdansk_Swibno,2015,8,29,-0.1900000000000004,20.4
54.3364222775687,18.9357671710981,Gdansk_Swibno,2015,8,30,-0.1500000000000004,20.0
54.3364222775687,18.9357671710981,Gdansk_Swibno,2015,8,31,-0.08999999999999986,20.5
54.3364222775687,18.9357671710981,Gdansk_Swibno,2015,9,1,-0.02000000000000046,21.2
54.3364222775687,18.9357671710981,Gdansk_Swibno,2015,9,2,0.01999999999999957,22.2
54.3364222775687,18.9357671710981,Gdansk_Swibno,2015,9,3,-0.04999999999999982,21.9
54.3364222775687,18.9357671710981,Gdansk_Swibno,2015,9,4,-0.03000000000000025,21.4
54.3364222775687,18.9357671710981,Gdansk_Swibno,2015,9,5,-0.08000000000000007,18.6
54.3364222775687,18.9357671710981,Gdansk_Swibno,2015,9,6,-0.02000000000000046,18.6
54.3364222775687,18.9357671710981,Gdansk_Swibno,2015,9,7,0.2599999999999998,17.4
54.3364222775687,18.9357671710981,Gdansk_Swibno,2015,9,8,0.3300000000000001,16.4
54.3364222775687,18.9357671710981,Gdansk_Swibno,2015,9,9,0.1799999999999997,15.7
54.3364222775687,18.9357671710981,Gdansk_Swibno,2015,9,10,0.08000000000000007,15.5
54.3364222775687,18.9357671710981,Gdansk_Swibno,2015,9,11,0.03000000000000025,15.9
54.3364222775687,18.9357671710981,Gdansk_Swibno,2015,9,12,-0.04000000000000004,16.0
54.3364222775687,18.9357671710981,Gdansk_Swibno,2015,9,13,-0.1200000000000001,15.8
54.3364222775687,18.9357671710981,Gdansk_Swibno,2015,9,14,-0.1900000000000004,15.5
54.3364222775687,18.9357671710981,Gdansk_Swibno,2015,9,15,-0.1699999999999999,16.3
54.3364222775687,18.9357671710981,Gdansk_Swibno,2015,9,16,-0.1600000000000001,17.1
54.3364222775687,18.9357671710981,Gdansk_Swibno,2015,9,17,-0.1399999999999997,17.2
54.3364222775687,18.9357671710981,Gdansk_Swibno,2015,9,18,-0.2400000000000002,18.7
54.3364222775687,18.9357671710981,Gdansk_Swibno,2015,9,19,-0.1799999999999997,18.4
54.3364222775687,18.9357671710981,Gdansk_Swibno,2015,9,20,-0.04000000000000004,18.5
54.3364222775687,18.9357671710981,Gdansk_Swibno,2015,9,21,0.03000000000000025,17.9
54.3364222775687,18.9357671710981,Gdansk_Swibno,2015,9,22,-0.04000000000000004,16.6
54.3364222775687,18.9357671710981,Gdansk_Swibno,2015,9,23,-0.03000000000000025,15.3
54.3364222775687,18.9357671710981,Gdansk_Swibno,2015,9,24,-0.03000000000000025,16.1
54.3364222775687,18.9357671710981,Gdansk_Swibno,2015,9,25,-0.04999999999999982,16.3
54.3364222775687,18.9357671710981,Gdansk_Swibno,2015,9,26,0.0,15.3
54.3364222775687,18.9357671710981,Gdansk_Swibno,2015,9,27,0.08000000000000007,15.1
54.3364222775687,18.9357671710981,Gdansk_Swibno,2015,9,28,0.1799999999999997,15.5
54.3364222775687,18.9357671710981,Gdansk_Swibno,2015,9,29,0.07000000000000028,15.1
54.3364222775687,18.9357671710981,Gdansk_Swibno,2015,9,30,-0.0600000000000005,14.9
54.3364222775687,18.9357671710981,Gdansk_Swibno,2015,10,1,-0.04999999999999982,14.7
54.3364222775687,18.9357671710981,Gdansk_Swibno,2015,10,2,-0.03000000000000025,14.2
54.3364222775687,18.9357671710981,Gdansk_Swibno,2015,10,3,0.08000000000000007,13.0
54.3364222775687,18.9357671710981,Gdansk_Swibno,2015,10,4,0.07000000000000028,12.8
54.3364222775687,18.9357671710981,Gdansk_Swibno,2015,10,5,0.1100000000000003,13.8
54.3364222775687,18.9357671710981,Gdansk_Swibno,2015,10,6,0.08000000000000007,14.7
54.3364222775687,18.9357671710981,Gdansk_Swibno,2015,10,7,-0.08000000000000007,13.6
54.3364222775687,18.9357671710981,Gdansk_Swibno,2015,10,8,-0.1200000000000001,12.5
54.3364222775687,18.9357671710981,Gdansk_Swibno,2015,10,9,-0.1299999999999999,11.7
54.3364222775687,18.9357671710981,Gdansk_Swibno,2015,10,10,-0.1299999999999999,10.5
54.3364222775687,18.9357671710981,Gdansk_Swibno,2015,10,11,-0.1600000000000001,10.1
54.3364222775687,18.9357671710981,Gdansk_Swibno,2015,10,12,-0.2000000000000002,9.3
54.3364222775687,18.9357671710981,Gdansk_Swibno,2015,10,13,-0.2199999999999998,8.4
54.3364222775687,18.9357671710981,Gdansk_Swibno,2015,10,14,-0.25,8.3
54.3364222775687,18.9357671710981,Gdansk_Swibno,2015,10,15,-0.2999999999999998,8.0
54.3364222775687,18.9357671710981,Gdansk_Swibno,2015,10,16,-0.2599999999999998,7.8
54.3364222775687,18.9357671710981,Gdansk_Swibno,2015,10,17,-0.2300000000000004,8.5
54.3364222775687,18.9357671710981,Gdansk_Swibno,2015,10,18,-0.1600000000000001,8.3
54.3364222775687,18.9357671710981,Gdansk_Swibno,2015,10,19,-0.1399999999999997,8.6
54.3364222775687,18.9357671710981,Gdansk_Swibno,2015,10,20,-0.1600000000000001,9.3
54.3364222775687,18.9357671710981,Gdansk_Swibno,2015,10,21,-0.1699999999999999,9.6
54.3364222775687,18.9357671710981,Gdansk_Swibno,2015,10,22,-0.2999999999999998,9.3
54.3364222775687,18.9357671710981,Gdansk_Swibno,2015,10,23,-0.08000000000000007,9.1
54.3364222775687,18.9357671710981,Gdansk_Swibno,2015,10,24,-0.0600000000000005,9.4
54.3364222775687,18.9357671710981,Gdansk_Swibno,2015,10,25,-0.08999999999999986,9.2
54.3364222775687,18.9357671710981,Gdansk_Swibno,2015,10,26,0.04000000000000004,9.1
54.3364222775687,18.9357671710981,Gdansk_Swibno,2015,10,27,-0.009999999999999787,8.0
54.3364222775687,18.9357671710981,Gdansk_Swibno,2015,10,28,-0.04000000000000004,8.3
54.3364222775687,18.9357671710981,Gdansk_Swibno,2015,10,29,-0.08000000000000007,7.8
54.3364222775687,18.9357671710981,Gdansk_Swibno,2015,10,30,-0.07000000000000028,7.6
54.3364222775687,18.9357671710981,Gdansk_Swibno,2015,10,31,-0.2000000000000002,6.9
54.3364222775687,18.9357671710981,Gdansk_Swibno,2015,11,1,-0.2300000000000004,6.7
54.3364222775687,18.9357671710981,Gdansk_Swibno,2015,11,2,-0.1399999999999997,7.8
54.3364222775687,18.9357671710981,Gdansk_Swibno,2015,11,3,-0.1100000000000003,8.4
54.3364222775687,18.9357671710981,Gdansk_Swibno,2015,11,4,-0.04999999999999982,8.0
54.3364222775687,18.9357671710981,Gdansk_Swibno,2015,11,5,-0.03000000000000025,8.3
54.3364222775687,18.9357671710981,Gdansk_Swibno,2015,11,6,-0.08999999999999986,7.6
54.3364222775687,18.9357671710981,Gdansk_Swibno,2015,11,7,-0.1500000000000004,7.5
54.3364222775687,18.9357671710981,Gdansk_Swibno,2015,11,8,0.1399999999999997,7.6
54.3364222775687,18.9357671710981,Gdansk_Swibno,2015,11,9,0.03000000000000025,8.0
54.3364222775687,18.9357671710981,Gdansk_Swibno,2015,11,10,0.1200000000000001,8.5
54.3364222775687,18.9357671710981,Gdansk_Swibno,2015,11,11,0.1600000000000001,8.4
54.3364222775687,18.9357671710981,Gdansk_Swibno,2015,11,12,0.21,10.3
54.3364222775687,18.9357671710981,Gdansk_Swibno,2015,11,13,0.1299999999999999,10.3
54.3364222775687,18.9357671710981,Gdansk_Swibno,2015,11,14,0.2400000000000002,10.0
54.3364222775687,18.9357671710981,Gdansk_Swibno,2015,11,15,0.2599999999999998,8.9
54.3364222775687,18.9357671710981,Gdansk_Swibno,2015,11,16,0.2800000000000002,8.1
54.3364222775687,18.9357671710981,Gdansk_Swibno,2015,11,17,0.2400000000000002,7.7
54.3364222775687,18.9357671710981,Gdansk_Swibno,2015,11,18,0.3799999999999999,8.1
54.3364222775687,18.9357671710981,Gdansk_Swibno,2015,11,19,0.4199999999999999,7.8
54.3364222775687,18.9357671710981,Gdansk_Swibno,2015,11,20,0.5099999999999998,8.7
54.3364222775687,18.9357671710981,Gdansk_Swibno,2015,11,21,0.5,8.6
54.3364222775687,18.9357671710981,Gdansk_Swibno,2015,11,22,0.5,7.9
54.3364222775687,18.9357671710981,Gdansk_Swibno,2015,11,23,0.4199999999999999,7.5
54.3364222775687,18.9357671710981,Gdansk_Swibno,2015,11,24,0.21,6.7
54.3364222775687,18.9357671710981,Gdansk_Swibno,2015,11,25,0.07000000000000028,5.4
54.3364222775687,18.9357671710981,Gdansk_Swibno,2015,11,26,0.2299999999999995,5.1
54.3364222775687,18.9357671710981,Gdansk_Swibno,2015,11,27,0.07000000000000028,4.7
54.3364222775687,18.9357671710981,Gdansk_Swibno,2015,11,28,0.04999999999999982,4.5
54.3364222775687,18.9357671710981,Gdansk_Swibno,2015,11,29,0.1600000000000001,4.7
54.3364222775687,18.9357671710981,Gdansk_Swibno,2015,11,30,0.3399999999999999,5.1
54.3364222775687,18.9357671710981,Gdansk_Swibno,2016,5,1,0.05999999999999961,12.0
54.3364222775687,18.9357671710981,Gdansk_Swibno,2016,5,2,0.01999999999999957,12.9
54.3364222775687,18.9357671710981,Gdansk_Swibno,2016,5,3,0.009999999999999787,13.6
54.3364222775687,18.9357671710981,Gdansk_Swibno,2016,5,4,0.05999999999999961,13.9
54.3364222775687,18.9357671710981,Gdansk_Swibno,2016,5,5,0.03000000000000025,14.2
54.3364222775687,18.9357671710981,Gdansk_Swibno,2016,5,6,0.009999999999999787,14.8
54.3364222775687,18.9357671710981,Gdansk_Swibno,2016,5,7,0.009999999999999787,15.5
54.3364222775687,18.9357671710981,Gdansk_Swibno,2016,5,8,-0.009999999999999787,15.9
54.3364222775687,18.9357671710981,Gdansk_Swibno,2016,5,9,-0.03000000000000025,16.8
54.3364222775687,18.9357671710981,Gdansk_Swibno,2016,5,10,-0.07000000000000028,17.7
54.3364222775687,18.9357671710981,Gdansk_Swibno,2016,5,11,-0.009999999999999787,18.4
54.3364222775687,18.9357671710981,Gdansk_Swibno,2016,5,12,0.0,19.0
54.3364222775687,18.9357671710981,Gdansk_Swibno,2016,5,13,-0.04000000000000004,18.3
54.3364222775687,18.9357671710981,Gdansk_Swibno,2016,5,14,0.01999999999999957,18.4
54.3364222775687,18.9357671710981,Gdansk_Swibno,2016,5,15,0.04999999999999982,17.9
54.3364222775687,18.9357671710981,Gdansk_Swibno,2016,5,16,0.08999999999999986,17.4
54.3364222775687,18.9357671710981,Gdansk_Swibno,2016,5,17,0.08999999999999986,16.1
54.3364222775687,18.9357671710981,Gdansk_Swibno,2016,5,18,0.04999999999999982,15.2
54.3364222775687,18.9357671710981,Gdansk_Swibno,2016,5,19,0.04000000000000004,15.6
54.3364222775687,18.9357671710981,Gdansk_Swibno,2016,5,20,0.04999999999999982,16.7
54.3364222775687,18.9357671710981,Gdansk_Swibno,2016,5,21,0.03000000000000025,17.2
54.3364222775687,18.9357671710981,Gdansk_Swibno,2016,5,22,0.01999999999999957,18.4
54.3364222775687,18.9357671710981,Gdansk_Swibno,2016,5,23,0.04999999999999982,19.1
54.3364222775687,18.9357671710981,Gdansk_Swibno,2016,5,24,0.08999999999999986,19.6
54.3364222775687,18.9357671710981,Gdansk_Swibno,2016,5,25,0.1500000000000004,19.9
54.3364222775687,18.9357671710981,Gdansk_Swibno,2016,5,26,0.1200000000000001,19.9
54.3364222775687,18.9357671710981,Gdansk_Swibno,2016,5,27,0.07000000000000028,19.9
54.3364222775687,18.9357671710981,Gdansk_Swibno,2016,5,28,0.08999999999999986,20.0
54.3364222775687,18.9357671710981,Gdansk_Swibno,2016,5,29,0.07000000000000028,20.2
54.3364222775687,18.9357671710981,Gdansk_Swibno,2016,5,30,0.04000000000000004,21.7
54.3364222775687,18.9357671710981,Gdansk_Swibno,2016,5,31,0.03000000000000025,22.4
54.3364222775687,18.9357671710981,Gdansk_Swibno,2016,6,1,-0.02000000000000046,22.7
54.3364222775687,18.9357671710981,Gdansk_Swibno,2016,6,2,-0.04999999999999982,23.3
54.3364222775687,18.9357671710981,Gdansk_Swibno,2016,6,3,-0.08999999999999986,23.3
54.3364222775687,18.9357671710981,Gdansk_Swibno,2016,6,4,-0.0600000000000005,23.5
54.3364222775687,18.9357671710981,Gdansk_Swibno,2016,6,5,-0.03000000000000025,23.1
54.3364222775687,18.9357671710981,Gdansk_Swibno,2016,6,6,-0.07000000000000028,20.8
54.3364222775687,18.9357671710981,Gdansk_Swibno,2016,6,7,-0.2400000000000002,20.8
54.3364222775687,18.9357671710981,Gdansk_Swibno,2016,6,8,-0.1500000000000004,21.3
54.3364222775687,18.9357671710981,Gdansk_Swibno,2016,6,9,-0.0600000000000005,20.4
54.3364222775687,18.9357671710981,Gdansk_Swibno,2016,6,10,-0.04000000000000004,21.0
54.3364222775687,18.9357671710981,Gdansk_Swibno,2016,6,11,0.05999999999999961,20.1
54.3364222775687,18.9357671710981,Gdansk_Swibno,2016,6,12,-0.07000000000000028,19.7
54.3364222775687,18.9357671710981,Gdansk_Swibno,2016,6,13,-0.1299999999999999,20.2
54.3364222775687,18.9357671710981,Gdansk_Swibno,2016,6,14,-0.1299999999999999,19.1
54.3364222775687,18.9357671710981,Gdansk_Swibno,2016,6,15,-0.1200000000000001,19.8
54.3364222775687,18.9357671710981,Gdansk_Swibno,2016,6,16,-0.1500000000000004,20.4
54.3364222775687,18.9357671710981,Gdansk_Swibno,2016,6,17,-0.08999999999999986,21.2
54.3364222775687,18.9357671710981,Gdansk_Swibno,2016,6,18,-0.1299999999999999,20.8
54.3364222775687,18.9357671710981,Gdansk_Swibno,2016,6,19,-0.08999999999999986,20.8
54.3364222775687,18.9357671710981,Gdansk_Swibno,2016,6,20,-0.07000000000000028,21.2
54.3364222775687,18.9357671710981,Gdansk_Swibno,2016,6,21,-0.08999999999999986,20.6
54.3364222775687,18.9357671710981,Gdansk_Swibno,2016,6,22,-0.08999999999999986,20.3
54.3364222775687,18.9357671710981,Gdansk_Swibno,2016,6,23,-0.08000000000000007,21.4
54.3364222775687,18.9357671710981,Gdansk_Swibno,2016,6,24,-0.07000000000000028,22.7
54.3364222775687,18.9357671710981,Gdansk_Swibno,2016,6,25,-0.04000000000000004,24.3
54.3364222775687,18.9357671710981,Gdansk_Swibno,2016,6,26,0.009999999999999787,25.4
54.3364222775687,18.9357671710981,Gdansk_Swibno,2016,6,27,-0.03000000000000025,25.5
54.3364222775687,18.9357671710981,Gdansk_Swibno,2016,6,28,-0.02000000000000046,25.0
54.3364222775687,18.9357671710981,Gdansk_Swibno,2016,6,29,-0.009999999999999787,24.6
54.3364222775687,18.9357671710981,Gdansk_Swibno,2016,6,30,-0.04000000000000004,24.2
54.3364222775687,18.9357671710981,Gdansk_Swibno,2016,7,1,-0.0600000000000005,24.4
54.3364222775687,18.9357671710981,Gdansk_Swibno,2016,7,2,-0.07000000000000028,24.7
54.3364222775687,18.9357671710981,Gdansk_Swibno,2016,7,3,-0.02000000000000046,24.9
54.3364222775687,18.9357671710981,Gdansk_Swibno,2016,7,4,0.01999999999999957,24.0
54.3364222775687,18.9357671710981,Gdansk_Swibno,2016,7,5,0.0,23.3
54.3364222775687,18.9357671710981,Gdansk_Swibno,2016,7,6,0.1399999999999997,23.1
54.3364222775687,18.9357671710981,Gdansk_Swibno,2016,7,7,0.2199999999999998,21.7
54.3364222775687,18.9357671710981,Gdansk_Swibno,2016,7,8,0.1299999999999999,20.0
54.3364222775687,18.9357671710981,Gdansk_Swibno,2016,7,9,0.1899999999999995,19.9
54.3364222775687,18.9357671710981,Gdansk_Swibno,2016,7,10,0.1399999999999997,19.2
54.3364222775687,18.9357671710981,Gdansk_Swibno,2016,7,11,0.1500000000000004,19.9
54.3364222775687,18.9357671710981,Gdansk_Swibno,2016,7,12,0.1100000000000003,22.0
54.3364222775687,18.9357671710981,Gdansk_Swibno,2016,7,13,0.1600000000000001,22.6
54.3364222775687,18.9357671710981,Gdansk_Swibno,2016,7,14,0.2999999999999998,22.9
54.3364222775687,18.9357671710981,Gdansk_Swibno,2016,7,15,0.4100000000000001,20.7
54.3364222775687,18.9357671710981,Gdansk_Swibno,2016,7,16,0.21,20.9
54.3364222775687,18.9357671710981,Gdansk_Swibno,2016,7,17,0.2199999999999998,20.6
54.3364222775687,18.9357671710981,Gdansk_Swibno,2016,7,18,0.2699999999999996,20.6
54.3364222775687,18.9357671710981,Gdansk_Swibno,2016,7,19,0.3099999999999996,20.8
54.3364222775687,18.9357671710981,Gdansk_Swibno,2016,7,20,0.2699999999999996,21.4
54.3364222775687,18.9357671710981,Gdansk_Swibno,2016,7,21,0.2699999999999996,21.9
54.3364222775687,18.9357671710981,Gdansk_Swibno,2016,7,22,0.25,21.6
54.3364222775687,18.9357671710981,Gdansk_Swibno,2016,7,23,0.1899999999999995,21.0
54.3364222775687,18.9357671710981,Gdansk_Swibno,2016,7,24,0.1500000000000004,21.3
54.3364222775687,18.9357671710981,Gdansk_Swibno,2016,7,25,0.1299999999999999,22.3
54.3364222775687,18.9357671710981,Gdansk_Swibno,2016,7,26,0.1200000000000001,23.2
54.3364222775687,18.9357671710981,Gdansk_Swibno,2016,7,27,0.1100000000000003,23.9
54.3364222775687,18.9357671710981,Gdansk_Swibno,2016,7,28,0.1100000000000003,24.2
54.3364222775687,18.9357671710981,Gdansk_Swibno,2016,7,29,0.08000000000000007,24.4
54.3364222775687,18.9357671710981,Gdansk_Swibno,2016,7,30,0.07000000000000028,24.4
54.3364222775687,18.9357671710981,Gdansk_Swibno,2016,7,31,0.08000000000000007,24.3
54.3364222775687,18.9357671710981,Gdansk_Swibno,2016,8,1,0.1399999999999997,23.0
54.3364222775687,18.9357671710981,Gdansk_Swibno,2016,8,2,0.08999999999999986,23.3
54.3364222775687,18.9357671710981,Gdansk_Swibno,2016,8,3,0.09999999999999964,22.7
54.3364222775687,18.9357671710981,Gdansk_Swibno,2016,8,4,0.07000000000000028,22.9
54.3364222775687,18.9357671710981,Gdansk_Swibno,2016,8,5,0.1500000000000004,23.0
54.3364222775687,18.9357671710981,Gdansk_Swibno,2016,8,6,0.1799999999999997,22.8
54.3364222775687,18.9357671710981,Gdansk_Swibno,2016,8,7,0.2199999999999998,22.3
54.3364222775687,18.9357671710981,Gdansk_Swibno,2016,8,8,0.1500000000000004,22.2
54.3364222775687,18.9357671710981,Gdansk_Swibno,2016,8,9,0.1399999999999997,21.8
54.3364222775687,18.9357671710981,Gdansk_Swibno,2016,8,10,0.2400000000000002,22.0
54.3364222775687,18.9357671710981,Gdansk_Swibno,2016,8,11,0.3099999999999996,21.6
54.3364222775687,18.9357671710981,Gdansk_Swibno,2016,8,12,0.2800000000000002,20.4
54.3364222775687,18.9357671710981,Gdansk_Swibno,2016,8,13,0.2199999999999998,21.0
54.3364222775687,18.9357671710981,Gdansk_Swibno,2016,8,14,0.3399999999999999,20.7
54.3364222775687,18.9357671710981,Gdansk_Swibno,2016,8,15,0.4299999999999997,20.6
54.3364222775687,18.9357671710981,Gdansk_Swibno,2016,8,16,0.4900000000000002,20.6
54.3364222775687,18.9357671710981,Gdansk_Swibno,2016,8,17,0.4799999999999995,20.2
54.3364222775687,18.9357671710981,Gdansk_Swibno,2016,8,18,0.3700000000000001,19.7
54.3364222775687,18.9357671710981,Gdansk_Swibno,2016,8,19,0.29,19.0
54.3364222775687,18.9357671710981,Gdansk_Swibno,2016,8,20,0.25,19.4
54.3364222775687,18.9357671710981,Gdansk_Swibno,2016,8,21,0.2299999999999995,20.0
54.3364222775687,18.9357671710981,Gdansk_Swibno,2016,8,22,0.1899999999999995,20.9
54.3364222775687,18.9357671710981,Gdansk_Swibno,2016,8,23,0.1699999999999999,21.0
54.3364222775687,18.9357671710981,Gdansk_Swibno,2016,8,24,0.1799999999999997,20.8
54.3364222775687,18.9357671710981,Gdansk_Swibno,2016,8,25,0.09999999999999964,20.9
54.3364222775687,18.9357671710981,Gdansk_Swibno,2016,8,26,0.04999999999999982,21.6
54.3364222775687,18.9357671710981,Gdansk_Swibno,2016,8,27,0.03000000000000025,21.7
54.3364222775687,18.9357671710981,Gdansk_Swibno,2016,8,28,0.1200000000000001,21.9
54.3364222775687,18.9357671710981,Gdansk_Swibno,2016,8,29,0.1500000000000004,22.8
54.3364222775687,18.9357671710981,Gdansk_Swibno,2016,8,30,0.1899999999999995,22.7
54.3364222775687,18.9357671710981,Gdansk_Swibno,2016,8,31,0.1600000000000001,21.7
54.3364222775687,18.9357671710981,Gdansk_Swibno,2016,9,1,0.1100000000000003,21.2
54.3364222775687,18.9357671710981,Gdansk_Swibno,2016,9,2,0.1600000000000001,21.6
54.3364222775687,18.9357671710981,Gdansk_Swibno,2016,9,3,0.1699999999999999,21.4
54.3364222775687,18.9357671710981,Gdansk_Swibno,2016,9,4,0.21,21.3
54.3364222775687,18.9357671710981,Gdansk_Swibno,2016,9,5,0.3099999999999996,19.9
54.3364222775687,18.9357671710981,Gdansk_Swibno,2016,9,6,0.1699999999999999,20.3
54.3364222775687,18.9357671710981,Gdansk_Swibno,2016,9,7,0.05999999999999961,20.0
54.3364222775687,18.9357671710981,Gdansk_Swibno,2016,9,8,0.1399999999999997,20.1
54.3364222775687,18.9357671710981,Gdansk_Swibno,2016,9,9,0.1699999999999999,20.3
54.3364222775687,18.9357671710981,Gdansk_Swibno,2016,9,10,0.1200000000000001,21.5
54.3364222775687,18.9357671710981,Gdansk_Swibno,2016,9,11,0.09999999999999964,21.3
54.3364222775687,18.9357671710981,Gdansk_Swibno,2016,9,12,0.1200000000000001,22.3
54.3364222775687,18.9357671710981,Gdansk_Swibno,2016,9,13,0.1299999999999999,22.5
54.3364222775687,18.9357671710981,Gdansk_Swibno,2016,9,14,0.1200000000000001,22.7
54.3364222775687,18.9357671710981,Gdansk_Swibno,2016,9,15,0.08000000000000007,21.8
54.3364222775687,18.9357671710981,Gdansk_Swibno,2016,9,16,0.1200000000000001,21.2
54.3364222775687,18.9357671710981,Gdansk_Swibno,2016,9,17,0.08999999999999986,20.8
54.3364222775687,18.9357671710981,Gdansk_Swibno,2016,9,18,0.01999999999999957,20.0
54.3364222775687,18.9357671710981,Gdansk_Swibno,2016,9,19,-0.02000000000000046,18.8
54.3364222775687,18.9357671710981,Gdansk_Swibno,2016,9,20,0.03000000000000025,18.1
54.3364222775687,18.9357671710981,Gdansk_Swibno,2016,9,21,0.04000000000000004,17.2
54.3364222775687,18.9357671710981,Gdansk_Swibno,2016,9,22,0.04000000000000004,16.8
54.3364222775687,18.9357671710981,Gdansk_Swibno,2016,9,23,0.0,16.6
54.3364222775687,18.9357671710981,Gdansk_Swibno,2016,9,24,0.01999999999999957,16.4
54.3364222775687,18.9357671710981,Gdansk_Swibno,2016,9,25,-0.04000000000000004,16.4
54.3364222775687,18.9357671710981,Gdansk_Swibno,2016,9,26,-0.0600000000000005,16.4
54.3364222775687,18.9357671710981,Gdansk_Swibno,2016,9,27,-0.07000000000000028,16.1
54.3364222775687,18.9357671710981,Gdansk_Swibno,2016,9,28,-0.1399999999999997,15.7
54.3364222775687,18.9357671710981,Gdansk_Swibno,2016,9,29,-0.07000000000000028,15.3
54.3364222775687,18.9357671710981,Gdansk_Swibno,2016,9,30,-0.08000000000000007,16.0
54.3364222775687,18.9357671710981,Gdansk_Swibno,2016,10,1,0.03000000000000025,16.1
54.3364222775687,18.9357671710981,Gdansk_Swibno,2016,10,2,0.1699999999999999,16.1
54.3364222775687,18.9357671710981,Gdansk_Swibno,2016,10,3,0.2699999999999996,16.2
54.3364222775687,18.9357671710981,Gdansk_Swibno,2016,10,4,0.54,15.5
54.3364222775687,18.9357671710981,Gdansk_Swibno,2016,10,5,0.6600000000000001,13.4
54.3364222775687,18.9357671710981,Gdansk_Swibno,2016,10,6,0.3899999999999997,12.1
54.3364222775687,18.9357671710981,Gdansk_Swibno,2016,10,7,0.2000000000000002,10.6
54.3364222775687,18.9357671710981,Gdansk_Swibno,2016,10,8,0.2299999999999995,11.0
54.3364222775687,18.9357671710981,Gdansk_Swibno,2016,10,9,0.1200000000000001,13.4
54.3364222775687,18.9357671710981,Gdansk_Swibno,2016,10,10,0.04000000000000004,11.1
54.3364222775687,18.9357671710981,Gdansk_Swibno,2016,10,11,-0.02000000000000046,11.5
54.3364222775687,18.9357671710981,Gdansk_Swibno,2016,10,12,-0.04999999999999982,11.3
54.3364222775687,18.9357671710981,Gdansk_Swibno,2016,10,13,-0.08999999999999986,11.7
54.3364222775687,18.9357671710981,Gdansk_Swibno,2016,10,14,-0.1500000000000004,10.7
54.3364222775687,18.9357671710981,Gdansk_Swibno,2016,10,15,-0.21,10.3
54.3364222775687,18.9357671710981,Gdansk_Swibno,2016,10,16,-0.3200000000000003,10.5
54.3364222775687,18.9357671710981,Gdansk_Swibno,2016,10,17,-0.3700000000000001,9.6
54.3364222775687,18.9357671710981,Gdansk_Swibno,2016,10,18,-0.3499999999999996,9.0
54.3364222775687,18.9357671710981,Gdansk_Swibno,2016,10,19,-0.3200000000000003,9.1
54.3364222775687,18.9357671710981,Gdansk_Swibno,2016,10,20,-0.2599999999999998,9.2
54.3364222775687,18.9357671710981,Gdansk_Swibno,2016,10,21,-0.2400000000000002,9.2
54.3364222775687,18.9357671710981,Gdansk_Swibno,2016,10,22,-0.21,9.1
54.3364222775687,18.9357671710981,Gdansk_Swibno,2016,10,23,-0.2300000000000004,9.0
54.3364222775687,18.9357671710981,Gdansk_Swibno,2016,10,24,-0.25,8.9
54.3364222775687,18.9357671710981,Gdansk_Swibno,2016,10,25,-0.1699999999999999,8.8
54.3364222775687,18.9357671710981,Gdansk_Swibno,2016,10,26,-0.1699999999999999,9.6
54.3364222775687,18.9357671710981,Gdansk_Swibno,2016,10,27,-0.2999999999999998,9.3
54.3364222775687,18.9357671710981,Gdansk_Swibno,2016,10,28,-0.1900000000000004,9.5
54.3364222775687,18.9357671710981,Gdansk_Swibno,2016,10,29,0.1200000000000001,9.2
54.3364222775687,18.9357671710981,Gdansk_Swibno,2016,10,30,0.2299999999999995,8.8
54.3364222775687,18.9357671710981,Gdansk_Swibno,2016,10,31,0.05999999999999961,8.5
54.3364222775687,18.9357671710981,Gdansk_Swibno,2016,11,1,-0.02000000000000046,8.4
54.3364222775687,18.9357671710981,Gdansk_Swibno,2016,11,2,0.21,8.1
54.3364222775687,18.9357671710981,Gdansk_Swibno,2016,11,3,0.4199999999999999,7.8
54.3364222775687,18.9357671710981,Gdansk_Swibno,2016,11,4,0.09999999999999964,6.9
54.3364222775687,18.9357671710981,Gdansk_Swibno,2016,11,5,0.04999999999999982,6.6
54.3364222775687,18.9357671710981,Gdansk_Swibno,2016,11,6,0.21,7.1
54.3364222775687,18.9357671710981,Gdansk_Swibno,2016,11,7,0.3200000000000003,7.3
54.3364222775687,18.9357671710981,Gdansk_Swibno,2016,11,8,0.1200000000000001,6.4
54.3364222775687,18.9357671710981,Gdansk_Swibno,2016,11,9,0.01999999999999957,6.0
54.3364222775687,18.9357671710981,Gdansk_Swibno,2016,11,10,0.009999999999999787,5.2
54.3364222775687,18.9357671710981,Gdansk_Swibno,2016,11,11,0.009999999999999787,4.6
54.3364222775687,18.9357671710981,Gdansk_Swibno,2016,11,12,-0.04999999999999982,4.1
54.3364222775687,18.9357671710981,Gdansk_Swibno,2016,11,13,-0.03000000000000025,4.7
54.3364222775687,18.9357671710981,Gdansk_Swibno,2016,11,14,-0.04999999999999982,4.8
54.3364222775687,18.9357671710981,Gdansk_Swibno,2016,11,15,-0.1699999999999999,5.1
54.3364222775687,18.9357671710981,Gdansk_Swibno,2016,11,16,-0.04000000000000004,4.6
54.3364222775687,18.9357671710981,Gdansk_Swibno,2016,11,17,-0.08000000000000007,4.8
54.3364222775687,18.9357671710981,Gdansk_Swibno,2016,11,18,-0.1100000000000003,5.1
54.3364222775687,18.9357671710981,Gdansk_Swibno,2016,11,19,-0.08000000000000007,5.0
54.3364222775687,18.9357671710981,Gdansk_Swibno,2016,11,20,-0.07000000000000028,5.6
54.3364222775687,18.9357671710981,Gdansk_Swibno,2016,11,21,-0.08999999999999986,6.0
54.3364222775687,18.9357671710981,Gdansk_Swibno,2016,11,22,-0.08999999999999986,5.8
54.3364222775687,18.9357671710981,Gdansk_Swibno,2016,11,23,-0.0600000000000005,5.3
54.3364222775687,18.9357671710981,Gdansk_Swibno,2016,11,24,0.08000000000000007,5.6
54.3364222775687,18.9357671710981,Gdansk_Swibno,2016,11,25,0.08000000000000007,6.7
54.3364222775687,18.9357671710981,Gdansk_Swibno,2016,11,26,0.07000000000000028,4.4
54.3364222775687,18.9357671710981,Gdansk_Swibno,2016,11,27,0.6100000000000003,4.8
54.3364222775687,18.9357671710981,Gdansk_Swibno,2016,11,28,0.8399999999999999,4.5
54.3364222775687,18.9357671710981,Gdansk_Swibno,2016,11,29,0.3099999999999996,4.3
54.3364222775687,18.9357671710981,Gdansk_Swibno,2016,11,30,0.21,4.6
54.3364222775687,18.9357671710981,Gdansk_Swibno,2017,5,1,0.21,10.1
54.3364222775687,18.9357671710981,Gdansk_Swibno,2017,5,2,0.21,10.8
54.3364222775687,18.9357671710981,Gdansk_Swibno,2017,5,3,0.2599999999999998,11.2
54.3364222775687,18.9357671710981,Gdansk_Swibno,2017,5,4,0.3600000000000003,11.8
54.3364222775687,18.9357671710981,Gdansk_Swibno,2017,5,5,0.4000000000000004,11.3
54.3364222775687,18.9357671710981,Gdansk_Swibno,2017,5,6,0.5,11.5
54.3364222775687,18.9357671710981,Gdansk_Swibno,2017,5,7,0.6299999999999999,11.8
54.3364222775687,18.9357671710981,Gdansk_Swibno,2017,5,8,0.6600000000000001,12.2
54.3364222775687,18.9357671710981,Gdansk_Swibno,2017,5,9,0.5700000000000003,11.7
54.3364222775687,18.9357671710981,Gdansk_Swibno,2017,5,10,0.46,11.7
54.3364222775687,18.9357671710981,Gdansk_Swibno,2017,5,11,0.5,12.0
54.3364222775687,18.9357671710981,Gdansk_Swibno,2017,5,12,0.54,12.6
54.3364222775687,18.9357671710981,Gdansk_Swibno,2017,5,13,0.54,13.3
54.3364222775687,18.9357671710981,Gdansk_Swibno,2017,5,14,0.4799999999999995,14.3
54.3364222775687,18.9357671710981,Gdansk_Swibno,2017,5,15,0.4100000000000001,15.4
54.3364222775687,18.9357671710981,Gdansk_Swibno,2017,5,16,0.3300000000000001,16.2
54.3364222775687,18.9357671710981,Gdansk_Swibno,2017,5,17,0.1899999999999995,16.1
54.3364222775687,18.9357671710981,Gdansk_Swibno,2017,5,18,0.1699999999999999,17.0
54.3364222775687,18.9357671710981,Gdansk_Swibno,2017,5,19,0.1399999999999997,18.2
54.3364222775687,18.9357671710981,Gdansk_Swibno,2017,5,20,0.1799999999999997,19.0
54.3364222775687,18.9357671710981,Gdansk_Swibno,2017,5,21,0.2000000000000002,19.2
54.3364222775687,18.9357671710981,Gdansk_Swibno,2017,5,22,0.1100000000000003,19.3
54.3364222775687,18.9357671710981,Gdansk_Swibno,2017,5,23,0.08000000000000007,19.4
54.3364222775687,18.9357671710981,Gdansk_Swibno,2017,5,24,0.1299999999999999,19.8
54.3364222775687,18.9357671710981,Gdansk_Swibno,2017,5,25,0.1200000000000001,19.9
54.3364222775687,18.9357671710981,Gdansk_Swibno,2017,5,26,0.1500000000000004,20.1
54.3364222775687,18.9357671710981,Gdansk_Swibno,2017,5,27,0.08999999999999986,19.7
54.3364222775687,18.9357671710981,Gdansk_Swibno,2017,5,28,0.03000000000000025,20.3
54.3364222775687,18.9357671710981,Gdansk_Swibno,2017,5,29,0.05999999999999961,21.3
54.3364222775687,18.9357671710981,Gdansk_Swibno,2017,5,30,0.08000000000000007,21.3
54.3364222775687,18.9357671710981,Gdansk_Swibno,2017,5,31,0.1100000000000003,21.6
54.3364222775687,18.9357671710981,Gdansk_Swibno,2017,6,1,0.2000000000000002,21.2
54.3364222775687,18.9357671710981,Gdansk_Swibno,2017,6,2,0.2400000000000002,20.3
54.3364222775687,18.9357671710981,Gdansk_Swibno,2017,6,3,0.1299999999999999,19.8
54.3364222775687,18.9357671710981,Gdansk_Swibno,2017,6,4,0.1299999999999999,20.2
54.3364222775687,18.9357671710981,Gdansk_Swibno,2017,6,5,0.08999999999999986,20.0
54.3364222775687,18.9357671710981,Gdansk_Swibno,2017,6,6,0.07000000000000028,20.3
54.3364222775687,18.9357671710981,Gdansk_Swibno,2017,6,7,0.1100000000000003,20.5
54.3364222775687,18.9357671710981,Gdansk_Swibno,2017,6,8,0.04000000000000004,19.7
54.3364222775687,18.9357671710981,Gdansk_Swibno,2017,6,9,0.05999999999999961,19.9
54.3364222775687,18.9357671710981,Gdansk_Swibno,2017,6,10,0.09999999999999964,20.9
54.3364222775687,18.9357671710981,Gdansk_Swibno,2017,6,11,0.03000000000000025,20.8
54.3364222775687,18.9357671710981,Gdansk_Swibno,2017,6,12,0.04999999999999982,21.2
54.3364222775687,18.9357671710981,Gdansk_Swibno,2017,6,13,0.1500000000000004,20.7
54.3364222775687,18.9357671710981,Gdansk_Swibno,2017,6,14,0.2199999999999998,20.2
54.3364222775687,18.9357671710981,Gdansk_Swibno,2017,6,15,0.1799999999999997,20.2
54.3364222775687,18.9357671710981,Gdansk_Swibno,2017,6,16,0.2000000000000002,20.4
54.3364222775687,18.9357671710981,Gdansk_Swibno,2017,6,17,0.2400000000000002,20.1
54.3364222775687,18.9357671710981,Gdansk_Swibno,2017,6,18,0.1799999999999997,20.7
54.3364222775687,18.9357671710981,Gdansk_Swibno,2017,6,19,0.2000000000000002,21.0
54.3364222775687,18.9357671710981,Gdansk_Swibno,2017,6,20,0.2199999999999998,22.2
54.3364222775687,18.9357671710981,Gdansk_Swibno,2017,6,21,0.2800000000000002,22.5
54.3364222775687,18.9357671710981,Gdansk_Swibno,2017,6,22,0.2299999999999995,22.2
54.3364222775687,18.9357671710981,Gdansk_Swibno,2017,6,23,0.2599999999999998,22.4
54.3364222775687,18.9357671710981,Gdansk_Swibno,2017,6,24,0.2000000000000002,22.6
54.3364222775687,18.9357671710981,Gdansk_Swibno,2017,6,25,0.1899999999999995,21.3
54.3364222775687,18.9357671710981,Gdansk_Swibno,2017,6,26,0.2299999999999995,20.6
54.3364222775687,18.9357671710981,Gdansk_Swibno,2017,6,27,0.3099999999999996,20.4
54.3364222775687,18.9357671710981,Gdansk_Swibno,2017,6,28,0.3300000000000001,20.6
54.3364222775687,18.9357671710981,Gdansk_Swibno,2017,6,29,0.3799999999999999,21.8
54.3364222775687,18.9357671710981,Gdansk_Swibno,2017,6,30,0.4000000000000004,22.2
54.3364222775687,18.9357671710981,Gdansk_Swibno,2017,7,1,0.3399999999999999,21.4
54.3364222775687,18.9357671710981,Gdansk_Swibno,2017,7,2,0.3300000000000001,20.3
54.3364222775687,18.9357671710981,Gdansk_Swibno,2017,7,3,0.25,20.2
54.3364222775687,18.9357671710981,Gdansk_Swibno,2017,7,4,0.3099999999999996,20.4
54.3364222775687,18.9357671710981,Gdansk_Swibno,2017,7,5,0.3300000000000001,20.1
54.3364222775687,18.9357671710981,Gdansk_Swibno,2017,7,6,0.2800000000000002,19.6
54.3364222775687,18.9357671710981,Gdansk_Swibno,2017,7,7,0.2199999999999998,20.1
54.3364222775687,18.9357671710981,Gdansk_Swibno,2017,7,8,0.2199999999999998,20.7
54.3364222775687,18.9357671710981,Gdansk_Swibno,2017,7,9,0.25,21.1
54.3364222775687,18.9357671710981,Gdansk_Swibno,2017,7,10,0.2199999999999998,21.4
54.3364222775687,18.9357671710981,Gdansk_Swibno,2017,7,11,0.2299999999999995,22.5
54.3364222775687,18.9357671710981,Gdansk_Swibno,2017,7,12,0.2000000000000002,22.4
54.3364222775687,18.9357671710981,Gdansk_Swibno,2017,7,13,0.3399999999999999,22.8
54.3364222775687,18.9357671710981,Gdansk_Swibno,2017,7,14,0.2699999999999996,22.5
54.3364222775687,18.9357671710981,Gdansk_Swibno,2017,7,15,0.2599999999999998,21.4
54.3364222775687,18.9357671710981,Gdansk_Swibno,2017,7,16,0.21,21.5
54.3364222775687,18.9357671710981,Gdansk_Swibno,2017,7,17,0.2000000000000002,21.8
54.3364222775687,18.9357671710981,Gdansk_Swibno,2017,7,18,0.2400000000000002,21.6
54.3364222775687,18.9357671710981,Gdansk_Swibno,2017,7,19,0.25,21.7
54.3364222775687,18.9357671710981,Gdansk_Swibno,2017,7,20,0.2299999999999995,22.4
54.3364222775687,18.9357671710981,Gdansk_Swibno,2017,7,21,0.21,22.5
54.3364222775687,18.9357671710981,Gdansk_Swibno,2017,7,22,0.1600000000000001,21.8
54.3364222775687,18.9357671710981,Gdansk_Swibno,2017,7,23,0.1399999999999997,22.1
54.3364222775687,18.9357671710981,Gdansk_Swibno,2017,7,24,0.1399999999999997,22.3
54.3364222775687,18.9357671710981,Gdansk_Swibno,2017,7,25,0.1699999999999999,22.3
54.3364222775687,18.9357671710981,Gdansk_Swibno,2017,7,26,0.2000000000000002,22.6
54.3364222775687,18.9357671710981,Gdansk_Swibno,2017,7,27,0.09999999999999964,22.1
54.3364222775687,18.9357671710981,Gdansk_Swibno,2017,7,28,0.04000000000000004,21.9
54.3364222775687,18.9357671710981,Gdansk_Swibno,2017,7,29,0.01999999999999957,21.6
54.3364222775687,18.9357671710981,Gdansk_Swibno,2017,7,30,0.0,21.7
54.3364222775687,18.9357671710981,Gdansk_Swibno,2017,7,31,0.01999999999999957,23.1
54.3364222775687,18.9357671710981,Gdansk_Swibno,2017,8,1,0.03000000000000025,23.4
54.3364222775687,18.9357671710981,Gdansk_Swibno,2017,8,2,0.04999999999999982,23.7
54.3364222775687,18.9357671710981,Gdansk_Swibno,2017,8,3,0.03000000000000025,24.2
54.3364222775687,18.9357671710981,Gdansk_Swibno,2017,8,4,0.04999999999999982,24.1
54.3364222775687,18.9357671710981,Gdansk_Swibno,2017,8,5,0.08000000000000007,23.9
54.3364222775687,18.9357671710981,Gdansk_Swibno,2017,8,6,0.1799999999999997,23.8
54.3364222775687,18.9357671710981,Gdansk_Swibno,2017,8,7,0.1799999999999997,23.2
54.3364222775687,18.9357671710981,Gdansk_Swibno,2017,8,8,0.1500000000000004,22.8
54.3364222775687,18.9357671710981,Gdansk_Swibno,2017,8,9,0.1399999999999997,23.0
54.3364222775687,18.9357671710981,Gdansk_Swibno,2017,8,10,0.09999999999999964,23.0
54.3364222775687,18.9357671710981,Gdansk_Swibno,2017,8,11,0.1100000000000003,22.9
54.3364222775687,18.9357671710981,Gdansk_Swibno,2017,8,12,0.09999999999999964,23.3
54.3364222775687,18.9357671710981,Gdansk_Swibno,2017,8,13,0.1100000000000003,22.4
54.3364222775687,18.9357671710981,Gdansk_Swibno,2017,8,14,0.1899999999999995,22.4
54.3364222775687,18.9357671710981,Gdansk_Swibno,2017,8,15,0.1299999999999999,21.7
54.3364222775687,18.9357671710981,Gdansk_Swibno,2017,8,16,0.09999999999999964,21.8
54.3364222775687,18.9357671710981,Gdansk_Swibno,2017,8,17,0.08999999999999986,22.1
54.3364222775687,18.9357671710981,Gdansk_Swibno,2017,8,18,0.08000000000000007,22.3
54.3364222775687,18.9357671710981,Gdansk_Swibno,2017,8,19,0.07000000000000028,23.2
54.3364222775687,18.9357671710981,Gdansk_Swibno,2017,8,20,0.04999999999999982,22.4
54.3364222775687,18.9357671710981,Gdansk_Swibno,2017,8,21,0.1500000000000004,22.0
54.3364222775687,18.9357671710981,Gdansk_Swibno,2017,8,22,0.2599999999999998,21.6
54.3364222775687,18.9357671710981,Gdansk_Swibno,2017,8,23,0.3200000000000003,20.6
54.3364222775687,18.9357671710981,Gdansk_Swibno,2017,8,24,0.21,20.2
54.3364222775687,18.9357671710981,Gdansk_Swibno,2017,8,25,0.1699999999999999,20.2
54.3364222775687,18.9357671710981,Gdansk_Swibno,2017,8,26,0.1899999999999995,20.0
54.3364222775687,18.9357671710981,Gdansk_Swibno,2017,8,27,0.25,20.2
54.3364222775687,18.9357671710981,Gdansk_Swibno,2017,8,28,0.2199999999999998,20.7
54.3364222775687,18.9357671710981,Gdansk_Swibno,2017,8,29,0.07000000000000028,20.3
54.3364222775687,18.9357671710981,Gdansk_Swibno,2017,8,30,0.04000000000000004,20.5
54.3364222775687,18.9357671710981,Gdansk_Swibno,2017,8,31,0.1500000000000004,20.7
54.3364222775687,18.9357671710981,Gdansk_Swibno,2017,9,1,0.2299999999999995,21.3
54.3364222775687,18.9357671710981,Gdansk_Swibno,2017,9,2,0.3899999999999997,20.2
54.3364222775687,18.9357671710981,Gdansk_Swibno,2017,9,3,0.4000000000000004,19.0
54.3364222775687,18.9357671710981,Gdansk_Swibno,2017,9,4,0.3600000000000003,18.6
54.3364222775687,18.9357671710981,Gdansk_Swibno,2017,9,5,0.2999999999999998,18.6
54.3364222775687,18.9357671710981,Gdansk_Swibno,2017,9,6,0.1699999999999999,18.6
54.3364222775687,18.9357671710981,Gdansk_Swibno,2017,9,7,0.21,17.7
54.3364222775687,18.9357671710981,Gdansk_Swibno,2017,9,8,0.1200000000000001,17.5
54.3364222775687,18.9357671710981,Gdansk_Swibno,2017,9,9,0.08000000000000007,17.6
54.3364222775687,18.9357671710981,Gdansk_Swibno,2017,9,10,0.1100000000000003,17.7
54.3364222775687,18.9357671710981,Gdansk_Swibno,2017,9,11,0.05999999999999961,17.7
54.3364222775687,18.9357671710981,Gdansk_Swibno,2017,9,12,0.08000000000000007,18.2
54.3364222775687,18.9357671710981,Gdansk_Swibno,2017,9,13,0.07000000000000028,18.1
54.3364222775687,18.9357671710981,Gdansk_Swibno,2017,9,14,0.1200000000000001,17.2
54.3364222775687,18.9357671710981,Gdansk_Swibno,2017,9,15,0.2299999999999995,16.2
54.3364222775687,18.9357671710981,Gdansk_Swibno,2017,9,16,0.2000000000000002,16.0
54.3364222775687,18.9357671710981,Gdansk_Swibno,2017,9,17,0.29,16.2
54.3364222775687,18.9357671710981,Gdansk_Swibno,2017,9,18,0.4500000000000002,16.4
54.3364222775687,18.9357671710981,Gdansk_Swibno,2017,9,19,0.2299999999999995,15.8
54.3364222775687,18.9357671710981,Gdansk_Swibno,2017,9,20,0.2400000000000002,15.3
54.3364222775687,18.9357671710981,Gdansk_Swibno,2017,9,21,0.2999999999999998,16.4
54.3364222775687,18.9357671710981,Gdansk_Swibno,2017,9,22,0.2800000000000002,16.4
54.3364222775687,18.9357671710981,Gdansk_Swibno,2017,9,23,0.25,16.4
54.3364222775687,18.9357671710981,Gdansk_Swibno,2017,9,24,0.21,16.6
54.3364222775687,18.9357671710981,Gdansk_Swibno,2017,9,25,0.1799999999999997,16.3
54.3364222775687,18.9357671710981,Gdansk_Swibno,2017,9,26,0.1500000000000004,15.7
54.3364222775687,18.9357671710981,Gdansk_Swibno,2017,9,27,0.1399999999999997,15.8
54.3364222775687,18.9357671710981,Gdansk_Swibno,2017,9,28,0.1600000000000001,15.4
54.3364222775687,18.9357671710981,Gdansk_Swibno,2017,9,29,0.2599999999999998,14.9
54.3364222775687,18.9357671710981,Gdansk_Swibno,2017,9,30,0.3499999999999996,14.4
54.3364222775687,18.9357671710981,Gdansk_Swibno,2017,10,1,0.4000000000000004,15.1
54.3364222775687,18.9357671710981,Gdansk_Swibno,2017,10,2,0.25,14.6
54.3364222775687,18.9357671710981,Gdansk_Swibno,2017,10,3,0.1399999999999997,14.2
54.3364222775687,18.9357671710981,Gdansk_Swibno,2017,10,4,0.09999999999999964,14.4
54.3364222775687,18.9357671710981,Gdansk_Swibno,2017,10,5,0.1799999999999997,13.6
54.3364222775687,18.9357671710981,Gdansk_Swibno,2017,10,6,0.2999999999999998,13.2
54.3364222775687,18.9357671710981,Gdansk_Swibno,2017,10,7,0.25,13.4
54.3364222775687,18.9357671710981,Gdansk_Swibno,2017,10,8,0.3399999999999999,13.0
54.3364222775687,18.9357671710981,Gdansk_Swibno,2017,10,9,0.54,12.9
54.3364222775687,18.9357671710981,Gdansk_Swibno,2017,10,10,0.4699999999999998,12.0
54.3364222775687,18.9357671710981,Gdansk_Swibno,2017,10,11,0.3899999999999997,12.1
54.3364222775687,18.9357671710981,Gdansk_Swibno,2017,10,12,0.3499999999999996,12.3
54.3364222775687,18.9357671710981,Gdansk_Swibno,2017,10,13,0.54,12.0
54.3364222775687,18.9357671710981,Gdansk_Swibno,2017,10,14,0.3899999999999997,11.8
54.3364222775687,18.9357671710981,Gdansk_Swibno,2017,10,15,0.4199999999999999,12.5
54.3364222775687,18.9357671710981,Gdansk_Swibno,2017,10,16,0.3200000000000003,12.5
54.3364222775687,18.9357671710981,Gdansk_Swibno,2017,10,17,0.3399999999999999,12.6
54.3364222775687,18.9357671710981,Gdansk_Swibno,2017,10,18,0.3700000000000001,12.4
54.3364222775687,18.9357671710981,Gdansk_Swibno,2017,10,19,0.4299999999999997,13.2
54.3364222775687,18.9357671710981,Gdansk_Swibno,2017,10,20,0.3700000000000001,13.0
54.3364222775687,18.9357671710981,Gdansk_Swibno,2017,10,21,0.3399999999999999,13.1
54.3364222775687,18.9357671710981,Gdansk_Swibno,2017,10,22,0.25,12.9
54.3364222775687,18.9357671710981,Gdansk_Swibno,2017,10,23,0.29,13.2
54.3364222775687,18.9357671710981,Gdansk_Swibno,2017,10,24,0.1699999999999999,12.8
54.3364222775687,18.9357671710981,Gdansk_Swibno,2017,10,25,-0.009999999999999787,12.1
54.3364222775687,18.9357671710981,Gdansk_Swibno,2017,10,26,0.2000000000000002,12.4
54.3364222775687,18.9357671710981,Gdansk_Swibno,2017,10,27,0.3700000000000001,12.4
54.3364222775687,18.9357671710981,Gdansk_Swibno,2017,10,28,0.3099999999999996,12.2
54.3364222775687,18.9357671710981,Gdansk_Swibno,2017,10,29,0.8499999999999996,12.2
54.3364222775687,18.9357671710981,Gdansk_Swibno,2017,10,30,1.16,10.6
54.3364222775687,18.9357671710981,Gdansk_Swibno,2017,10,31,0.6299999999999999,9.5
54.3364222775687,18.9357671710981,Gdansk_Swibno,2017,11,1,0.46,9.0
54.3364222775687,18.9357671710981,Gdansk_Swibno,2017,11,2,0.4900000000000002,9.9
54.3364222775687,18.9357671710981,Gdansk_Swibno,2017,11,3,0.5599999999999996,9.5
54.3364222775687,18.9357671710981,Gdansk_Swibno,2017,11,4,0.4399999999999995,9.1
54.3364222775687,18.9357671710981,Gdansk_Swibno,2017,11,5,0.46,8.8
54.3364222775687,18.9357671710981,Gdansk_Swibno,2017,11,6,0.6299999999999999,8.7
54.3364222775687,18.9357671710981,Gdansk_Swibno,2017,11,7,0.6699999999999999,8.3
54.3364222775687,18.9357671710981,Gdansk_Swibno,2017,11,8,0.5999999999999996,8.4
54.3364222775687,18.9357671710981,Gdansk_Swibno,2017,11,9,0.5300000000000002,8.3
54.3364222775687,18.9357671710981,Gdansk_Swibno,2017,11,10,0.6200000000000001,8.3
54.3364222775687,18.9357671710981,Gdansk_Swibno,2017,11,11,0.7199999999999998,8.3
54.3364222775687,18.9357671710981,Gdansk_Swibno,2017,11,12,0.6200000000000001,8.2
54.3364222775687,18.9357671710981,Gdansk_Swibno,2017,11,13,0.6399999999999997,7.8
54.3364222775687,18.9357671710981,Gdansk_Swibno,2017,11,14,0.5599999999999996,7.5
54.3364222775687,18.9357671710981,Gdansk_Swibno,2017,11,15,0.5099999999999998,7.3
54.3364222775687,18.9357671710981,Gdansk_Swibno,2017,11,16,0.4699999999999998,7.2
54.3364222775687,18.9357671710981,Gdansk_Swibno,2017,11,17,0.4299999999999997,7.3
54.3364222775687,18.9357671710981,Gdansk_Swibno,2017,11,18,0.4100000000000001,6.9
54.3364222775687,18.9357671710981,Gdansk_Swibno,2017,11,19,0.6299999999999999,6.7
54.3364222775687,18.9357671710981,Gdansk_Swibno,2017,11,20,0.7699999999999996,6.5
54.3364222775687,18.9357671710981,Gdansk_Swibno,2017,11,21,0.5999999999999996,5.6
54.3364222775687,18.9357671710981,Gdansk_Swibno,2017,11,22,0.5,5.5
54.3364222775687,18.9357671710981,Gdansk_Swibno,2017,11,23,0.2999999999999998,5.6
54.3364222775687,18.9357671710981,Gdansk_Swibno,2017,11,24,0.3799999999999999,5.7
54.3364222775687,18.9357671710981,Gdansk_Swibno,2017,11,25,0.5199999999999996,6.0
54.3364222775687,18.9357671710981,Gdansk_Swibno,2017,11,26,0.5099999999999998,6.1
54.3364222775687,18.9357671710981,Gdansk_Swibno,2017,11,27,0.4000000000000004,5.7
54.3364222775687,18.9357671710981,Gdansk_Swibno,2017,11,28,0.4100000000000001,5.4
54.3364222775687,18.9357671710981,Gdansk_Swibno,2017,11,29,0.46,5.5
54.3364222775687,18.9357671710981,Gdansk_Swibno,2017,11,30,0.5599999999999996,5.1
54.3364222775687,18.9357671710981,Gdansk_Swibno,2018,5,1,0.08000000000000007,17.3
54.3364222775687,18.9357671710981,Gdansk_Swibno,2018,5,2,0.01999999999999957,17.6
54.3364222775687,18.9357671710981,Gdansk_Swibno,2018,5,3,0.08000000000000007,17.7
54.3364222775687,18.9357671710981,Gdansk_Swibno,2018,5,4,0.05999999999999961,17.5
54.3364222775687,18.9357671710981,Gdansk_Swibno,2018,5,5,0.04000000000000004,16.8
54.3364222775687,18.9357671710981,Gdansk_Swibno,2018,5,6,0.009999999999999787,17.3
54.3364222775687,18.9357671710981,Gdansk_Swibno,2018,5,7,0.009999999999999787,17.5
54.3364222775687,18.9357671710981,Gdansk_Swibno,2018,5,8,0.04000000000000004,18.4
54.3364222775687,18.9357671710981,Gdansk_Swibno,2018,5,9,0.04000000000000004,18.9
54.3364222775687,18.9357671710981,Gdansk_Swibno,2018,5,10,0.0,20.0
54.3364222775687,18.9357671710981,Gdansk_Swibno,2018,5,11,0.01999999999999957,20.9
54.3364222775687,18.9357671710981,Gdansk_Swibno,2018,5,12,0.01999999999999957,21.4
54.3364222775687,18.9357671710981,Gdansk_Swibno,2018,5,13,0.03000000000000025,21.6
54.3364222775687,18.9357671710981,Gdansk_Swibno,2018,5,14,0.009999999999999787,21.7
54.3364222775687,18.9357671710981,Gdansk_Swibno,2018,5,15,-0.02000000000000046,21.2
54.3364222775687,18.9357671710981,Gdansk_Swibno,2018,5,16,-0.02000000000000046,21.0
54.3364222775687,18.9357671710981,Gdansk_Swibno,2018,5,17,0.08999999999999986,21.2
54.3364222775687,18.9357671710981,Gdansk_Swibno,2018,5,18,0.1799999999999997,19.6
54.3364222775687,18.9357671710981,Gdansk_Swibno,2018,5,19,0.08999999999999986,18.4
54.3364222775687,18.9357671710981,Gdansk_Swibno,2018,5,20,-0.03000000000000025,18.0
54.3364222775687,18.9357671710981,Gdansk_Swibno,2018,5,21,-0.0600000000000005,18.1
54.3364222775687,18.9357671710981,Gdansk_Swibno,2018,5,22,-0.0600000000000005,19.0
54.3364222775687,18.9357671710981,Gdansk_Swibno,2018,5,23,-0.07000000000000028,19.9
54.3364222775687,18.9357671710981,Gdansk_Swibno,2018,5,24,-0.04000000000000004,20.1
54.3364222775687,18.9357671710981,Gdansk_Swibno,2018,5,25,-0.04999999999999982,20.4
54.3364222775687,18.9357671710981,Gdansk_Swibno,2018,5,26,-0.08999999999999986,20.2
54.3364222775687,18.9357671710981,Gdansk_Swibno,2018,5,27,-0.09999999999999964,21.0
54.3364222775687,18.9357671710981,Gdansk_Swibno,2018,5,28,-0.08999999999999986,21.8
54.3364222775687,18.9357671710981,Gdansk_Swibno,2018,5,29,-0.1699999999999999,22.8
54.3364222775687,18.9357671710981,Gdansk_Swibno,2018,5,30,-0.1699999999999999,23.1
54.3364222775687,18.9357671710981,Gdansk_Swibno,2018,5,31,-0.1500000000000004,22.8
54.3364222775687,18.9357671710981,Gdansk_Swibno,2018,6,1,-0.21,24.2
54.3364222775687,18.9357671710981,Gdansk_Swibno,2018,6,2,-0.21,24.5
54.3364222775687,18.9357671710981,Gdansk_Swibno,2018,6,3,-0.2000000000000002,24.4
54.3364222775687,18.9357671710981,Gdansk_Swibno,2018,6,4,-0.1399999999999997,24.7
54.3364222775687,18.9357671710981,Gdansk_Swibno,2018,6,5,0.0,25.2
54.3364222775687,18.9357671710981,Gdansk_Swibno,2018,6,6,-0.1200000000000001,24.7
54.3364222775687,18.9357671710981,Gdansk_Swibno,2018,6,7,-0.2199999999999998,22.8
54.3364222775687,18.9357671710981,Gdansk_Swibno,2018,6,8,-0.1699999999999999,22.7
54.3364222775687,18.9357671710981,Gdansk_Swibno,2018,6,9,-0.1699999999999999,23.0
54.3364222775687,18.9357671710981,Gdansk_Swibno,2018,6,10,-0.1799999999999997,23.4
54.3364222775687,18.9357671710981,Gdansk_Swibno,2018,6,11,-0.1399999999999997,23.9
54.3364222775687,18.9357671710981,Gdansk_Swibno,2018,6,12,-0.08000000000000007,23.9
54.3364222775687,18.9357671710981,Gdansk_Swibno,2018,6,13,-0.04000000000000004,23.2
54.3364222775687,18.9357671710981,Gdansk_Swibno,2018,6,14,-0.04999999999999982,22.8
54.3364222775687,18.9357671710981,Gdansk_Swibno,2018,6,15,-0.09999999999999964,22.7
54.3364222775687,18.9357671710981,Gdansk_Swibno,2018,6,16,-0.04000000000000004,22.8
54.3364222775687,18.9357671710981,Gdansk_Swibno,2018,6,17,-0.02000000000000046,22.8
54.3364222775687,18.9357671710981,Gdansk_Swibno,2018,6,18,-0.0600000000000005,22.5
54.3364222775687,18.9357671710981,Gdansk_Swibno,2018,6,19,-0.08999999999999986,23.4
54.3364222775687,18.9357671710981,Gdansk_Swibno,2018,6,20,-0.03000000000000025,23.2
54.3364222775687,18.9357671710981,Gdansk_Swibno,2018,6,21,0.07000000000000028,23.8
54.3364222775687,18.9357671710981,Gdansk_Swibno,2018,6,22,0.1100000000000003,23.2
54.3364222775687,18.9357671710981,Gdansk_Swibno,2018,6,23,0.21,22.0
54.3364222775687,18.9357671710981,Gdansk_Swibno,2018,6,24,0.2400000000000002,20.6
54.3364222775687,18.9357671710981,Gdansk_Swibno,2018,6,25,0.2299999999999995,20.5
54.3364222775687,18.9357671710981,Gdansk_Swibno,2018,6,26,0.2199999999999998,19.8
54.3364222775687,18.9357671710981,Gdansk_Swibno,2018,6,27,0.1600000000000001,19.9
54.3364222775687,18.9357671710981,Gdansk_Swibno,2018,6,28,0.1100000000000003,20.1
54.3364222775687,18.9357671710981,Gdansk_Swibno,2018,6,29,0.29,21.2
54.3364222775687,18.9357671710981,Gdansk_Swibno,2018,6,30,0.4000000000000004,20.2
54.3364222775687,18.9357671710981,Gdansk_Swibno,2018,7,1,0.3300000000000001,19.2
54.3364222775687,18.9357671710981,Gdansk_Swibno,2018,7,2,0.25,18.3
54.3364222775687,18.9357671710981,Gdansk_Swibno,2018,7,3,0.08999999999999986,18.2
54.3364222775687,18.9357671710981,Gdansk_Swibno,2018,7,4,0.07000000000000028,17.8
54.3364222775687,18.9357671710981,Gdansk_Swibno,2018,7,5,0.08000000000000007,19.2
54.3364222775687,18.9357671710981,Gdansk_Swibno,2018,7,6,0.08000000000000007,20.5
54.3364222775687,18.9357671710981,Gdansk_Swibno,2018,7,7,0.1600000000000001,20.9
54.3364222775687,18.9357671710981,Gdansk_Swibno,2018,7,8,0.1899999999999995,21.6
54.3364222775687,18.9357671710981,Gdansk_Swibno,2018,7,9,0.1500000000000004,21.6
54.3364222775687,18.9357671710981,Gdansk_Swibno,2018,7,10,0.1600000000000001,21.2
54.3364222775687,18.9357671710981,Gdansk_Swibno,2018,7,11,0.1500000000000004,21.6
54.3364222775687,18.9357671710981,Gdansk_Swibno,2018,7,12,0.1100000000000003,21.8
54.3364222775687,18.9357671710981,Gdansk_Swibno,2018,7,13,0.1200000000000001,21.4
54.3364222775687,18.9357671710981,Gdansk_Swibno,2018,7,14,0.1200000000000001,21.0
54.3364222775687,18.9357671710981,Gdansk_Swibno,2018,7,15,0.1100000000000003,21.3
54.3364222775687,18.9357671710981,Gdansk_Swibno,2018,7,16,0.1299999999999999,21.6
54.3364222775687,18.9357671710981,Gdansk_Swibno,2018,7,17,0.1500000000000004,22.0
54.3364222775687,18.9357671710981,Gdansk_Swibno,2018,7,18,0.1500000000000004,22.2
54.3364222775687,18.9357671710981,Gdansk_Swibno,2018,7,19,0.1500000000000004,22.3
54.3364222775687,18.9357671710981,Gdansk_Swibno,2018,7,20,0.1399999999999997,21.8
54.3364222775687,18.9357671710981,Gdansk_Swibno,2018,7,21,0.1100000000000003,21.8
54.3364222775687,18.9357671710981,Gdansk_Swibno,2018,7,22,0.09999999999999964,22.4
54.3364222775687,18.9357671710981,Gdansk_Swibno,2018,7,23,0.09999999999999964,23.5
54.3364222775687,18.9357671710981,Gdansk_Swibno,2018,7,24,0.1100000000000003,24.2
54.3364222775687,18.9357671710981,Gdansk_Swibno,2018,7,25,0.1500000000000004,24.3
54.3364222775687,18.9357671710981,Gdansk_Swibno,2018,7,26,0.1799999999999997,24.6
54.3364222775687,18.9357671710981,Gdansk_Swibno,2018,7,27,0.2599999999999998,24.7
54.3364222775687,18.9357671710981,Gdansk_Swibno,2018,7,28,0.2599999999999998,25.3
54.3364222775687,18.9357671710981,Gdansk_Swibno,2018,7,29,0.1699999999999999,26.2
54.3364222775687,18.9357671710981,Gdansk_Swibno,2018,7,30,0.09999999999999964,25.9
54.3364222775687,18.9357671710981,Gdansk_Swibno,2018,7,31,0.04999999999999982,25.6
54.3364222775687,18.9357671710981,Gdansk_Swibno,2018,8,1,0.03000000000000025,26.2
54.3364222775687,18.9357671710981,Gdansk_Swibno,2018,8,2,0.03000000000000025,27.2
54.3364222775687,18.9357671710981,Gdansk_Swibno,2018,8,3,0.01999999999999957,26.8
54.3364222775687,18.9357671710981,Gdansk_Swibno,2018,8,4,0.03000000000000025,26.6
54.3364222775687,18.9357671710981,Gdansk_Swibno,2018,8,5,0.1200000000000001,26.8
54.3364222775687,18.9357671710981,Gdansk_Swibno,2018,8,6,0.1600000000000001,25.6
54.3364222775687,18.9357671710981,Gdansk_Swibno,2018,8,7,0.1299999999999999,25.1
54.3364222775687,18.9357671710981,Gdansk_Swibno,2018,8,8,0.05999999999999961,25.5
54.3364222775687,18.9357671710981,Gdansk_Swibno,2018,8,9,0.03000000000000025,25.2
54.3364222775687,18.9357671710981,Gdansk_Swibno,2018,8,10,0.04999999999999982,25.6
54.3364222775687,18.9357671710981,Gdansk_Swibno,2018,8,11,0.04999999999999982,24.9
54.3364222775687,18.9357671710981,Gdansk_Swibno,2018,8,12,0.09999999999999964,24.3
54.3364222775687,18.9357671710981,Gdansk_Swibno,2018,8,13,0.1500000000000004,24.4
54.3364222775687,18.9357671710981,Gdansk_Swibno,2018,8,14,0.1600000000000001,24.1
54.3364222775687,18.9357671710981,Gdansk_Swibno,2018,8,15,0.1699999999999999,23.0
54.3364222775687,18.9357671710981,Gdansk_Swibno,2018,8,16,0.1200000000000001,22.2
54.3364222775687,18.9357671710981,Gdansk_Swibno,2018,8,17,0.07000000000000028,22.5
54.3364222775687,18.9357671710981,Gdansk_Swibno,2018,8,18,0.09999999999999964,22.6
54.3364222775687,18.9357671710981,Gdansk_Swibno,2018,8,19,0.04000000000000004,23.0
54.3364222775687,18.9357671710981,Gdansk_Swibno,2018,8,20,0.1500000000000004,23.2
54.3364222775687,18.9357671710981,Gdansk_Swibno,2018,8,21,0.2599999999999998,23.1
54.3364222775687,18.9357671710981,Gdansk_Swibno,2018,8,22,0.1399999999999997,22.6
54.3364222775687,18.9357671710981,Gdansk_Swibno,2018,8,23,0.04999999999999982,22.4
54.3364222775687,18.9357671710981,Gdansk_Swibno,2018,8,24,0.1299999999999999,22.5
54.3364222775687,18.9357671710981,Gdansk_Swibno,2018,8,25,0.1100000000000003,22.0
54.3364222775687,18.9357671710981,Gdansk_Swibno,2018,8,26,0.1799999999999997,20.9
54.3364222775687,18.9357671710981,Gdansk_Swibno,2018,8,27,0.1600000000000001,21.3
54.3364222775687,18.9357671710981,Gdansk_Swibno,2018,8,28,0.1899999999999995,20.7
54.3364222775687,18.9357671710981,Gdansk_Swibno,2018,8,29,0.2000000000000002,20.1
54.3364222775687,18.9357671710981,Gdansk_Swibno,2018,8,30,0.1899999999999995,20.3
54.3364222775687,18.9357671710981,Gdansk_Swibno,2018,8,31,0.2299999999999995,20.8
54.3364222775687,18.9357671710981,Gdansk_Swibno,2018,9,1,0.21,20.4
54.3364222775687,18.9357671710981,Gdansk_Swibno,2018,9,2,0.2000000000000002,20.4
54.3364222775687,18.9357671710981,Gdansk_Swibno,2018,9,3,0.1600000000000001,20.5
54.3364222775687,18.9357671710981,Gdansk_Swibno,2018,9,4,0.1600000000000001,20.7
54.3364222775687,18.9357671710981,Gdansk_Swibno,2018,9,5,0.1500000000000004,20.6
54.3364222775687,18.9357671710981,Gdansk_Swibno,2018,9,6,0.1200000000000001,21.0
54.3364222775687,18.9357671710981,Gdansk_Swibno,2018,9,7,0.08000000000000007,20.5
54.3364222775687,18.9357671710981,Gdansk_Swibno,2018,9,8,0.04000000000000004,21.2
54.3364222775687,18.9357671710981,Gdansk_Swibno,2018,9,9,-0.02000000000000046,20.2
54.3364222775687,18.9357671710981,Gdansk_Swibno,2018,9,10,-0.0600000000000005,19.8
54.3364222775687,18.9357671710981,Gdansk_Swibno,2018,9,11,-0.08000000000000007,20.4
54.3364222775687,18.9357671710981,Gdansk_Swibno,2018,9,12,-0.08999999999999986,20.1
54.3364222775687,18.9357671710981,Gdansk_Swibno,2018,9,13,0.03000000000000025,19.5
54.3364222775687,18.9357671710981,Gdansk_Swibno,2018,9,14,0.03000000000000025,18.9
54.3364222775687,18.9357671710981,Gdansk_Swibno,2018,9,15,0.05999999999999961,19.3
54.3364222775687,18.9357671710981,Gdansk_Swibno,2018,9,16,0.1200000000000001,19.0
54.3364222775687,18.9357671710981,Gdansk_Swibno,2018,9,17,0.04999999999999982,18.6
54.3364222775687,18.9357671710981,Gdansk_Swibno,2018,9,18,0.09999999999999964,18.2
54.3364222775687,18.9357671710981,Gdansk_Swibno,2018,9,19,0.08000000000000007,18.8
54.3364222775687,18.9357671710981,Gdansk_Swibno,2018,9,20,0.05999999999999961,18.6
54.3364222775687,18.9357671710981,Gdansk_Swibno,2018,9,21,0.09999999999999964,19.5
54.3364222775687,18.9357671710981,Gdansk_Swibno,2018,9,22,0.04999999999999982,19.6
54.3364222775687,18.9357671710981,Gdansk_Swibno,2018,9,23,0.21,18.3
54.3364222775687,18.9357671710981,Gdansk_Swibno,2018,9,24,0.54,17.0
54.3364222775687,18.9357671710981,Gdansk_Swibno,2018,9,25,0.54,15.8
54.3364222775687,18.9357671710981,Gdansk_Swibno,2018,9,26,0.1699999999999999,14.0
54.3364222775687,18.9357671710981,Gdansk_Swibno,2018,9,27,0.3399999999999999,13.4
54.3364222775687,18.9357671710981,Gdansk_Swibno,2018,9,28,0.4699999999999998,13.9
54.3364222775687,18.9357671710981,Gdansk_Swibno,2018,9,29,0.3899999999999997,13.2
54.3364222775687,18.9357671710981,Gdansk_Swibno,2018,9,30,0.21,12.9
54.3364222775687,18.9357671710981,Gdansk_Swibno,2018,10,1,0.3799999999999999,12.7
54.3364222775687,18.9357671710981,Gdansk_Swibno,2018,10,2,0.3899999999999997,13.0
54.3364222775687,18.9357671710981,Gdansk_Swibno,2018,10,3,0.6299999999999999,12.4
54.3364222775687,18.9357671710981,Gdansk_Swibno,2018,10,4,0.5199999999999996,11.7
54.3364222775687,18.9357671710981,Gdansk_Swibno,2018,10,5,0.3099999999999996,11.6
54.3364222775687,18.9357671710981,Gdansk_Swibno,2018,10,6,0.3499999999999996,11.4
54.3364222775687,18.9357671710981,Gdansk_Swibno,2018,10,7,0.5300000000000002,12.4
54.3364222775687,18.9357671710981,Gdansk_Swibno,2018,10,8,0.2800000000000002,12.3
54.3364222775687,18.9357671710981,Gdansk_Swibno,2018,10,9,0.21,12.5
54.3364222775687,18.9357671710981,Gdansk_Swibno,2018,10,10,0.2599999999999998,12.3
54.3364222775687,18.9357671710981,Gdansk_Swibno,2018,10,11,0.2999999999999998,12.4
54.3364222775687,18.9357671710981,Gdansk_Swibno,2018,10,12,0.2199999999999998,12.6
54.3364222775687,18.9357671710981,Gdansk_Swibno,2018,10,13,0.1699999999999999,12.6
54.3364222775687,18.9357671710981,Gdansk_Swibno,2018,10,14,0.1200000000000001,12.4
54.3364222775687,18.9357671710981,Gdansk_Swibno,2018,10,15,0.08999999999999986,12.9
54.3364222775687,18.9357671710981,Gdansk_Swibno,2018,10,16,0.1899999999999995,13.5
54.3364222775687,18.9357671710981,Gdansk_Swibno,2018,10,17,0.1799999999999997,13.0
54.3364222775687,18.9357671710981,Gdansk_Swibno,2018,10,18,0.2000000000000002,12.8
54.3364222775687,18.9357671710981,Gdansk_Swibno,2018,10,19,0.2199999999999998,12.9
54.3364222775687,18.9357671710981,Gdansk_Swibno,2018,10,20,0.2199999999999998,12.7
54.3364222775687,18.9357671710981,Gdansk_Swibno,2018,10,21,0.1299999999999999,12.0
54.3364222775687,18.9357671710981,Gdansk_Swibno,2018,10,22,0.1600000000000001,12.1
54.3364222775687,18.9357671710981,Gdansk_Swibno,2018,10,23,0.3300000000000001,11.0
54.3364222775687,18.9357671710981,Gdansk_Swibno,2018,10,24,0.9199999999999999,9.9
54.3364222775687,18.9357671710981,Gdansk_Swibno,2018,10,25,0.4799999999999995,8.8
54.3364222775687,18.9357671710981,Gdansk_Swibno,2018,10,26,0.4500000000000002,8.6
54.3364222775687,18.9357671710981,Gdansk_Swibno,2018,10,27,0.5599999999999996,8.6
54.3364222775687,18.9357671710981,Gdansk_Swibno,2018,10,28,0.5700000000000003,8.4
54.3364222775687,18.9357671710981,Gdansk_Swibno,2018,10,29,0.3899999999999997,7.9
54.3364222775687,18.9357671710981,Gdansk_Swibno,2018,10,30,0.2000000000000002,8.0
54.3364222775687,18.9357671710981,Gdansk_Swibno,2018,10,31,0.07000000000000028,8.7
54.3364222775687,18.9357671710981,Gdansk_Swibno,2018,11,1,0.1600000000000001,7.8
54.3364222775687,18.9357671710981,Gdansk_Swibno,2018,11,2,0.1600000000000001,8.6
54.3364222775687,18.9357671710981,Gdansk_Swibno,2018,11,3,0.1200000000000001,8.2
54.3364222775687,18.9357671710981,Gdansk_Swibno,2018,11,4,0.09999999999999964,7.4
54.3364222775687,18.9357671710981,Gdansk_Swibno,2018,11,5,0.08000000000000007,9.0
54.3364222775687,18.9357671710981,Gdansk_Swibno,2018,11,6,0.05999999999999961,8.8
54.3364222775687,18.9357671710981,Gdansk_Swibno,2018,11,7,0.04000000000000004,8.9
54.3364222775687,18.9357671710981,Gdansk_Swibno,2018,11,8,0.08999999999999986,8.0
54.3364222775687,18.9357671710981,Gdansk_Swibno,2018,11,9,0.07000000000000028,8.9
54.3364222775687,18.9357671710981,Gdansk_Swibno,2018,11,10,0.01999999999999957,9.0
54.3364222775687,18.9357671710981,Gdansk_Swibno,2018,11,11,-0.08000000000000007,8.8
54.3364222775687,18.9357671710981,Gdansk_Swibno,2018,11,12,-0.1500000000000004,8.6
54.3364222775687,18.9357671710981,Gdansk_Swibno,2018,11,13,-0.04000000000000004,8.9
54.3364222775687,18.9357671710981,Gdansk_Swibno,2018,11,14,0.05999999999999961,9.2
54.3364222775687,18.9357671710981,Gdansk_Swibno,2018,11,15,0.0,9.0
54.3364222775687,18.9357671710981,Gdansk_Swibno,2018,11,16,-0.07000000000000028,8.0
54.3364222775687,18.9357671710981,Gdansk_Swibno,2018,11,17,-0.07000000000000028,8.2
54.3364222775687,18.9357671710981,Gdansk_Swibno,2018,11,18,0.1699999999999999,7.3
54.3364222775687,18.9357671710981,Gdansk_Swibno,2018,11,19,0.08000000000000007,6.6
54.3364222775687,18.9357671710981,Gdansk_Swibno,2018,11,20,-0.1200000000000001,6.5
54.3364222775687,18.9357671710981,Gdansk_Swibno,2018,11,21,-0.1200000000000001,6.1
54.3364222775687,18.9357671710981,Gdansk_Swibno,2018,11,22,-0.1900000000000004,5.0
54.3364222775687,18.9357671710981,Gdansk_Swibno,2018,11,23,-0.2400000000000002,4.3
54.3364222775687,18.9357671710981,Gdansk_Swibno,2018,11,24,-0.1699999999999999,3.7
54.3364222775687,18.9357671710981,Gdansk_Swibno,2018,11,25,-0.1100000000000003,3.8
54.3364222775687,18.9357671710981,Gdansk_Swibno,2018,11,26,-0.1200000000000001,3.5
54.3364222775687,18.9357671710981,Gdansk_Swibno,2018,11,27,-0.04000000000000004,3.7
54.3364222775687,18.9357671710981,Gdansk_Swibno,2018,11,28,-0.1900000000000004,3.2
54.3364222775687,18.9357671710981,Gdansk_Swibno,2018,11,29,-0.6799999999999997,2.7
54.3364222775687,18.9357671710981,Gdansk_Swibno,2018,11,30,-0.79,1.1
54.3364222775687,18.9357671710981,Gdansk_Swibno,2019,5,1,-0.1100000000000003,13.7
54.3364222775687,18.9357671710981,Gdansk_Swibno,2019,5,2,-0.04000000000000004,14.2
54.3364222775687,18.9357671710981,Gdansk_Swibno,2019,5,3,0.05999999999999961,13.7
54.3364222775687,18.9357671710981,Gdansk_Swibno,2019,5,4,0.03000000000000025,14.3
54.3364222775687,18.9357671710981,Gdansk_Swibno,2019,5,5,0.03000000000000025,13.9
54.3364222775687,18.9357671710981,Gdansk_Swibno,2019,5,6,0.04000000000000004,12.5
54.3364222775687,18.9357671710981,Gdansk_Swibno,2019,5,7,0.09999999999999964,12.6
54.3364222775687,18.9357671710981,Gdansk_Swibno,2019,5,8,0.09999999999999964,12.4
54.3364222775687,18.9357671710981,Gdansk_Swibno,2019,5,9,0.1399999999999997,13.2
54.3364222775687,18.9357671710981,Gdansk_Swibno,2019,5,10,0.1299999999999999,13.4
54.3364222775687,18.9357671710981,Gdansk_Swibno,2019,5,11,0.1200000000000001,14.2
54.3364222775687,18.9357671710981,Gdansk_Swibno,2019,5,12,0.1200000000000001,14.0
54.3364222775687,18.9357671710981,Gdansk_Swibno,2019,5,13,0.21,13.8
54.3364222775687,18.9357671710981,Gdansk_Swibno,2019,5,14,0.3200000000000003,13.0
54.3364222775687,18.9357671710981,Gdansk_Swibno,2019,5,15,0.2699999999999996,12.5
54.3364222775687,18.9357671710981,Gdansk_Swibno,2019,5,16,0.2199999999999998,12.2
54.3364222775687,18.9357671710981,Gdansk_Swibno,2019,5,17,0.1500000000000004,12.4
54.3364222775687,18.9357671710981,Gdansk_Swibno,2019,5,18,0.08000000000000007,13.4
54.3364222775687,18.9357671710981,Gdansk_Swibno,2019,5,19,0.05999999999999961,14.4
54.3364222775687,18.9357671710981,Gdansk_Swibno,2019,5,20,0.04999999999999982,15.1
54.3364222775687,18.9357671710981,Gdansk_Swibno,2019,5,21,0.07000000000000028,15.5
54.3364222775687,18.9357671710981,Gdansk_Swibno,2019,5,22,0.1699999999999999,16.4
54.3364222775687,18.9357671710981,Gdansk_Swibno,2019,5,23,0.29,17.8
54.3364222775687,18.9357671710981,Gdansk_Swibno,2019,5,24,0.2299999999999995,17.5
54.3364222775687,18.9357671710981,Gdansk_Swibno,2019,5,25,0.25,18.6
54.3364222775687,18.9357671710981,Gdansk_Swibno,2019,5,26,0.21,17.9
54.3364222775687,18.9357671710981,Gdansk_Swibno,2019,5,27,0.2000000000000002,17.8
54.3364222775687,18.9357671710981,Gdansk_Swibno,2019,5,28,0.3200000000000003,18.2
54.3364222775687,18.9357671710981,Gdansk_Swibno,2019,5,29,0.5199999999999996,17.5
54.3364222775687,18.9357671710981,Gdansk_Swibno,2019,5,30,0.6899999999999995,18.0
54.3364222775687,18.9357671710981,Gdansk_Swibno,2019,5,31,0.9299999999999997,18.2
54.3364222775687,18.9357671710981,Gdansk_Swibno,2019,6,1,1.14,17.8
54.3364222775687,18.9357671710981,Gdansk_Swibno,2019,6,2,1.24,18.8
54.3364222775687,18.9357671710981,Gdansk_Swibno,2019,6,3,1.04,18.8
54.3364222775687,18.9357671710981,Gdansk_Swibno,2019,6,4,0.6899999999999995,19.8
54.3364222775687,18.9357671710981,Gdansk_Swibno,2019,6,5,0.4399999999999995,21.0
54.3364222775687,18.9357671710981,Gdansk_Swibno,2019,6,6,0.3799999999999999,21.4
54.3364222775687,18.9357671710981,Gdansk_Swibno,2019,6,7,0.3899999999999997,23.0
54.3364222775687,18.9357671710981,Gdansk_Swibno,2019,6,8,0.3399999999999999,22.4
54.3364222775687,18.9357671710981,Gdansk_Swibno,2019,6,9,0.1699999999999999,23.0
54.3364222775687,18.9357671710981,Gdansk_Swibno,2019,6,10,0.1100000000000003,22.9
54.3364222775687,18.9357671710981,Gdansk_Swibno,2019,6,11,0.1699999999999999,23.2
54.3364222775687,18.9357671710981,Gdansk_Swibno,2019,6,12,0.1899999999999995,23.8
54.3364222775687,18.9357671710981,Gdansk_Swibno,2019,6,13,0.09999999999999964,24.9
54.3364222775687,18.9357671710981,Gdansk_Swibno,2019,6,14,0.01999999999999957,24.7
54.3364222775687,18.9357671710981,Gdansk_Swibno,2019,6,15,-0.009999999999999787,24.6
54.3364222775687,18.9357671710981,Gdansk_Swibno,2019,6,16,0.03000000000000025,24.7
54.3364222775687,18.9357671710981,Gdansk_Swibno,2019,6,17,-0.02000000000000046,23.8
54.3364222775687,18.9357671710981,Gdansk_Swibno,2019,6,18,-0.07000000000000028,24.1
54.3364222775687,18.9357671710981,Gdansk_Swibno,2019,6,19,-0.0600000000000005,24.5
54.3364222775687,18.9357671710981,Gdansk_Swibno,2019,6,20,-0.02000000000000046,24.7
54.3364222775687,18.9357671710981,Gdansk_Swibno,2019,6,21,-0.02000000000000046,25.1
54.3364222775687,18.9357671710981,Gdansk_Swibno,2019,6,22,0.0,25.2
54.3364222775687,18.9357671710981,Gdansk_Swibno,2019,6,23,0.04000000000000004,24.1
54.3364222775687,18.9357671710981,Gdansk_Swibno,2019,6,24,0.04999999999999982,24.4
54.3364222775687,18.9357671710981,Gdansk_Swibno,2019,6,25,0.009999999999999787,23.6
54.3364222775687,18.9357671710981,Gdansk_Swibno,2019,6,26,-0.009999999999999787,24.2
54.3364222775687,18.9357671710981,Gdansk_Swibno,2019,6,27,0.1200000000000001,25.1
54.3364222775687,18.9357671710981,Gdansk_Swibno,2019,6,28,0.1100000000000003,24.9
54.3364222775687,18.9357671710981,Gdansk_Swibno,2019,6,29,0.01999999999999957,25.1
54.3364222775687,18.9357671710981,Gdansk_Swibno,2019,6,30,0.009999999999999787,24.3
54.3364222775687,18.9357671710981,Gdansk_Swibno,2019,7,1,0.009999999999999787,24.2
54.3364222775687,18.9357671710981,Gdansk_Swibno,2019,7,2,0.1500000000000004,23.8
54.3364222775687,18.9357671710981,Gdansk_Swibno,2019,7,3,0.2199999999999998,22.6
54.3364222775687,18.9357671710981,Gdansk_Swibno,2019,7,4,0.21,21.7
54.3364222775687,18.9357671710981,Gdansk_Swibno,2019,7,5,0.2699999999999996,20.9
54.3364222775687,18.9357671710981,Gdansk_Swibno,2019,7,6,0.2800000000000002,19.7
54.3364222775687,18.9357671710981,Gdansk_Swibno,2019,7,7,0.3600000000000003,19.5
54.3364222775687,18.9357671710981,Gdansk_Swibno,2019,7,8,0.4000000000000004,18.0
54.3364222775687,18.9357671710981,Gdansk_Swibno,2019,7,9,0.46,18.4
54.3364222775687,18.9357671710981,Gdansk_Swibno,2019,7,10,0.4199999999999999,17.5
54.3364222775687,18.9357671710981,Gdansk_Swibno,2019,7,11,0.3399999999999999,17.8
54.3364222775687,18.9357671710981,Gdansk_Swibno,2019,7,12,0.2800000000000002,18.9
54.3364222775687,18.9357671710981,Gdansk_Swibno,2019,7,13,0.2599999999999998,19.2
54.3364222775687,18.9357671710981,Gdansk_Swibno,2019,7,14,0.2599999999999998,19.7
54.3364222775687,18.9357671710981,Gdansk_Swibno,2019,7,15,0.2199999999999998,20.6
54.3364222775687,18.9357671710981,Gdansk_Swibno,2019,7,16,0.25,20.8
54.3364222775687,18.9357671710981,Gdansk_Swibno,2019,7,17,0.3099999999999996,20.4
54.3364222775687,18.9357671710981,Gdansk_Swibno,2019,7,18,0.2299999999999995,20.6
54.3364222775687,18.9357671710981,Gdansk_Swibno,2019,7,19,0.1899999999999995,21.0
54.3364222775687,18.9357671710981,Gdansk_Swibno,2019,7,20,0.1600000000000001,21.3
54.3364222775687,18.9357671710981,Gdansk_Swibno,2019,7,21,0.1500000000000004,21.9
54.3364222775687,18.9357671710981,Gdansk_Swibno,2019,7,22,0.1500000000000004,22.2
54.3364222775687,18.9357671710981,Gdansk_Swibno,2019,7,23,0.1399999999999997,22.1
54.3364222775687,18.9357671710981,Gdansk_Swibno,2019,7,24,0.1699999999999999,22.7
54.3364222775687,18.9357671710981,Gdansk_Swibno,2019,7,25,0.1299999999999999,22.0
54.3364222775687,18.9357671710981,Gdansk_Swibno,2019,7,26,0.1600000000000001,22.3
54.3364222775687,18.9357671710981,Gdansk_Swibno,2019,7,27,0.1299999999999999,22.7
54.3364222775687,18.9357671710981,Gdansk_Swibno,2019,7,28,0.08999999999999986,22.4
54.3364222775687,18.9357671710981,Gdansk_Swibno,2019,7,29,0.09999999999999964,23.1
54.3364222775687,18.9357671710981,Gdansk_Swibno,2019,7,30,0.1799999999999997,24.2
54.3364222775687,18.9357671710981,Gdansk_Swibno,2019,7,31,0.09999999999999964,23.9
54.3364222775687,18.9357671710981,Gdansk_Swibno,2019,8,1,0.009999999999999787,23.2
54.3364222775687,18.9357671710981,Gdansk_Swibno,2019,8,2,-0.009999999999999787,21.9
54.3364222775687,18.9357671710981,Gdansk_Swibno,2019,8,3,0.009999999999999787,22.0
54.3364222775687,18.9357671710981,Gdansk_Swibno,2019,8,4,0.0,22.2
54.3364222775687,18.9357671710981,Gdansk_Swibno,2019,8,5,-0.04999999999999982,22.2
54.3364222775687,18.9357671710981,Gdansk_Swibno,2019,8,6,-0.04999999999999982,21.7
54.3364222775687,18.9357671710981,Gdansk_Swibno,2019,8,7,-0.03000000000000025,22.1
54.3364222775687,18.9357671710981,Gdansk_Swibno,2019,8,8,0.01999999999999957,22.9
54.3364222775687,18.9357671710981,Gdansk_Swibno,2019,8,9,0.04000000000000004,23.0
54.3364222775687,18.9357671710981,Gdansk_Swibno,2019,8,10,0.009999999999999787,21.9
54.3364222775687,18.9357671710981,Gdansk_Swibno,2019,8,11,-0.0600000000000005,22.1
54.3364222775687,18.9357671710981,Gdansk_Swibno,2019,8,12,-0.04000000000000004,22.3
54.3364222775687,18.9357671710981,Gdansk_Swibno,2019,8,13,0.0,22.2
54.3364222775687,18.9357671710981,Gdansk_Swibno,2019,8,14,0.03000000000000025,22.2
54.3364222775687,18.9357671710981,Gdansk_Swibno,2019,8,15,0.04999999999999982,21.6
54.3364222775687,18.9357671710981,Gdansk_Swibno,2019,8,16,0.08000000000000007,21.5
54.3364222775687,18.9357671710981,Gdansk_Swibno,2019,8,17,0.04000000000000004,21.1
54.3364222775687,18.9357671710981,Gdansk_Swibno,2019,8,18,0.04000000000000004,21.3
54.3364222775687,18.9357671710981,Gdansk_Swibno,2019,8,19,0.07000000000000028,21.2
54.3364222775687,18.9357671710981,Gdansk_Swibno,2019,8,20,0.05999999999999961,21.4
54.3364222775687,18.9357671710981,Gdansk_Swibno,2019,8,21,0.1200000000000001,21.6
54.3364222775687,18.9357671710981,Gdansk_Swibno,2019,8,22,0.08000000000000007,21.4
54.3364222775687,18.9357671710981,Gdansk_Swibno,2019,8,23,0.03000000000000025,20.8
54.3364222775687,18.9357671710981,Gdansk_Swibno,2019,8,24,0.1200000000000001,21.0
54.3364222775687,18.9357671710981,Gdansk_Swibno,2019,8,25,0.1100000000000003,21.5
54.3364222775687,18.9357671710981,Gdansk_Swibno,2019,8,26,0.07000000000000028,22.1
54.3364222775687,18.9357671710981,Gdansk_Swibno,2019,8,27,0.07000000000000028,22.6
54.3364222775687,18.9357671710981,Gdansk_Swibno,2019,8,28,0.03000000000000025,23.1
54.3364222775687,18.9357671710981,Gdansk_Swibno,2019,8,29,0.03000000000000025,22.8
54.3364222775687,18.9357671710981,Gdansk_Swibno,2019,8,30,0.01999999999999957,23.8
54.3364222775687,18.9357671710981,Gdansk_Swibno,2019,8,31,0.0,23.9
54.3364222775687,18.9357671710981,Gdansk_Swibno,2019,9,1,0.009999999999999787,24.0
54.3364222775687,18.9357671710981,Gdansk_Swibno,2019,9,2,0.08999999999999986,22.9
54.3364222775687,18.9357671710981,Gdansk_Swibno,2019,9,3,0.08000000000000007,23.1
54.3364222775687,18.9357671710981,Gdansk_Swibno,2019,9,4,0.08000000000000007,21.9
54.3364222775687,18.9357671710981,Gdansk_Swibno,2019,9,5,0.07000000000000028,21.2
54.3364222775687,18.9357671710981,Gdansk_Swibno,2019,9,6,0.09999999999999964,20.6
54.3364222775687,18.9357671710981,Gdansk_Swibno,2019,9,7,0.09999999999999964,19.8
54.3364222775687,18.9357671710981,Gdansk_Swibno,2019,9,8,0.1899999999999995,19.1
54.3364222775687,18.9357671710981,Gdansk_Swibno,2019,9,9,0.1500000000000004,18.4
54.3364222775687,18.9357671710981,Gdansk_Swibno,2019,9,10,0.08000000000000007,17.9
54.3364222775687,18.9357671710981,Gdansk_Swibno,2019,9,11,0.04000000000000004,17.6
54.3364222775687,18.9357671710981,Gdansk_Swibno,2019,9,12,0.05999999999999961,17.4
54.3364222775687,18.9357671710981,Gdansk_Swibno,2019,9,13,0.2000000000000002,17.5
54.3364222775687,18.9357671710981,Gdansk_Swibno,2019,9,14,0.29,17.7
54.3364222775687,18.9357671710981,Gdansk_Swibno,2019,9,15,0.1500000000000004,17.4
54.3364222775687,18.9357671710981,Gdansk_Swibno,2019,9,16,0.4000000000000004,16.8
54.3364222775687,18.9357671710981,Gdansk_Swibno,2019,9,17,0.46,15.8
54.3364222775687,18.9357671710981,Gdansk_Swibno,2019,9,18,0.6399999999999997,14.9
54.3364222775687,18.9357671710981,Gdansk_Swibno,2019,9,19,0.5300000000000002,14.8
54.3364222775687,18.9357671710981,Gdansk_Swibno,2019,9,20,0.3899999999999997,14.3
54.3364222775687,18.9357671710981,Gdansk_Swibno,2019,9,21,0.3499999999999996,13.7
54.3364222775687,18.9357671710981,Gdansk_Swibno,2019,9,22,0.3700000000000001,13.8
54.3364222775687,18.9357671710981,Gdansk_Swibno,2019,9,23,0.29,14.0
54.3364222775687,18.9357671710981,Gdansk_Swibno,2019,9,24,0.21,13.6
54.3364222775687,18.9357671710981,Gdansk_Swibno,2019,9,25,0.21,14.4
54.3364222775687,18.9357671710981,Gdansk_Swibno,2019,9,26,0.21,14.6
54.3364222775687,18.9357671710981,Gdansk_Swibno,2019,9,27,0.1399999999999997,14.2
54.3364222775687,18.9357671710981,Gdansk_Swibno,2019,9,28,0.1399999999999997,14.7
54.3364222775687,18.9357671710981,Gdansk_Swibno,2019,9,29,0.08999999999999986,14.8
54.3364222775687,18.9357671710981,Gdansk_Swibno,2019,9,30,0.2400000000000002,15.2
54.3364222775687,18.9357671710981,Gdansk_Swibno,2019,10,1,0.1600000000000001,14.9
54.3364222775687,18.9357671710981,Gdansk_Swibno,2019,10,2,0.3399999999999999,14.1
54.3364222775687,18.9357671710981,Gdansk_Swibno,2019,10,3,0.4000000000000004,13.5
54.3364222775687,18.9357671710981,Gdansk_Swibno,2019,10,4,0.3499999999999996,13.1
54.3364222775687,18.9357671710981,Gdansk_Swibno,2019,10,5,0.2999999999999998,12.5
54.3364222775687,18.9357671710981,Gdansk_Swibno,2019,10,6,0.21,12.0
54.3364222775687,18.9357671710981,Gdansk_Swibno,2019,10,7,0.1799999999999997,11.1
54.3364222775687,18.9357671710981,Gdansk_Swibno,2019,10,8,0.05999999999999961,10.9
54.3364222775687,18.9357671710981,Gdansk_Swibno,2019,10,9,0.09999999999999964,10.5
54.3364222775687,18.9357671710981,Gdansk_Swibno,2019,10,10,0.1500000000000004,10.8
54.3364222775687,18.9357671710981,Gdansk_Swibno,2019,10,11,0.07000000000000028,10.6
54.3364222775687,18.9357671710981,Gdansk_Swibno,2019,10,12,0.1200000000000001,11.8
54.3364222775687,18.9357671710981,Gdansk_Swibno,2019,10,13,0.1600000000000001,12.4
54.3364222775687,18.9357671710981,Gdansk_Swibno,2019,10,14,0.2299999999999995,13.0
54.3364222775687,18.9357671710981,Gdansk_Swibno,2019,10,15,0.25,13.1
54.3364222775687,18.9357671710981,Gdansk_Swibno,2019,10,16,0.21,13.3
54.3364222775687,18.9357671710981,Gdansk_Swibno,2019,10,17,0.2000000000000002,14.1
54.3364222775687,18.9357671710981,Gdansk_Swibno,2019,10,18,0.1600000000000001,13.6
54.3364222775687,18.9357671710981,Gdansk_Swibno,2019,10,19,0.09999999999999964,13.1
54.3364222775687,18.9357671710981,Gdansk_Swibno,2019,10,20,0.1699999999999999,13.3
54.3364222775687,18.9357671710981,Gdansk_Swibno,2019,10,21,0.1600000000000001,13.0
54.3364222775687,18.9357671710981,Gdansk_Swibno,2019,10,22,0.04000000000000004,13.0
54.3364222775687,18.9357671710981,Gdansk_Swibno,2019,10,23,0.04000000000000004,13.2
54.3364222775687,18.9357671710981,Gdansk_Swibno,2019,10,24,0.05999999999999961,12.8
54.3364222775687,18.9357671710981,Gdansk_Swibno,2019,10,25,0.03000000000000025,12.9
54.3364222775687,18.9357671710981,Gdansk_Swibno,2019,10,26,-0.03000000000000025,13.1
54.3364222775687,18.9357671710981,Gdansk_Swibno,2019,10,27,0.1899999999999995,12.9
54.3364222775687,18.9357671710981,Gdansk_Swibno,2019,10,28,0.29,12.7
54.3364222775687,18.9357671710981,Gdansk_Swibno,2019,10,29,0.3600000000000003,12.0
54.3364222775687,18.9357671710981,Gdansk_Swibno,2019,10,30,0.2999999999999998,10.7
54.3364222775687,18.9357671710981,Gdansk_Swibno,2019,10,31,0.1799999999999997,9.1
54.3364222775687,18.9357671710981,Gdansk_Swibno,2019,11,1,0.1399999999999997,8.6
54.3364222775687,18.9357671710981,Gdansk_Swibno,2019,11,2,0.05999999999999961,8.0
54.3364222775687,18.9357671710981,Gdansk_Swibno,2019,11,3,0.1399999999999997,8.1
54.3364222775687,18.9357671710981,Gdansk_Swibno,2019,11,4,0.2599999999999998,9.5
54.3364222775687,18.9357671710981,Gdansk_Swibno,2019,11,5,0.3399999999999999,9.4
54.3364222775687,18.9357671710981,Gdansk_Swibno,2019,11,6,0.2699999999999996,9.0
54.3364222775687,18.9357671710981,Gdansk_Swibno,2019,11,7,0.1200000000000001,9.3
54.3364222775687,18.9357671710981,Gdansk_Swibno,2019,11,8,0.03000000000000025,9.3
54.3364222775687,18.9357671710981,Gdansk_Swibno,2019,11,9,0.05999999999999961,9.0
54.3364222775687,18.9357671710981,Gdansk_Swibno,2019,11,10,0.08999999999999986,9.2
54.3364222775687,18.9357671710981,Gdansk_Swibno,2019,11,11,0.03000000000000025,8.7
54.3364222775687,18.9357671710981,Gdansk_Swibno,2019,11,12,-0.1100000000000003,7.5
54.3364222775687,18.9357671710981,Gdansk_Swibno,2019,11,13,-0.08000000000000007,7.6
54.3364222775687,18.9357671710981,Gdansk_Swibno,2019,11,14,-0.0600000000000005,7.7
54.3364222775687,18.9357671710981,Gdansk_Swibno,2019,11,15,-0.08000000000000007,7.1
54.3364222775687,18.9357671710981,Gdansk_Swibno,2019,11,16,-0.09999999999999964,7.3
54.3364222775687,18.9357671710981,Gdansk_Swibno,2019,11,17,-0.21,7.5
54.3364222775687,18.9357671710981,Gdansk_Swibno,2019,11,18,-0.09999999999999964,7.7
54.3364222775687,18.9357671710981,Gdansk_Swibno,2019,11,19,-0.2000000000000002,7.6
54.3364222775687,18.9357671710981,Gdansk_Swibno,2019,11,20,-0.1500000000000004,7.1
54.3364222775687,18.9357671710981,Gdansk_Swibno,2019,11,21,-0.1699999999999999,7.0
54.3364222775687,18.9357671710981,Gdansk_Swibno,2019,11,22,-0.2400000000000002,6.8
54.3364222775687,18.9357671710981,Gdansk_Swibno,2019,11,23,-0.2400000000000002,6.4
54.3364222775687,18.9357671710981,Gdansk_Swibno,2019,11,24,-0.21,5.9
54.3364222775687,18.9357671710981,Gdansk_Swibno,2019,11,25,-0.2300000000000004,5.5
54.3364222775687,18.9357671710981,Gdansk_Swibno,2019,11,26,-0.2700000000000005,5.1
54.3364222775687,18.9357671710981,Gdansk_Swibno,2019,11,27,-0.2800000000000002,5.0
54.3364222775687,18.9357671710981,Gdansk_Swibno,2019,11,28,-0.29,5.1
54.3364222775687,18.9357671710981,Gdansk_Swibno,2019,11,29,-0.04999999999999982,5.4
54.3364222775687,18.9357671710981,Gdansk_Swibno,2019,11,30,0.09999999999999964,5.1
54.3364222775687,18.9357671710981,Gdansk_Swibno,2020,5,1,-0.03000000000000025,13.4
54.3364222775687,18.9357671710981,Gdansk_Swibno,2020,5,2,0.0,13.4
54.3364222775687,18.9357671710981,Gdansk_Swibno,2020,5,3,0.01999999999999957,13.8
54.3364222775687,18.9357671710981,Gdansk_Swibno,2020,5,4,0.04000000000000004,14.4
54.3364222775687,18.9357671710981,Gdansk_Swibno,2020,5,5,0.1600000000000001,13.9
54.3364222775687,18.9357671710981,Gdansk_Swibno,2020,5,6,0.1399999999999997,13.5
54.3364222775687,18.9357671710981,Gdansk_Swibno,2020,5,7,0.1200000000000001,13.6
54.3364222775687,18.9357671710981,Gdansk_Swibno,2020,5,8,0.05999999999999961,14.2
54.3364222775687,18.9357671710981,Gdansk_Swibno,2020,5,9,0.09999999999999964,15.3
54.3364222775687,18.9357671710981,Gdansk_Swibno,2020,5,10,0.04999999999999982,15.8
54.3364222775687,18.9357671710981,Gdansk_Swibno,2020,5,11,0.29,16.3
54.3364222775687,18.9357671710981,Gdansk_Swibno,2020,5,12,0.1600000000000001,14.7
54.3364222775687,18.9357671710981,Gdansk_Swibno,2020,5,13,0.1299999999999999,13.8
54.3364222775687,18.9357671710981,Gdansk_Swibno,2020,5,14,0.1600000000000001,13.2
54.3364222775687,18.9357671710981,Gdansk_Swibno,2020,5,15,0.1600000000000001,13.0
54.3364222775687,18.9357671710981,Gdansk_Swibno,2020,5,16,0.1699999999999999,13.6
54.3364222775687,18.9357671710981,Gdansk_Swibno,2020,5,17,0.2299999999999995,14.3
54.3364222775687,18.9357671710981,Gdansk_Swibno,2020,5,18,0.2699999999999996,14.0
54.3364222775687,18.9357671710981,Gdansk_Swibno,2020,5,19,0.29,14.1
54.3364222775687,18.9357671710981,Gdansk_Swibno,2020,5,20,0.3099999999999996,14.4
54.3364222775687,18.9357671710981,Gdansk_Swibno,2020,5,21,0.2699999999999996,14.7
54.3364222775687,18.9357671710981,Gdansk_Swibno,2020,5,22,0.2000000000000002,14.9
54.3364222775687,18.9357671710981,Gdansk_Swibno,2020,5,23,0.1200000000000001,15.0
54.3364222775687,18.9357671710981,Gdansk_Swibno,2020,5,24,0.1699999999999999,15.3
54.3364222775687,18.9357671710981,Gdansk_Swibno,2020,5,25,0.25,15.6
54.3364222775687,18.9357671710981,Gdansk_Swibno,2020,5,26,0.25,15.5
54.3364222775687,18.9357671710981,Gdansk_Swibno,2020,5,27,0.1699999999999999,15.2
54.3364222775687,18.9357671710981,Gdansk_Swibno,2020,5,28,0.2699999999999996,14.9
54.3364222775687,18.9357671710981,Gdansk_Swibno,2020,5,29,0.2800000000000002,15.8
54.3364222775687,18.9357671710981,Gdansk_Swibno,2020,5,30,0.3300000000000001,15.7
54.3364222775687,18.9357671710981,Gdansk_Swibno,2020,5,31,0.3399999999999999,15.4
54.3364222775687,18.9357671710981,Gdansk_Swibno,2020,6,1,0.2000000000000002,16.2
54.3364222775687,18.9357671710981,Gdansk_Swibno,2020,6,2,0.1399999999999997,16.4
54.3364222775687,18.9357671710981,Gdansk_Swibno,2020,6,3,0.1100000000000003,17.4
54.3364222775687,18.9357671710981,Gdansk_Swibno,2020,6,4,0.07000000000000028,17.5
54.3364222775687,18.9357671710981,Gdansk_Swibno,2020,6,5,0.05999999999999961,18.1
54.3364222775687,18.9357671710981,Gdansk_Swibno,2020,6,6,-0.04999999999999982,17.7
54.3364222775687,18.9357671710981,Gdansk_Swibno,2020,6,7,0.009999999999999787,17.6
54.3364222775687,18.9357671710981,Gdansk_Swibno,2020,6,8,0.1200000000000001,18.0
54.3364222775687,18.9357671710981,Gdansk_Swibno,2020,6,9,0.2199999999999998,17.2
54.3364222775687,18.9357671710981,Gdansk_Swibno,2020,6,10,0.25,17.5
54.3364222775687,18.9357671710981,Gdansk_Swibno,2020,6,11,0.2599999999999998,18.0
54.3364222775687,18.9357671710981,Gdansk_Swibno,2020,6,12,0.2199999999999998,18.5
54.3364222775687,18.9357671710981,Gdansk_Swibno,2020,6,13,0.1399999999999997,19.2
54.3364222775687,18.9357671710981,Gdansk_Swibno,2020,6,14,0.09999999999999964,19.6
54.3364222775687,18.9357671710981,Gdansk_Swibno,2020,6,15,0.04000000000000004,19.8
54.3364222775687,18.9357671710981,Gdansk_Swibno,2020,6,16,0.04000000000000004,20.8
54.3364222775687,18.9357671710981,Gdansk_Swibno,2020,6,17,0.04999999999999982,21.7
54.3364222775687,18.9357671710981,Gdansk_Swibno,2020,6,18,0.08000000000000007,22.0
54.3364222775687,18.9357671710981,Gdansk_Swibno,2020,6,19,0.08000000000000007,22.2
54.3364222775687,18.9357671710981,Gdansk_Swibno,2020,6,20,0.1200000000000001,22.1
54.3364222775687,18.9357671710981,Gdansk_Swibno,2020,6,21,0.1399999999999997,22.0
54.3364222775687,18.9357671710981,Gdansk_Swibno,2020,6,22,0.1200000000000001,21.4
54.3364222775687,18.9357671710981,Gdansk_Swibno,2020,6,23,0.1299999999999999,22.0
54.3364222775687,18.9357671710981,Gdansk_Swibno,2020,6,24,0.1299999999999999,21.6
54.3364222775687,18.9357671710981,Gdansk_Swibno,2020,6,25,0.09999999999999964,22.4
54.3364222775687,18.9357671710981,Gdansk_Swibno,2020,6,26,0.09999999999999964,23.0
54.3364222775687,18.9357671710981,Gdansk_Swibno,2020,6,27,0.2299999999999995,23.1
54.3364222775687,18.9357671710981,Gdansk_Swibno,2020,6,28,0.2699999999999996,23.4
54.3364222775687,18.9357671710981,Gdansk_Swibno,2020,6,29,0.3700000000000001,24.0
54.3364222775687,18.9357671710981,Gdansk_Swibno,2020,6,30,0.5499999999999998,23.3
54.3364222775687,18.9357671710981,Gdansk_Swibno,2020,7,1,0.7400000000000002,23.1
54.3364222775687,18.9357671710981,Gdansk_Swibno,2020,7,2,0.7999999999999998,22.9
54.3364222775687,18.9357671710981,Gdansk_Swibno,2020,7,3,0.6600000000000001,21.4
54.3364222775687,18.9357671710981,Gdansk_Swibno,2020,7,4,0.54,21.3
54.3364222775687,18.9357671710981,Gdansk_Swibno,2020,7,5,0.46,22.0
54.3364222775687,18.9357671710981,Gdansk_Swibno,2020,7,6,0.3799999999999999,23.0
54.3364222775687,18.9357671710981,Gdansk_Swibno,2020,7,7,0.4299999999999997,22.6
54.3364222775687,18.9357671710981,Gdansk_Swibno,2020,7,8,0.4399999999999995,22.0
54.3364222775687,18.9357671710981,Gdansk_Swibno,2020,7,9,0.4100000000000001,21.6
54.3364222775687,18.9357671710981,Gdansk_Swibno,2020,7,10,0.4199999999999999,21.7
54.3364222775687,18.9357671710981,Gdansk_Swibno,2020,7,11,0.4100000000000001,21.0
54.3364222775687,18.9357671710981,Gdansk_Swibno,2020,7,12,0.4199999999999999,21.2
54.3364222775687,18.9357671710981,Gdansk_Swibno,2020,7,13,0.3899999999999997,21.0
54.3364222775687,18.9357671710981,Gdansk_Swibno,2020,7,14,0.3300000000000001,20.4
54.3364222775687,18.9357671710981,Gdansk_Swibno,2020,7,15,0.3399999999999999,21.1
54.3364222775687,18.9357671710981,Gdansk_Swibno,2020,7,16,0.3499999999999996,21.2
54.3364222775687,18.9357671710981,Gdansk_Swibno,2020,7,17,0.3200000000000003,21.4
54.3364222775687,18.9357671710981,Gdansk_Swibno,2020,7,18,0.2599999999999998,22.3
54.3364222775687,18.9357671710981,Gdansk_Swibno,2020,7,19,0.2400000000000002,22.5
54.3364222775687,18.9357671710981,Gdansk_Swibno,2020,7,20,0.2699999999999996,22.9
54.3364222775687,18.9357671710981,Gdansk_Swibno,2020,7,21,0.29,22.1
54.3364222775687,18.9357671710981,Gdansk_Swibno,2020,7,22,0.3300000000000001,22.3
54.3364222775687,18.9357671710981,Gdansk_Swibno,2020,7,23,0.3099999999999996,21.8
54.3364222775687,18.9357671710981,Gdansk_Swibno,2020,7,24,0.2400000000000002,21.5
54.3364222775687,18.9357671710981,Gdansk_Swibno,2020,7,25,0.2800000000000002,21.0
54.3364222775687,18.9357671710981,Gdansk_Swibno,2020,7,26,0.2599999999999998,21.8
54.3364222775687,18.9357671710981,Gdansk_Swibno,2020,7,27,0.25,21.8
54.3364222775687,18.9357671710981,Gdansk_Swibno,2020,7,28,0.25,23.3
54.3364222775687,18.9357671710981,Gdansk_Swibno,2020,7,29,0.2199999999999998,23.8
54.3364222775687,18.9357671710981,Gdansk_Swibno,2020,7,30,0.2199999999999998,22.4
54.3364222775687,18.9357671710981,Gdansk_Swibno,2020,7,31,0.3899999999999997,22.1
54.3364222775687,18.9357671710981,Gdansk_Swibno,2020,8,1,0.3499999999999996,21.2
54.3364222775687,18.9357671710981,Gdansk_Swibno,2020,8,2,0.2599999999999998,21.3
54.3364222775687,18.9357671710981,Gdansk_Swibno,2020,8,3,0.2599999999999998,22.1
54.3364222775687,18.9357671710981,Gdansk_Swibno,2020,8,4,0.3200000000000003,21.5
54.3364222775687,18.9357671710981,Gdansk_Swibno,2020,8,5,0.25,21.4
54.3364222775687,18.9357671710981,Gdansk_Swibno,2020,8,6,0.2199999999999998,21.6
54.3364222775687,18.9357671710981,Gdansk_Swibno,2020,8,7,0.2400000000000002,22.4
54.3364222775687,18.9357671710981,Gdansk_Swibno,2020,8,8,0.2199999999999998,23.1
54.3364222775687,18.9357671710981,Gdansk_Swibno,2020,8,9,0.2199999999999998,23.6
54.3364222775687,18.9357671710981,Gdansk_Swibno,2020,8,10,0.25,25.0
54.3364222775687,18.9357671710981,Gdansk_Swibno,2020,8,11,0.21,24.8
54.3364222775687,18.9357671710981,Gdansk_Swibno,2020,8,12,0.1100000000000003,24.5
54.3364222775687,18.9357671710981,Gdansk_Swibno,2020,8,13,0.05999999999999961,23.8
54.3364222775687,18.9357671710981,Gdansk_Swibno,2020,8,14,0.03000000000000025,24.0
54.3364222775687,18.9357671710981,Gdansk_Swibno,2020,8,15,0.03000000000000025,24.3
54.3364222775687,18.9357671710981,Gdansk_Swibno,2020,8,16,0.01999999999999957,24.6
54.3364222775687,18.9357671710981,Gdansk_Swibno,2020,8,17,0.04000000000000004,24.9
54.3364222775687,18.9357671710981,Gdansk_Swibno,2020,8,18,0.01999999999999957,24.6
54.3364222775687,18.9357671710981,Gdansk_Swibno,2020,8,19,0.04999999999999982,24.3
54.3364222775687,18.9357671710981,Gdansk_Swibno,2020,8,20,0.01999999999999957,24.2
54.3364222775687,18.9357671710981,Gdansk_Swibno,2020,8,21,-0.02000000000000046,23.3
54.3364222775687,18.9357671710981,Gdansk_Swibno,2020,8,22,-0.04999999999999982,24.0
54.3364222775687,18.9357671710981,Gdansk_Swibno,2020,8,23,-0.04999999999999982,24.2
54.3364222775687,18.9357671710981,Gdansk_Swibno,2020,8,24,0.0,23.5
54.3364222775687,18.9357671710981,Gdansk_Swibno,2020,8,25,0.07000000000000028,23.2
54.3364222775687,18.9357671710981,Gdansk_Swibno,2020,8,26,0.07000000000000028,21.8
54.3364222775687,18.9357671710981,Gdansk_Swibno,2020,8,27,0.25,21.3
54.3364222775687,18.9357671710981,Gdansk_Swibno,2020,8,28,0.1399999999999997,20.5
54.3364222775687,18.9357671710981,Gdansk_Swibno,2020,8,29,0.1200000000000001,19.8
54.3364222775687,18.9357671710981,Gdansk_Swibno,2020,8,30,0.09999999999999964,19.8
54.3364222775687,18.9357671710981,Gdansk_Swibno,2020,8,31,0.2000000000000002,20.4
54.3364222775687,18.9357671710981,Gdansk_Swibno,2020,9,1,0.2000000000000002,19.8
54.3364222775687,18.9357671710981,Gdansk_Swibno,2020,9,2,0.1899999999999995,19.3
54.3364222775687,18.9357671710981,Gdansk_Swibno,2020,9,3,0.07000000000000028,18.0
54.3364222775687,18.9357671710981,Gdansk_Swibno,2020,9,4,0.0,17.3
54.3364222775687,18.9357671710981,Gdansk_Swibno,2020,9,5,0.04999999999999982,18.0
54.3364222775687,18.9357671710981,Gdansk_Swibno,2020,9,6,0.09999999999999964,17.5
54.3364222775687,18.9357671710981,Gdansk_Swibno,2020,9,7,0.1799999999999997,17.3
54.3364222775687,18.9357671710981,Gdansk_Swibno,2020,9,8,0.1100000000000003,17.8
54.3364222775687,18.9357671710981,Gdansk_Swibno,2020,9,9,0.1799999999999997,17.4
54.3364222775687,18.9357671710981,Gdansk_Swibno,2020,9,10,0.29,17.9
54.3364222775687,18.9357671710981,Gdansk_Swibno,2020,9,11,0.2599999999999998,17.6
54.3364222775687,18.9357671710981,Gdansk_Swibno,2020,9,12,0.1600000000000001,17.3
54.3364222775687,18.9357671710981,Gdansk_Swibno,2020,9,13,0.1899999999999995,17.7
54.3364222775687,18.9357671710981,Gdansk_Swibno,2020,9,14,0.2400000000000002,17.8
54.3364222775687,18.9357671710981,Gdansk_Swibno,2020,9,15,0.2800000000000002,17.9
54.3364222775687,18.9357671710981,Gdansk_Swibno,2020,9,16,0.3099999999999996,18.4
54.3364222775687,18.9357671710981,Gdansk_Swibno,2020,9,17,0.6799999999999997,17.6
54.3364222775687,18.9357671710981,Gdansk_Swibno,2020,9,18,0.3499999999999996,18.5
54.3364222775687,18.9357671710981,Gdansk_Swibno,2020,9,19,0.2400000000000002,17.5
54.3364222775687,18.9357671710981,Gdansk_Swibno,2020,9,20,0.1699999999999999,17.8
54.3364222775687,18.9357671710981,Gdansk_Swibno,2020,9,21,0.08999999999999986,17.8
54.3364222775687,18.9357671710981,Gdansk_Swibno,2020,9,22,0.07000000000000028,17.5
54.3364222775687,18.9357671710981,Gdansk_Swibno,2020,9,23,0.1100000000000003,17.6
54.3364222775687,18.9357671710981,Gdansk_Swibno,2020,9,24,0.1299999999999999,18.0
54.3364222775687,18.9357671710981,Gdansk_Swibno,2020,9,25,0.1600000000000001,18.2
54.3364222775687,18.9357671710981,Gdansk_Swibno,2020,9,26,0.2299999999999995,19.0
54.3364222775687,18.9357671710981,Gdansk_Swibno,2020,9,27,0.2800000000000002,18.7
54.3364222775687,18.9357671710981,Gdansk_Swibno,2020,9,28,0.1600000000000001,18.0
54.3364222775687,18.9357671710981,Gdansk_Swibno,2020,9,29,0.1299999999999999,17.2
54.3364222775687,18.9357671710981,Gdansk_Swibno,2020,9,30,0.1399999999999997,16.8
54.3364222775687,18.9357671710981,Gdansk_Swibno,2020,10,1,0.1200000000000001,15.8
54.3364222775687,18.9357671710981,Gdansk_Swibno,2020,10,2,0.04999999999999982,16.0
54.3364222775687,18.9357671710981,Gdansk_Swibno,2020,10,3,-0.009999999999999787,15.1
54.3364222775687,18.9357671710981,Gdansk_Swibno,2020,10,4,-0.009999999999999787,16.4
54.3364222775687,18.9357671710981,Gdansk_Swibno,2020,10,5,-0.08999999999999986,16.2
54.3364222775687,18.9357671710981,Gdansk_Swibno,2020,10,6,-0.1299999999999999,16.0
54.3364222775687,18.9357671710981,Gdansk_Swibno,2020,10,7,-0.1100000000000003,15.2
54.3364222775687,18.9357671710981,Gdansk_Swibno,2020,10,8,-0.09999999999999964,15.4
54.3364222775687,18.9357671710981,Gdansk_Swibno,2020,10,9,-0.04999999999999982,15.2
54.3364222775687,18.9357671710981,Gdansk_Swibno,2020,10,10,0.04000000000000004,15.1
54.3364222775687,18.9357671710981,Gdansk_Swibno,2020,10,11,0.04999999999999982,14.7
54.3364222775687,18.9357671710981,Gdansk_Swibno,2020,10,12,0.04999999999999982,13.8
54.3364222775687,18.9357671710981,Gdansk_Swibno,2020,10,13,0.2000000000000002,13.8
54.3364222775687,18.9357671710981,Gdansk_Swibno,2020,10,14,0.5300000000000002,13.6
54.3364222775687,18.9357671710981,Gdansk_Swibno,2020,10,15,0.3399999999999999,13.2
54.3364222775687,18.9357671710981,Gdansk_Swibno,2020,10,16,0.1200000000000001,12.2
54.3364222775687,18.9357671710981,Gdansk_Swibno,2020,10,17,0.0,11.8
54.3364222775687,18.9357671710981,Gdansk_Swibno,2020,10,18,0.1100000000000003,11.4
54.3364222775687,18.9357671710981,Gdansk_Swibno,2020,10,19,0.1899999999999995,11.0
54.3364222775687,18.9357671710981,Gdansk_Swibno,2020,10,20,0.1299999999999999,10.5
54.3364222775687,18.9357671710981,Gdansk_Swibno,2020,10,21,0.2199999999999998,10.5
54.3364222775687,18.9357671710981,Gdansk_Swibno,2020,10,22,0.4199999999999999,10.1
54.3364222775687,18.9357671710981,Gdansk_Swibno,2020,10,23,0.46,10.7
54.3364222775687,18.9357671710981,Gdansk_Swibno,2020,10,24,0.4900000000000002,10.5
54.3364222775687,18.9357671710981,Gdansk_Swibno,2020,10,25,0.4299999999999997,10.4
54.3364222775687,18.9357671710981,Gdansk_Swibno,2020,10,26,0.3399999999999999,11.2
54.3364222775687,18.9357671710981,Gdansk_Swibno,2020,10,27,0.3300000000000001,11.0
54.3364222775687,18.9357671710981,Gdansk_Swibno,2020,10,28,0.2000000000000002,10.7
54.3364222775687,18.9357671710981,Gdansk_Swibno,2020,10,29,0.21,10.6
54.3364222775687,18.9357671710981,Gdansk_Swibno,2020,10,30,0.2800000000000002,11.0
54.3364222775687,18.9357671710981,Gdansk_Swibno,2020,10,31,0.2599999999999998,10.8
54.3364222775687,18.9357671710981,Gdansk_Swibno,2020,11,1,0.09999999999999964,10.6
54.3364222775687,18.9357671710981,Gdansk_Swibno,2020,11,2,-0.04000000000000004,11.1
54.3364222775687,18.9357671710981,Gdansk_Swibno,2020,11,3,0.1100000000000003,11.2
54.3364222775687,18.9357671710981,Gdansk_Swibno,2020,11,4,0.2199999999999998,11.3
54.3364222775687,18.9357671710981,Gdansk_Swibno,2020,11,5,0.2400000000000002,11.0
54.3364222775687,18.9357671710981,Gdansk_Swibno,2020,11,6,0.3300000000000001,10.8
54.3364222775687,18.9357671710981,Gdansk_Swibno,2020,11,7,0.2999999999999998,10.6
54.3364222775687,18.9357671710981,Gdansk_Swibno,2020,11,8,0.3499999999999996,9.9
54.3364222775687,18.9357671710981,Gdansk_Swibno,2020,11,9,0.2999999999999998,10.1
54.3364222775687,18.9357671710981,Gdansk_Swibno,2020,11,10,0.29,10.2
54.3364222775687,18.9357671710981,Gdansk_Swibno,2020,11,11,0.2400000000000002,9.6
54.3364222775687,18.9357671710981,Gdansk_Swibno,2020,11,12,0.2000000000000002,9.1
54.3364222775687,18.9357671710981,Gdansk_Swibno,2020,11,13,0.1799999999999997,8.9
54.3364222775687,18.9357671710981,Gdansk_Swibno,2020,11,14,0.1600000000000001,8.8
54.3364222775687,18.9357671710981,Gdansk_Swibno,2020,11,15,0.1299999999999999,8.5
54.3364222775687,18.9357671710981,Gdansk_Swibno,2020,11,16,0.07000000000000028,8.8
54.3364222775687,18.9357671710981,Gdansk_Swibno,2020,11,17,0.1100000000000003,9.0
54.3364222775687,18.9357671710981,Gdansk_Swibno,2020,11,18,0.08999999999999986,9.1
54.3364222775687,18.9357671710981,Gdansk_Swibno,2020,11,19,0.08000000000000007,8.9
54.3364222775687,18.9357671710981,Gdansk_Swibno,2020,11,20,0.4199999999999999,8.5
54.3364222775687,18.9357671710981,Gdansk_Swibno,2020,11,21,0.1899999999999995,7.3
54.3364222775687,18.9357671710981,Gdansk_Swibno,2020,11,22,0.21,6.8
54.3364222775687,18.9357671710981,Gdansk_Swibno,2020,11,23,0.3700000000000001,6.5
54.3364222775687,18.9357671710981,Gdansk_Swibno,2020,11,24,0.4399999999999995,6.2
54.3364222775687,18.9357671710981,Gdansk_Swibno,2020,11,25,0.3899999999999997,6.4
54.3364222775687,18.9357671710981,Gdansk_Swibno,2020,11,26,0.3899999999999997,5.1
54.3364222775687,18.9357671710981,Gdansk_Swibno,2020,11,27,0.5700000000000003,5.6
54.3364222775687,18.9357671710981,Gdansk_Swibno,2020,11,28,0.5499999999999998,5.5
54.3364222775687,18.9357671710981,Gdansk_Swibno,2020,11,29,0.4399999999999995,5.4
54.3364222775687,18.9357671710981,Gdansk_Swibno,2020,11,30,0.3399999999999999,5.0
54.3364222775687,18.9357671710981,Gdansk_Swibno,2021,5,1,0.3499999999999996,10.8
54.3364222775687,18.9357671710981,Gdansk_Swibno,2021,5,2,0.3399999999999999,11.2
54.3364222775687,18.9357671710981,Gdansk_Swibno,2021,5,3,0.2999999999999998,10.7
54.3364222775687,18.9357671710981,Gdansk_Swibno,2021,5,4,0.1600000000000001,10.5
54.3364222775687,18.9357671710981,Gdansk_Swibno,2021,5,5,0.2000000000000002,10.8
54.3364222775687,18.9357671710981,Gdansk_Swibno,2021,5,6,0.2299999999999995,10.7
54.3364222775687,18.9357671710981,Gdansk_Swibno,2021,5,7,0.2699999999999996,10.6
54.3364222775687,18.9357671710981,Gdansk_Swibno,2021,5,8,0.25,11.2
54.3364222775687,18.9357671710981,Gdansk_Swibno,2021,5,9,0.2000000000000002,11.8
54.3364222775687,18.9357671710981,Gdansk_Swibno,2021,5,10,0.21,12.2
54.3364222775687,18.9357671710981,Gdansk_Swibno,2021,5,11,0.25,12.7
54.3364222775687,18.9357671710981,Gdansk_Swibno,2021,5,12,0.2699999999999996,13.8
54.3364222775687,18.9357671710981,Gdansk_Swibno,2021,5,13,0.2999999999999998,16.1
54.3364222775687,18.9357671710981,Gdansk_Swibno,2021,5,14,0.3300000000000001,16.4
54.3364222775687,18.9357671710981,Gdansk_Swibno,2021,5,15,0.29,16.6
54.3364222775687,18.9357671710981,Gdansk_Swibno,2021,5,16,0.2400000000000002,16.4
54.3364222775687,18.9357671710981,Gdansk_Swibno,2021,5,17,0.1899999999999995,18.0
54.3364222775687,18.9357671710981,Gdansk_Swibno,2021,5,18,0.1899999999999995,18.7
54.3364222775687,18.9357671710981,Gdansk_Swibno,2021,5,19,0.21,17.8
54.3364222775687,18.9357671710981,Gdansk_Swibno,2021,5,20,0.2199999999999998,18.1
54.3364222775687,18.9357671710981,Gdansk_Swibno,2021,5,21,0.1699999999999999,17.7
54.3364222775687,18.9357671710981,Gdansk_Swibno,2021,5,22,0.2000000000000002,17.5
54.3364222775687,18.9357671710981,Gdansk_Swibno,2021,5,23,0.2699999999999996,17.0
54.3364222775687,18.9357671710981,Gdansk_Swibno,2021,5,24,0.2299999999999995,17.2
54.3364222775687,18.9357671710981,Gdansk_Swibno,2021,5,25,0.3200000000000003,17.5
54.3364222775687,18.9357671710981,Gdansk_Swibno,2021,5,26,0.4000000000000004,17.6
54.3364222775687,18.9357671710981,Gdansk_Swibno,2021,5,27,0.4399999999999995,17.4
54.3364222775687,18.9357671710981,Gdansk_Swibno,2021,5,28,0.29,17.1
54.3364222775687,18.9357671710981,Gdansk_Swibno,2021,5,29,0.2199999999999998,17.2
54.3364222775687,18.9357671710981,Gdansk_Swibno,2021,5,30,0.21,16.6
54.3364222775687,18.9357671710981,Gdansk_Swibno,2021,5,31,0.1299999999999999,16.9
54.3364222775687,18.9357671710981,Gdansk_Swibno,2021,6,1,0.1699999999999999,17.2
54.3364222775687,18.9357671710981,Gdansk_Swibno,2021,6,2,0.1299999999999999,17.4
54.3364222775687,18.9357671710981,Gdansk_Swibno,2021,6,3,0.08000000000000007,18.1
54.3364222775687,18.9357671710981,Gdansk_Swibno,2021,6,4,0.04000000000000004,19.0
54.3364222775687,18.9357671710981,Gdansk_Swibno,2021,6,5,0.0,19.7
54.3364222775687,18.9357671710981,Gdansk_Swibno,2021,6,6,-0.009999999999999787,20.3
54.3364222775687,18.9357671710981,Gdansk_Swibno,2021,6,7,0.0,20.6
54.3364222775687,18.9357671710981,Gdansk_Swibno,2021,6,8,0.01999999999999957,20.6
54.3364222775687,18.9357671710981,Gdansk_Swibno,2021,6,9,0.009999999999999787,21.0
54.3364222775687,18.9357671710981,Gdansk_Swibno,2021,6,10,0.03000000000000025,20.8
54.3364222775687,18.9357671710981,Gdansk_Swibno,2021,6,11,0.009999999999999787,22.0
54.3364222775687,18.9357671710981,Gdansk_Swibno,2021,6,12,0.01999999999999957,22.4
54.3364222775687,18.9357671710981,Gdansk_Swibno,2021,6,13,0.21,21.8
54.3364222775687,18.9357671710981,Gdansk_Swibno,2021,6,14,0.08999999999999986,21.5
54.3364222775687,18.9357671710981,Gdansk_Swibno,2021,6,15,0.09999999999999964,21.4
54.3364222775687,18.9357671710981,Gdansk_Swibno,2021,6,16,0.1399999999999997,21.4
54.3364222775687,18.9357671710981,Gdansk_Swibno,2021,6,17,0.1200000000000001,21.7
54.3364222775687,18.9357671710981,Gdansk_Swibno,2021,6,18,0.07000000000000028,22.5
54.3364222775687,18.9357671710981,Gdansk_Swibno,2021,6,19,0.08999999999999986,24.4
54.3364222775687,18.9357671710981,Gdansk_Swibno,2021,6,20,0.07000000000000028,25.0
54.3364222775687,18.9357671710981,Gdansk_Swibno,2021,6,21,0.05999999999999961,26.0
54.3364222775687,18.9357671710981,Gdansk_Swibno,2021,6,22,0.1299999999999999,26.2
54.3364222775687,18.9357671710981,Gdansk_Swibno,2021,6,23,0.1399999999999997,26.5
54.3364222775687,18.9357671710981,Gdansk_Swibno,2021,6,24,0.1399999999999997,25.7
54.3364222775687,18.9357671710981,Gdansk_Swibno,2021,6,25,0.1299999999999999,25.1
54.3364222775687,18.9357671710981,Gdansk_Swibno,2021,6,26,0.1299999999999999,24.2
54.3364222775687,18.9357671710981,Gdansk_Swibno,2021,6,27,0.1299999999999999,24.0
54.3364222775687,18.9357671710981,Gdansk_Swibno,2021,6,28,0.1200000000000001,24.0
54.3364222775687,18.9357671710981,Gdansk_Swibno,2021,6,29,0.09999999999999964,25.1
54.3364222775687,18.9357671710981,Gdansk_Swibno,2021,6,30,0.1399999999999997,25.5
54.3364222775687,18.9357671710981,Gdansk_Swibno,2021,7,1,0.1600000000000001,24.8
54.3364222775687,18.9357671710981,Gdansk_Swibno,2021,7,2,0.1799999999999997,25.2
54.3364222775687,18.9357671710981,Gdansk_Swibno,2021,7,3,0.1600000000000001,24.0
54.3364222775687,18.9357671710981,Gdansk_Swibno,2021,7,4,0.1399999999999997,24.0
54.3364222775687,18.9357671710981,Gdansk_Swibno,2021,7,5,0.09999999999999964,24.5
54.3364222775687,18.9357671710981,Gdansk_Swibno,2021,7,6,0.03000000000000025,24.6
54.3364222775687,18.9357671710981,Gdansk_Swibno,2021,7,7,0.04999999999999982,25.5
54.3364222775687,18.9357671710981,Gdansk_Swibno,2021,7,8,0.04999999999999982,25.3
54.3364222775687,18.9357671710981,Gdansk_Swibno,2021,7,9,0.05999999999999961,23.8
54.3364222775687,18.9357671710981,Gdansk_Swibno,2021,7,10,0.03000000000000025,23.6
54.3364222775687,18.9357671710981,Gdansk_Swibno,2021,7,11,0.01999999999999957,23.0
54.3364222775687,18.9357671710981,Gdansk_Swibno,2021,7,12,0.08999999999999986,23.2
54.3364222775687,18.9357671710981,Gdansk_Swibno,2021,7,13,0.08999999999999986,23.6
54.3364222775687,18.9357671710981,Gdansk_Swibno,2021,7,14,0.04999999999999982,24.4
54.3364222775687,18.9357671710981,Gdansk_Swibno,2021,7,15,0.01999999999999957,25.2
54.3364222775687,18.9357671710981,Gdansk_Swibno,2021,7,16,0.08000000000000007,25.4
54.3364222775687,18.9357671710981,Gdansk_Swibno,2021,7,17,0.09999999999999964,26.4
54.3364222775687,18.9357671710981,Gdansk_Swibno,2021,7,18,0.08999999999999986,25.5
54.3364222775687,18.9357671710981,Gdansk_Swibno,2021,7,19,0.1699999999999999,24.7
54.3364222775687,18.9357671710981,Gdansk_Swibno,2021,7,20,0.1500000000000004,24.5
54.3364222775687,18.9357671710981,Gdansk_Swibno,2021,7,21,0.2000000000000002,23.8
54.3364222775687,18.9357671710981,Gdansk_Swibno,2021,7,22,0.1200000000000001,23.6
54.3364222775687,18.9357671710981,Gdansk_Swibno,2021,7,23,0.1600000000000001,22.6
54.3364222775687,18.9357671710981,Gdansk_Swibno,2021,7,24,0.1500000000000004,23.6
54.3364222775687,18.9357671710981,Gdansk_Swibno,2021,7,25,0.1100000000000003,23.6
54.3364222775687,18.9357671710981,Gdansk_Swibno,2021,7,26,0.08999999999999986,23.7
54.3364222775687,18.9357671710981,Gdansk_Swibno,2021,7,27,0.08000000000000007,24.2
54.3364222775687,18.9357671710981,Gdansk_Swibno,2021,7,28,0.01999999999999957,24.4
54.3364222775687,18.9357671710981,Gdansk_Swibno,2021,7,29,0.009999999999999787,24.5
54.3364222775687,18.9357671710981,Gdansk_Swibno,2021,7,30,-0.04999999999999982,23.9
54.3364222775687,18.9357671710981,Gdansk_Swibno,2021,7,31,0.05999999999999961,23.3
54.3364222775687,18.9357671710981,Gdansk_Swibno,2021,8,1,0.08999999999999986,23.5
54.3364222775687,18.9357671710981,Gdansk_Swibno,2021,8,2,0.21,22.7
54.3364222775687,18.9357671710981,Gdansk_Swibno,2021,8,3,0.2299999999999995,22.0
54.3364222775687,18.9357671710981,Gdansk_Swibno,2021,8,4,0.21,21.7
54.3364222775687,18.9357671710981,Gdansk_Swibno,2021,8,5,0.2000000000000002,21.5
54.3364222775687,18.9357671710981,Gdansk_Swibno,2021,8,6,0.2800000000000002,21.3
54.3364222775687,18.9357671710981,Gdansk_Swibno,2021,8,7,0.2000000000000002,20.6
54.3364222775687,18.9357671710981,Gdansk_Swibno,2021,8,8,0.08999999999999986,20.8
54.3364222775687,18.9357671710981,Gdansk_Swibno,2021,8,9,0.07000000000000028,21.2
54.3364222775687,18.9357671710981,Gdansk_Swibno,2021,8,10,0.08999999999999986,22.2
54.3364222775687,18.9357671710981,Gdansk_Swibno,2021,8,11,0.1500000000000004,21.7
54.3364222775687,18.9357671710981,Gdansk_Swibno,2021,8,12,0.1600000000000001,21.2
54.3364222775687,18.9357671710981,Gdansk_Swibno,2021,8,13,0.1399999999999997,21.5
54.3364222775687,18.9357671710981,Gdansk_Swibno,2021,8,14,0.1699999999999999,21.9
54.3364222775687,18.9357671710981,Gdansk_Swibno,2021,8,15,0.1799999999999997,21.7
54.3364222775687,18.9357671710981,Gdansk_Swibno,2021,8,16,0.2599999999999998,21.8
54.3364222775687,18.9357671710981,Gdansk_Swibno,2021,8,17,0.2800000000000002,22.5
54.3364222775687,18.9357671710981,Gdansk_Swibno,2021,8,18,0.29,21.2
54.3364222775687,18.9357671710981,Gdansk_Swibno,2021,8,19,0.3200000000000003,20.4
54.3364222775687,18.9357671710981,Gdansk_Swibno,2021,8,20,0.3600000000000003,19.9
54.3364222775687,18.9357671710981,Gdansk_Swibno,2021,8,21,0.3899999999999997,19.3
54.3364222775687,18.9357671710981,Gdansk_Swibno,2021,8,22,0.3799999999999999,19.0
54.3364222775687,18.9357671710981,Gdansk_Swibno,2021,8,23,0.4199999999999999,20.2
54.3364222775687,18.9357671710981,Gdansk_Swibno,2021,8,24,0.4000000000000004,19.2
54.3364222775687,18.9357671710981,Gdansk_Swibno,2021,8,25,0.1899999999999995,18.3
54.3364222775687,18.9357671710981,Gdansk_Swibno,2021,8,26,0.4199999999999999,17.8
54.3364222775687,18.9357671710981,Gdansk_Swibno,2021,8,27,0.46,17.4
54.3364222775687,18.9357671710981,Gdansk_Swibno,2021,8,28,0.4299999999999997,17.1
54.3364222775687,18.9357671710981,Gdansk_Swibno,2021,8,29,0.4000000000000004,18.7
54.3364222775687,18.9357671710981,Gdansk_Swibno,2021,8,30,0.3899999999999997,18.3
54.3364222775687,18.9357671710981,Gdansk_Swibno,2021,8,31,0.4900000000000002,18.7
54.3364222775687,18.9357671710981,Gdansk_Swibno,2021,9,1,0.4100000000000001,18.2
54.3364222775687,18.9357671710981,Gdansk_Swibno,2021,9,2,0.3099999999999996,17.7
54.3364222775687,18.9357671710981,Gdansk_Swibno,2021,9,3,0.3099999999999996,17.8
54.3364222775687,18.9357671710981,Gdansk_Swibno,2021,9,4,0.3399999999999999,17.7
54.3364222775687,18.9357671710981,Gdansk_Swibno,2021,9,5,0.2000000000000002,17.1
54.3364222775687,18.9357671710981,Gdansk_Swibno,2021,9,6,0.2199999999999998,17.2
54.3364222775687,18.9357671710981,Gdansk_Swibno,2021,9,7,0.4000000000000004,17.7
54.3364222775687,18.9357671710981,Gdansk_Swibno,2021,9,8,0.5099999999999998,17.7
54.3364222775687,18.9357671710981,Gdansk_Swibno,2021,9,9,0.7199999999999998,17.8
54.3364222775687,18.9357671710981,Gdansk_Swibno,2021,9,10,0.7699999999999996,17.6
54.3364222775687,18.9357671710981,Gdansk_Swibno,2021,9,11,0.6299999999999999,17.9
54.3364222775687,18.9357671710981,Gdansk_Swibno,2021,9,12,0.4100000000000001,18.3
54.3364222775687,18.9357671710981,Gdansk_Swibno,2021,9,13,0.3099999999999996,18.3
54.3364222775687,18.9357671710981,Gdansk_Swibno,2021,9,14,0.2599999999999998,18.4
54.3364222775687,18.9357671710981,Gdansk_Swibno,2021,9,15,0.1799999999999997,18.3
54.3364222775687,18.9357671710981,Gdansk_Swibno,2021,9,16,0.1699999999999999,18.0
54.3364222775687,18.9357671710981,Gdansk_Swibno,2021,9,17,0.2000000000000002,18.1
54.3364222775687,18.9357671710981,Gdansk_Swibno,2021,9,18,0.25,18.2
54.3364222775687,18.9357671710981,Gdansk_Swibno,2021,9,19,0.2400000000000002,17.6
54.3364222775687,18.9357671710981,Gdansk_Swibno,2021,9,20,0.21,16.0
54.3364222775687,18.9357671710981,Gdansk_Swibno,2021,9,21,0.08999999999999986,15.5
54.3364222775687,18.9357671710981,Gdansk_Swibno,2021,9,22,0.01999999999999957,14.9
54.3364222775687,18.9357671710981,Gdansk_Swibno,2021,9,23,0.009999999999999787,15.1
54.3364222775687,18.9357671710981,Gdansk_Swibno,2021,9,24,0.2999999999999998,14.9
54.3364222775687,18.9357671710981,Gdansk_Swibno,2021,9,25,0.3200000000000003,15.1
54.3364222775687,18.9357671710981,Gdansk_Swibno,2021,9,26,0.3899999999999997,15.3
54.3364222775687,18.9357671710981,Gdansk_Swibno,2021,9,27,0.2599999999999998,14.7
54.3364222775687,18.9357671710981,Gdansk_Swibno,2021,9,28,0.1399999999999997,14.1
54.3364222775687,18.9357671710981,Gdansk_Swibno,2021,9,29,0.09999999999999964,13.8
54.3364222775687,18.9357671710981,Gdansk_Swibno,2021,9,30,0.1399999999999997,14.1
54.3364222775687,18.9357671710981,Gdansk_Swibno,2021,10,1,0.01999999999999957,14.3
54.3364222775687,18.9357671710981,Gdansk_Swibno,2021,10,2,-0.02000000000000046,13.8
54.3364222775687,18.9357671710981,Gdansk_Swibno,2021,10,3,-0.04999999999999982,13.7
54.3364222775687,18.9357671710981,Gdansk_Swibno,2021,10,4,-0.009999999999999787,13.8
54.3364222775687,18.9357671710981,Gdansk_Swibno,2021,10,5,0.03000000000000025,14.1
54.3364222775687,18.9357671710981,Gdansk_Swibno,2021,10,6,0.01999999999999957,14.2
54.3364222775687,18.9357671710981,Gdansk_Swibno,2021,10,7,0.03000000000000025,14.4
54.3364222775687,18.9357671710981,Gdansk_Swibno,2021,10,8,0.08000000000000007,13.8
54.3364222775687,18.9357671710981,Gdansk_Swibno,2021,10,9,0.07000000000000028,13.2
54.3364222775687,18.9357671710981,Gdansk_Swibno,2021,10,10,-0.02000000000000046,12.8
54.3364222775687,18.9357671710981,Gdansk_Swibno,2021,10,11,-0.04000000000000004,12.0
54.3364222775687,18.9357671710981,Gdansk_Swibno,2021,10,12,0.1500000000000004,11.8
54.3364222775687,18.9357671710981,Gdansk_Swibno,2021,10,13,0.25,11.7
54.3364222775687,18.9357671710981,Gdansk_Swibno,2021,10,14,0.1200000000000001,10.8
54.3364222775687,18.9357671710981,Gdansk_Swibno,2021,10,15,0.1299999999999999,10.9
54.3364222775687,18.9357671710981,Gdansk_Swibno,2021,10,16,0.2800000000000002,10.8
54.3364222775687,18.9357671710981,Gdansk_Swibno,2021,10,17,0.29,10.6
54.3364222775687,18.9357671710981,Gdansk_Swibno,2021,10,18,0.3600000000000003,10.2
54.3364222775687,18.9357671710981,Gdansk_Swibno,2021,10,19,0.2299999999999995,10.6
54.3364222775687,18.9357671710981,Gdansk_Swibno,2021,10,20,0.08000000000000007,10.9
54.3364222775687,18.9357671710981,Gdansk_Swibno,2021,10,21,0.2000000000000002,11.2
54.3364222775687,18.9357671710981,Gdansk_Swibno,2021,10,22,0.3200000000000003,11.6
54.3364222775687,18.9357671710981,Gdansk_Swibno,2021,10,23,0.6299999999999999,10.2
54.3364222775687,18.9357671710981,Gdansk_Swibno,2021,10,24,0.4000000000000004,9.6
54.3364222775687,18.9357671710981,Gdansk_Swibno,2021,10,25,0.2400000000000002,8.9
54.3364222775687,18.9357671710981,Gdansk_Swibno,2021,10,26,0.29,8.1
54.3364222775687,18.9357671710981,Gdansk_Swibno,2021,10,27,0.29,8.6
54.3364222775687,18.9357671710981,Gdansk_Swibno,2021,10,28,0.3099999999999996,9.5
54.3364222775687,18.9357671710981,Gdansk_Swibno,2021,10,29,0.2599999999999998,9.5
54.3364222775687,18.9357671710981,Gdansk_Swibno,2021,10,30,0.2699999999999996,9.2
54.3364222775687,18.9357671710981,Gdansk_Swibno,2021,10,31,0.2599999999999998,9.4
54.3364222775687,18.9357671710981,Gdansk_Swibno,2021,11,1,0.2599999999999998,8.8
54.3364222775687,18.9357671710981,Gdansk_Swibno,2021,11,2,0.2599999999999998,8.6
54.3364222775687,18.9357671710981,Gdansk_Swibno,2021,11,3,0.29,8.4
54.3364222775687,18.9357671710981,Gdansk_Swibno,2021,11,4,0.2599999999999998,8.5
54.3364222775687,18.9357671710981,Gdansk_Swibno,2021,11,5,0.3600000000000003,8.3
54.3364222775687,18.9357671710981,Gdansk_Swibno,2021,11,6,0.3099999999999996,8.3
54.3364222775687,18.9357671710981,Gdansk_Swibno,2021,11,7,0.3600000000000003,8.4
54.3364222775687,18.9357671710981,Gdansk_Swibno,2021,11,8,0.5899999999999999,8.1
54.3364222775687,18.9357671710981,Gdansk_Swibno,2021,11,9,0.29,7.7
54.3364222775687,18.9357671710981,Gdansk_Swibno,2021,11,10,0.1699999999999999,7.4
54.3364222775687,18.9357671710981,Gdansk_Swibno,2021,11,11,0.2999999999999998,7.8
54.3364222775687,18.9357671710981,Gdansk_Swibno,2021,11,12,0.3799999999999999,7.5
54.3364222775687,18.9357671710981,Gdansk_Swibno,2021,11,13,0.3700000000000001,7.2
54.3364222775687,18.9357671710981,Gdansk_Swibno,2021,11,14,0.3700000000000001,7.1
54.3364222775687,18.9357671710981,Gdansk_Swibno,2021,11,15,0.25,7.2
54.3364222775687,18.9357671710981,Gdansk_Swibno,2021,11,16,0.1699999999999999,7.2
54.3364222775687,18.9357671710981,Gdansk_Swibno,2021,11,17,0.1600000000000001,6.9
54.3364222775687,18.9357671710981,Gdansk_Swibno,2021,11,18,0.2400000000000002,6.8
54.3364222775687,18.9357671710981,Gdansk_Swibno,2021,11,19,0.3799999999999999,7.2
54.3364222775687,18.9357671710981,Gdansk_Swibno,2021,11,20,0.4299999999999997,7.3
54.3364222775687,18.9357671710981,Gdansk_Swibno,2021,11,21,0.4799999999999995,7.7
54.3364222775687,18.9357671710981,Gdansk_Swibno,2021,11,22,0.4299999999999997,7.5
54.3364222775687,18.9357671710981,Gdansk_Swibno,2021,11,23,0.4100000000000001,7.1
54.3364222775687,18.9357671710981,Gdansk_Swibno,2021,11,24,0.3200000000000003,6.7
54.3364222775687,18.9357671710981,Gdansk_Swibno,2021,11,25,0.3099999999999996,6.6
54.3364222775687,18.9357671710981,Gdansk_Swibno,2021,11,26,0.4100000000000001,6.2
54.3364222775687,18.9357671710981,Gdansk_Swibno,2021,11,27,0.46,5.9
54.3364222775687,18.9357671710981,Gdansk_Swibno,2021,11,28,0.4199999999999999,5.5
54.3364222775687,18.9357671710981,Gdansk_Swibno,2021,11,29,0.5300000000000002,5.2
54.3364222775687,18.9357671710981,Gdansk_Swibno,2021,11,30,0.4500000000000002,4.8
54.3364222775687,18.9357671710981,Gdansk_Swibno,2022,5,1,0.07000000000000028,13.0
54.3364222775687,18.9357671710981,Gdansk_Swibno,2022,5,2,0.0,12.6
54.3364222775687,18.9357671710981,Gdansk_Swibno,2022,5,3,0.08000000000000007,13.2
54.3364222775687,18.9357671710981,Gdansk_Swibno,2022,5,4,0.08999999999999986,13.0
54.3364222775687,18.9357671710981,Gdansk_Swibno,2022,5,5,0.07000000000000028,13.9
54.3364222775687,18.9357671710981,Gdansk_Swibno,2022,5,6,0.07000000000000028,14.3
54.3364222775687,18.9357671710981,Gdansk_Swibno,2022,5,7,0.04000000000000004,15.0
54.3364222775687,18.9357671710981,Gdansk_Swibno,2022,5,8,0.1399999999999997,15.3
54.3364222775687,18.9357671710981,Gdansk_Swibno,2022,5,9,0.08000000000000007,15.2
54.3364222775687,18.9357671710981,Gdansk_Swibno,2022,5,10,-0.04000000000000004,15.0
54.3364222775687,18.9357671710981,Gdansk_Swibno,2022,5,11,-0.04000000000000004,16.3
54.3364222775687,18.9357671710981,Gdansk_Swibno,2022,5,12,0.03000000000000025,16.5
54.3364222775687,18.9357671710981,Gdansk_Swibno,2022,5,13,0.05999999999999961,17.1
54.3364222775687,18.9357671710981,Gdansk_Swibno,2022,5,14,0.1200000000000001,17.3
54.3364222775687,18.9357671710981,Gdansk_Swibno,2022,5,15,0.1899999999999995,17.4
54.3364222775687,18.9357671710981,Gdansk_Swibno,2022,5,16,0.1799999999999997,17.7
54.3364222775687,18.9357671710981,Gdansk_Swibno,2022,5,17,0.1799999999999997,17.5
54.3364222775687,18.9357671710981,Gdansk_Swibno,2022,5,18,0.07000000000000028,17.4
54.3364222775687,18.9357671710981,Gdansk_Swibno,2022,5,19,0.03000000000000025,17.5
54.3364222775687,18.9357671710981,Gdansk_Swibno,2022,5,20,0.1100000000000003,17.8
54.3364222775687,18.9357671710981,Gdansk_Swibno,2022,5,21,0.2199999999999998,17.7
54.3364222775687,18.9357671710981,Gdansk_Swibno,2022,5,22,0.2299999999999995,17.0
54.3364222775687,18.9357671710981,Gdansk_Swibno,2022,5,23,0.1100000000000003,16.5
54.3364222775687,18.9357671710981,Gdansk_Swibno,2022,5,24,0.08000000000000007,17.2
54.3364222775687,18.9357671710981,Gdansk_Swibno,2022,5,25,0.04999999999999982,17.4
54.3364222775687,18.9357671710981,Gdansk_Swibno,2022,5,26,0.07000000000000028,17.5
54.3364222775687,18.9357671710981,Gdansk_Swibno,2022,5,27,0.1299999999999999,17.8
54.3364222775687,18.9357671710981,Gdansk_Swibno,2022,5,28,0.1899999999999995,17.6
54.3364222775687,18.9357671710981,Gdansk_Swibno,2022,5,29,0.2299999999999995,18.2
54.3364222775687,18.9357671710981,Gdansk_Swibno,2022,5,30,0.25,18.0
54.3364222775687,18.9357671710981,Gdansk_Swibno,2022,5,31,0.2000000000000002,16.4
54.3364222775687,18.9357671710981,Gdansk_Swibno,2022,6,1,0.1899999999999995,16.2
54.3364222775687,18.9357671710981,Gdansk_Swibno,2022,6,2,0.1899999999999995,16.4
54.3364222775687,18.9357671710981,Gdansk_Swibno,2022,6,3,0.1500000000000004,16.7
54.3364222775687,18.9357671710981,Gdansk_Swibno,2022,6,4,0.1899999999999995,17.1
54.3364222775687,18.9357671710981,Gdansk_Swibno,2022,6,5,0.1699999999999999,18.0
54.3364222775687,18.9357671710981,Gdansk_Swibno,2022,6,6,0.1799999999999997,18.4
54.3364222775687,18.9357671710981,Gdansk_Swibno,2022,6,7,0.1600000000000001,20.1
54.3364222775687,18.9357671710981,Gdansk_Swibno,2022,6,8,0.08999999999999986,20.4
54.3364222775687,18.9357671710981,Gdansk_Swibno,2022,6,9,0.1200000000000001,21.2
54.3364222775687,18.9357671710981,Gdansk_Swibno,2022,6,10,0.1399999999999997,20.6
54.3364222775687,18.9357671710981,Gdansk_Swibno,2022,6,11,0.08999999999999986,20.7
54.3364222775687,18.9357671710981,Gdansk_Swibno,2022,6,12,0.08000000000000007,21.3
54.3364222775687,18.9357671710981,Gdansk_Swibno,2022,6,13,0.1200000000000001,21.5
54.3364222775687,18.9357671710981,Gdansk_Swibno,2022,6,14,0.2299999999999995,21.0
54.3364222775687,18.9357671710981,Gdansk_Swibno,2022,6,15,0.2299999999999995,20.2
54.3364222775687,18.9357671710981,Gdansk_Swibno,2022,6,16,0.2299999999999995,20.0
54.3364222775687,18.9357671710981,Gdansk_Swibno,2022,6,17,0.2299999999999995,20.1
54.3364222775687,18.9357671710981,Gdansk_Swibno,2022,6,18,0.1600000000000001,20.0
54.3364222775687,18.9357671710981,Gdansk_Swibno,2022,6,19,0.25,21.2
54.3364222775687,18.9357671710981,Gdansk_Swibno,2022,6,20,0.2599999999999998,20.1
54.3364222775687,18.9357671710981,Gdansk_Swibno,2022,6,21,0.3099999999999996,20.8
54.3364222775687,18.9357671710981,Gdansk_Swibno,2022,6,22,0.25,20.5
54.3364222775687,18.9357671710981,Gdansk_Swibno,2022,6,23,0.2199999999999998,20.7
54.3364222775687,18.9357671710981,Gdansk_Swibno,2022,6,24,0.1899999999999995,21.0
54.3364222775687,18.9357671710981,Gdansk_Swibno,2022,6,25,0.21,21.8
54.3364222775687,18.9357671710981,Gdansk_Swibno,2022,6,26,0.1799999999999997,22.3
54.3364222775687,18.9357671710981,Gdansk_Swibno,2022,6,27,0.1600000000000001,24.8
54.3364222775687,18.9357671710981,Gdansk_Swibno,2022,6,28,0.1899999999999995,25.5
54.3364222775687,18.9357671710981,Gdansk_Swibno,2022,6,29,0.1799999999999997,24.7
54.3364222775687,18.9357671710981,Gdansk_Swibno,2022,6,30,0.1699999999999999,24.5
54.3364222775687,18.9357671710981,Gdansk_Swibno,2022,7,1,0.1600000000000001,24.3
54.3364222775687,18.9357671710981,Gdansk_Swibno,2022,7,2,0.1200000000000001,24.6
54.3364222775687,18.9357671710981,Gdansk_Swibno,2022,7,3,0.09999999999999964,24.4
54.3364222775687,18.9357671710981,Gdansk_Swibno,2022,7,4,0.1200000000000001,24.5
54.3364222775687,18.9357671710981,Gdansk_Swibno,2022,7,5,0.08999999999999986,24.8
54.3364222775687,18.9357671710981,Gdansk_Swibno,2022,7,6,0.1500000000000004,24.3
54.3364222775687,18.9357671710981,Gdansk_Swibno,2022,7,7,0.1600000000000001,22.7
54.3364222775687,18.9357671710981,Gdansk_Swibno,2022,7,8,0.2800000000000002,22.4
54.3364222775687,18.9357671710981,Gdansk_Swibno,2022,7,9,0.2699999999999996,21.4
54.3364222775687,18.9357671710981,Gdansk_Swibno,2022,7,10,0.3600000000000003,21.4
54.3364222775687,18.9357671710981,Gdansk_Swibno,2022,7,11,0.3799999999999999,21.2
54.3364222775687,18.9357671710981,Gdansk_Swibno,2022,7,12,0.4100000000000001,21.0
54.3364222775687,18.9357671710981,Gdansk_Swibno,2022,7,13,0.29,20.4
54.3364222775687,18.9357671710981,Gdansk_Swibno,2022,7,14,0.3200000000000003,20.6
54.3364222775687,18.9357671710981,Gdansk_Swibno,2022,7,15,0.3600000000000003,20.8
54.3364222775687,18.9357671710981,Gdansk_Swibno,2022,7,16,0.4000000000000004,20.6
54.3364222775687,18.9357671710981,Gdansk_Swibno,2022,7,17,0.4100000000000001,20.3
54.3364222775687,18.9357671710981,Gdansk_Swibno,2022,7,18,0.3300000000000001,19.7
54.3364222775687,18.9357671710981,Gdansk_Swibno,2022,7,19,0.3099999999999996,20.1
54.3364222775687,18.9357671710981,Gdansk_Swibno,2022,7,20,0.2599999999999998,21.4
54.3364222775687,18.9357671710981,Gdansk_Swibno,2022,7,21,0.2199999999999998,21.8
54.3364222775687,18.9357671710981,Gdansk_Swibno,2022,7,22,0.2400000000000002,22.2
54.3364222775687,18.9357671710981,Gdansk_Swibno,2022,7,23,0.2400000000000002,24.7
54.3364222775687,18.9357671710981,Gdansk_Swibno,2022,7,24,0.25,24.5
54.3364222775687,18.9357671710981,Gdansk_Swibno,2022,7,25,0.1500000000000004,23.1
54.3364222775687,18.9357671710981,Gdansk_Swibno,2022,7,26,0.1799999999999997,22.8
54.3364222775687,18.9357671710981,Gdansk_Swibno,2022,7,27,0.2299999999999995,22.0
54.3364222775687,18.9357671710981,Gdansk_Swibno,2022,7,28,0.3499999999999996,21.5
54.3364222775687,18.9357671710981,Gdansk_Swibno,2022,7,29,0.29,20.8
54.3364222775687,18.9357671710981,Gdansk_Swibno,2022,7,30,0.25,20.5
54.3364222775687,18.9357671710981,Gdansk_Swibno,2022,7,31,0.2000000000000002,20.5
54.3364222775687,18.9357671710981,Gdansk_Swibno,2022,8,1,0.1899999999999995,20.6
54.3364222775687,18.9357671710981,Gdansk_Swibno,2022,8,2,0.1600000000000001,20.8
54.3364222775687,18.9357671710981,Gdansk_Swibno,2022,8,3,0.09999999999999964,21.0
54.3364222775687,18.9357671710981,Gdansk_Swibno,2022,8,4,0.1100000000000003,22.8
54.3364222775687,18.9357671710981,Gdansk_Swibno,2022,8,5,0.1399999999999997,22.9
54.3364222775687,18.9357671710981,Gdansk_Swibno,2022,8,6,0.2000000000000002,24.2
54.3364222775687,18.9357671710981,Gdansk_Swibno,2022,8,7,0.2000000000000002,24.0
54.3364222775687,18.9357671710981,Gdansk_Swibno,2022,8,8,0.2000000000000002,23.5
54.3364222775687,18.9357671710981,Gdansk_Swibno,2022,8,9,0.21,22.6
54.3364222775687,18.9357671710981,Gdansk_Swibno,2022,8,10,0.1500000000000004,21.8
54.3364222775687,18.9357671710981,Gdansk_Swibno,2022,8,11,0.09999999999999964,22.0
54.3364222775687,18.9357671710981,Gdansk_Swibno,2022,8,12,0.1299999999999999,22.5
54.3364222775687,18.9357671710981,Gdansk_Swibno,2022,8,13,0.1600000000000001,21.4
54.3364222775687,18.9357671710981,Gdansk_Swibno,2022,8,14,0.1500000000000004,23.0
54.3364222775687,18.9357671710981,Gdansk_Swibno,2022,8,15,0.1299999999999999,23.5
54.3364222775687,18.9357671710981,Gdansk_Swibno,2022,8,16,0.09999999999999964,24.2
54.3364222775687,18.9357671710981,Gdansk_Swibno,2022,8,17,0.08000000000000007,24.3
54.3364222775687,18.9357671710981,Gdansk_Swibno,2022,8,18,0.09999999999999964,25.2
54.3364222775687,18.9357671710981,Gdansk_Swibno,2022,8,19,0.09999999999999964,25.3
54.3364222775687,18.9357671710981,Gdansk_Swibno,2022,8,20,0.08000000000000007,25.0
54.3364222775687,18.9357671710981,Gdansk_Swibno,2022,8,21,0.1399999999999997,24.8
54.3364222775687,18.9357671710981,Gdansk_Swibno,2022,8,22,0.1399999999999997,24.0
54.3364222775687,18.9357671710981,Gdansk_Swibno,2022,8,23,0.1799999999999997,22.9
54.3364222775687,18.9357671710981,Gdansk_Swibno,2022,8,24,0.1699999999999999,22.9
54.3364222775687,18.9357671710981,Gdansk_Swibno,2022,8,25,0.1299999999999999,23.0
54.3364222775687,18.9357671710981,Gdansk_Swibno,2022,8,26,0.08000000000000007,23.4
54.3364222775687,18.9357671710981,Gdansk_Swibno,2022,8,27,0.04999999999999982,24.2
54.3364222775687,18.9357671710981,Gdansk_Swibno,2022,8,28,0.1200000000000001,24.5
54.3364222775687,18.9357671710981,Gdansk_Swibno,2022,8,29,0.2400000000000002,24.7
54.3364222775687,18.9357671710981,Gdansk_Swibno,2022,8,30,0.3499999999999996,23.6
54.3364222775687,18.9357671710981,Gdansk_Swibno,2022,8,31,0.21,22.2
54.3364222775687,18.9357671710981,Gdansk_Swibno,2022,9,1,0.1399999999999997,20.9
54.3364222775687,18.9357671710981,Gdansk_Swibno,2022,9,2,0.05999999999999961,20.2
54.3364222775687,18.9357671710981,Gdansk_Swibno,2022,9,3,-0.02000000000000046,20.0
54.3364222775687,18.9357671710981,Gdansk_Swibno,2022,9,4,-0.07000000000000028,19.1
54.3364222775687,18.9357671710981,Gdansk_Swibno,2022,9,5,-0.1100000000000003,18.7
54.3364222775687,18.9357671710981,Gdansk_Swibno,2022,9,6,-0.1900000000000004,18.4
54.3364222775687,18.9357671710981,Gdansk_Swibno,2022,9,7,-0.1699999999999999,17.8
54.3364222775687,18.9357671710981,Gdansk_Swibno,2022,9,8,-0.21,18.2
54.3364222775687,18.9357671710981,Gdansk_Swibno,2022,9,9,-0.2599999999999998,17.7
54.3364222775687,18.9357671710981,Gdansk_Swibno,2022,9,10,-0.2400000000000002,17.2
54.3364222775687,18.9357671710981,Gdansk_Swibno,2022,9,11,-0.1500000000000004,16.7
54.3364222775687,18.9357671710981,Gdansk_Swibno,2022,9,12,-0.1699999999999999,16.7
54.3364222775687,18.9357671710981,Gdansk_Swibno,2022,9,13,-0.2800000000000002,16.5
54.3364222775687,18.9357671710981,Gdansk_Swibno,2022,9,14,-0.21,16.4
54.3364222775687,18.9357671710981,Gdansk_Swibno,2022,9,15,-0.1100000000000003,16.4
54.3364222775687,18.9357671710981,Gdansk_Swibno,2022,9,16,-0.03000000000000025,15.8
54.3364222775687,18.9357671710981,Gdansk_Swibno,2022,9,17,0.05999999999999961,15.6
54.3364222775687,18.9357671710981,Gdansk_Swibno,2022,9,18,0.1299999999999999,15.4
54.3364222775687,18.9357671710981,Gdansk_Swibno,2022,9,19,0.2400000000000002,14.9
54.3364222775687,18.9357671710981,Gdansk_Swibno,2022,9,20,0.3200000000000003,15.0
54.3364222775687,18.9357671710981,Gdansk_Swibno,2022,9,21,0.2599999999999998,14.4
54.3364222775687,18.9357671710981,Gdansk_Swibno,2022,9,22,0.1299999999999999,14.3
54.3364222775687,18.9357671710981,Gdansk_Swibno,2022,9,23,0.07000000000000028,13.8
54.3364222775687,18.9357671710981,Gdansk_Swibno,2022,9,24,0.07000000000000028,13.7
54.3364222775687,18.9357671710981,Gdansk_Swibno,2022,9,25,0.07000000000000028,14.4
54.3364222775687,18.9357671710981,Gdansk_Swibno,2022,9,26,0.03000000000000025,14.3
54.3364222775687,18.9357671710981,Gdansk_Swibno,2022,9,27,0.009999999999999787,14.5
54.3364222775687,18.9357671710981,Gdansk_Swibno,2022,9,28,0.1100000000000003,14.6
54.3364222775687,18.9357671710981,Gdansk_Swibno,2022,9,29,0.1200000000000001,14.4
54.3364222775687,18.9357671710981,Gdansk_Swibno,2022,9,30,0.07000000000000028,14.4
54.3364222775687,18.9357671710981,Gdansk_Swibno,2022,10,1,-0.02000000000000046,14.2
54.3364222775687,18.9357671710981,Gdansk_Swibno,2022,10,2,0.08999999999999986,13.5
54.3364222775687,18.9357671710981,Gdansk_Swibno,2022,10,3,0.3099999999999996,13.3
54.3364222775687,18.9357671710981,Gdansk_Swibno,2022,10,4,0.2599999999999998,12.9
54.3364222775687,18.9357671710981,Gdansk_Swibno,2022,10,5,0.05999999999999961,13.0
54.3364222775687,18.9357671710981,Gdansk_Swibno,2022,10,6,0.04999999999999982,13.0
54.3364222775687,18.9357671710981,Gdansk_Swibno,2022,10,7,0.04000000000000004,12.8
54.3364222775687,18.9357671710981,Gdansk_Swibno,2022,10,8,0.1100000000000003,12.3
54.3364222775687,18.9357671710981,Gdansk_Swibno,2022,10,9,0.2400000000000002,12.5
54.3364222775687,18.9357671710981,Gdansk_Swibno,2022,10,10,0.1200000000000001,12.2
54.3364222775687,18.9357671710981,Gdansk_Swibno,2022,10,11,0.2000000000000002,12.3
54.3364222775687,18.9357671710981,Gdansk_Swibno,2022,10,12,0.2599999999999998,12.5
54.3364222775687,18.9357671710981,Gdansk_Swibno,2022,10,13,0.2000000000000002,12.1
54.3364222775687,18.9357671710981,Gdansk_Swibno,2022,10,14,0.2000000000000002,12.2
54.3364222775687,18.9357671710981,Gdansk_Swibno,2022,10,15,0.1699999999999999,12.0
54.3364222775687,18.9357671710981,Gdansk_Swibno,2022,10,16,0.1500000000000004,12.5
54.3364222775687,18.9357671710981,Gdansk_Swibno,2022,10,17,0.1500000000000004,12.4
54.3364222775687,18.9357671710981,Gdansk_Swibno,2022,10,18,0.25,12.8
54.3364222775687,18.9357671710981,Gdansk_Swibno,2022,10,19,0.4399999999999995,12.2
54.3364222775687,18.9357671710981,Gdansk_Swibno,2022,10,20,0.2400000000000002,12.5
54.3364222775687,18.9357671710981,Gdansk_Swibno,2022,10,21,0.1600000000000001,11.5
54.3364222775687,18.9357671710981,Gdansk_Swibno,2022,10,22,0.1799999999999997,11.8
54.3364222775687,18.9357671710981,Gdansk_Swibno,2022,10,23,0.1600000000000001,11.8
54.3364222775687,18.9357671710981,Gdansk_Swibno,2022,10,24,0.1500000000000004,11.4
54.3364222775687,18.9357671710981,Gdansk_Swibno,2022,10,25,0.1200000000000001,11.5
54.3364222775687,18.9357671710981,Gdansk_Swibno,2022,10,26,0.1200000000000001,11.7
54.3364222775687,18.9357671710981,Gdansk_Swibno,2022,10,27,0.1200000000000001,11.5
54.3364222775687,18.9357671710981,Gdansk_Swibno,2022,10,28,0.09999999999999964,12.0
54.3364222775687,18.9357671710981,Gdansk_Swibno,2022,10,29,0.1299999999999999,12.0
54.3364222775687,18.9357671710981,Gdansk_Swibno,2022,10,30,0.2299999999999995,12.0
54.3364222775687,18.9357671710981,Gdansk_Swibno,2022,10,31,0.2000000000000002,11.8
54.3364222775687,18.9357671710981,Gdansk_Swibno,2022,11,1,0.2000000000000002,11.9
54.3364222775687,18.9357671710981,Gdansk_Swibno,2022,11,2,0.2000000000000002,12.0
54.3364222775687,18.9357671710981,Gdansk_Swibno,2022,11,3,0.2000000000000002,11.7
54.3364222775687,18.9357671710981,Gdansk_Swibno,2022,11,4,0.2000000000000002,10.7
54.3364222775687,18.9357671710981,Gdansk_Swibno,2022,11,5,0.2000000000000002,10.8
54.3364222775687,18.9357671710981,Gdansk_Swibno,2022,11,6,0.2000000000000002,10.3
54.3364222775687,18.9357671710981,Gdansk_Swibno,2022,11,7,0.2000000000000002,9.9
54.3364222775687,18.9357671710981,Gdansk_Swibno,2022,11,8,0.2000000000000002,9.6
54.3364222775687,18.9357671710981,Gdansk_Swibno,2022,11,9,0.2000000000000002,9.7
54.3364222775687,18.9357671710981,Gdansk_Swibno,2022,11,10,0.2000000000000002,9.5
54.3364222775687,18.9357671710981,Gdansk_Swibno,2022,11,11,0.2000000000000002,9.8
54.3364222775687,18.9357671710981,Gdansk_Swibno,2022,11,12,0.2000000000000002,10.1
54.3364222775687,18.9357671710981,Gdansk_Swibno,2022,11,13,0.2000000000000002,10.2
54.3364222775687,18.9357671710981,Gdansk_Swibno,2022,11,14,0.2000000000000002,10.0
54.3364222775687,18.9357671710981,Gdansk_Swibno,2022,11,15,0.2000000000000002,9.6
54.3364222775687,18.9357671710981,Gdansk_Swibno,2022,11,16,0.2000000000000002,9.3
54.3364222775687,18.9357671710981,Gdansk_Swibno,2022,11,17,0.2000000000000002,9.1
54.3364222775687,18.9357671710981,Gdansk_Swibno,2022,11,18,0.2000000000000002,8.2
54.3364222775687,18.9357671710981,Gdansk_Swibno,2022,11,19,0.2000000000000002,5.4
54.3364222775687,18.9357671710981,Gdansk_Swibno,2022,11,20,0.2000000000000002,4.1
54.3364222775687,18.9357671710981,Gdansk_Swibno,2022,11,21,0.2000000000000002,3.8
54.3364222775687,18.9357671710981,Gdansk_Swibno,2022,11,22,0.2000000000000002,3.5
54.3364222775687,18.9357671710981,Gdansk_Swibno,2022,11,23,0.2000000000000002,3.7
54.3364222775687,18.9357671710981,Gdansk_Swibno,2022,11,24,0.2000000000000002,3.7
54.3364222775687,18.9357671710981,Gdansk_Swibno,2022,11,25,0.2000000000000002,3.7
54.3364222775687,18.9357671710981,Gdansk_Swibno,2022,11,26,0.2000000000000002,3.7
54.3364222775687,18.9357671710981,Gdansk_Swibno,2022,11,27,0.2000000000000002,3.8
54.3364222775687,18.9357671710981,Gdansk_Swibno,2022,11,28,0.2000000000000002,3.5
54.3364222775687,18.9357671710981,Gdansk_Swibno,2022,11,29,0.2000000000000002,3.5
54.3364222775687,18.9357671710981,Gdansk_Swibno,2022,11,30,0.2000000000000002,3.2
54.3364222775687,18.9357671710981,Gdansk_Swibno,2023,5,1,0.2000000000000002,13.3
54.3364222775687,18.9357671710981,Gdansk_Swibno,2023,5,2,0.2000000000000002,13.4
54.3364222775687,18.9357671710981,Gdansk_Swibno,2023,5,3,0.2000000000000002,13.5
54.3364222775687,18.9357671710981,Gdansk_Swibno,2023,5,4,0.2000000000000002,13.4
54.3364222775687,18.9357671710981,Gdansk_Swibno,2023,5,5,0.2000000000000002,13.4
54.3364222775687,18.9357671710981,Gdansk_Swibno,2023,5,6,0.2000000000000002,13.4
54.3364222775687,18.9357671710981,Gdansk_Swibno,2023,5,7,0.2000000000000002,12.7
54.3364222775687,18.9357671710981,Gdansk_Swibno,2023,5,8,0.2000000000000002,13.6
54.3364222775687,18.9357671710981,Gdansk_Swibno,2023,5,9,0.2000000000000002,14.3
54.3364222775687,18.9357671710981,Gdansk_Swibno,2023,5,10,0.2000000000000002,14.7
54.3364222775687,18.9357671710981,Gdansk_Swibno,2023,5,11,0.2000000000000002,14.8
54.3364222775687,18.9357671710981,Gdansk_Swibno,2023,5,12,0.2000000000000002,15.5
54.3364222775687,18.9357671710981,Gdansk_Swibno,2023,5,13,0.2000000000000002,15.7
54.3364222775687,18.9357671710981,Gdansk_Swibno,2023,5,14,0.2000000000000002,15.6
54.3364222775687,18.9357671710981,Gdansk_Swibno,2023,5,15,0.2000000000000002,16.2
54.3364222775687,18.9357671710981,Gdansk_Swibno,2023,5,16,0.2000000000000002,15.6
54.3364222775687,18.9357671710981,Gdansk_Swibno,2023,5,17,0.2000000000000002,15.6
54.3364222775687,18.9357671710981,Gdansk_Swibno,2023,5,18,0.2000000000000002,15.5
54.3364222775687,18.9357671710981,Gdansk_Swibno,2023,5,19,0.2000000000000002,15.4
54.3364222775687,18.9357671710981,Gdansk_Swibno,2023,5,20,0.2000000000000002,15.3
54.3364222775687,18.9357671710981,Gdansk_Swibno,2023,5,21,0.2000000000000002,15.8
54.3364222775687,18.9357671710981,Gdansk_Swibno,2023,5,22,0.2000000000000002,17.0
54.3364222775687,18.9357671710981,Gdansk_Swibno,2023,5,23,0.2000000000000002,18.0
54.3364222775687,18.9357671710981,Gdansk_Swibno,2023,5,24,0.2000000000000002,18.4
54.3364222775687,18.9357671710981,Gdansk_Swibno,2023,5,25,0.2000000000000002,18.9
54.3364222775687,18.9357671710981,Gdansk_Swibno,2023,5,26,0.2000000000000002,18.6
54.3364222775687,18.9357671710981,Gdansk_Swibno,2023,5,27,0.2000000000000002,18.3
54.3364222775687,18.9357671710981,Gdansk_Swibno,2023,5,28,0.2000000000000002,18.8
54.3364222775687,18.9357671710981,Gdansk_Swibno,2023,5,29,0.2000000000000002,18.6
54.3364222775687,18.9357671710981,Gdansk_Swibno,2023,5,30,0.2000000000000002,19.3
54.3364222775687,18.9357671710981,Gdansk_Swibno,2023,5,31,0.2000000000000002,19.1
54.3364222775687,18.9357671710981,Gdansk_Swibno,2023,6,1,0.2000000000000002,20.0
54.3364222775687,18.9357671710981,Gdansk_Swibno,2023,6,2,0.2000000000000002,19.4
54.3364222775687,18.9357671710981,Gdansk_Swibno,2023,6,3,0.2000000000000002,19.1
54.3364222775687,18.9357671710981,Gdansk_Swibno,2023,6,4,0.2000000000000002,18.6
54.3364222775687,18.9357671710981,Gdansk_Swibno,2023,6,5,0.2000000000000002,19.1
54.3364222775687,18.9357671710981,Gdansk_Swibno,2023,6,6,0.2000000000000002,19.5
54.3364222775687,18.9357671710981,Gdansk_Swibno,2023,6,7,0.2000000000000002,19.8
54.3364222775687,18.9357671710981,Gdansk_Swibno,2023,6,8,0.2000000000000002,22.1
54.3364222775687,18.9357671710981,Gdansk_Swibno,2023,6,9,0.2000000000000002,22.2
54.3364222775687,18.9357671710981,Gdansk_Swibno,2023,6,10,0.2000000000000002,22.3
54.3364222775687,18.9357671710981,Gdansk_Swibno,2023,6,11,0.2000000000000002,21.3
54.3364222775687,18.9357671710981,Gdansk_Swibno,2023,6,12,0.2000000000000002,21.1
54.3364222775687,18.9357671710981,Gdansk_Swibno,2023,6,13,0.2000000000000002,21.4
54.3364222775687,18.9357671710981,Gdansk_Swibno,2023,6,14,0.2000000000000002,20.8
54.3364222775687,18.9357671710981,Gdansk_Swibno,2023,6,15,0.2000000000000002,20.3
54.3364222775687,18.9357671710981,Gdansk_Swibno,2023,6,16,0.2000000000000002,20.0
54.3364222775687,18.9357671710981,Gdansk_Swibno,2023,6,17,0.2000000000000002,20.6
54.3364222775687,18.9357671710981,Gdansk_Swibno,2023,6,18,0.2000000000000002,21.0
54.3364222775687,18.9357671710981,Gdansk_Swibno,2023,6,19,0.2000000000000002,21.6
54.3364222775687,18.9357671710981,Gdansk_Swibno,2023,6,20,0.2000000000000002,22.8
54.3364222775687,18.9357671710981,Gdansk_Swibno,2023,6,21,0.2000000000000002,23.3
54.3364222775687,18.9357671710981,Gdansk_Swibno,2023,6,22,0.2000000000000002,24.0
54.3364222775687,18.9357671710981,Gdansk_Swibno,2023,6,23,0.2000000000000002,23.9
54.3364222775687,18.9357671710981,Gdansk_Swibno,2023,6,24,0.2000000000000002,22.6
54.3364222775687,18.9357671710981,Gdansk_Swibno,2023,6,25,0.2000000000000002,23.1
54.3364222775687,18.9357671710981,Gdansk_Swibno,2023,6,26,0.2000000000000002,23.8
54.3364222775687,18.9357671710981,Gdansk_Swibno,2023,6,27,0.2000000000000002,23.8
54.3364222775687,18.9357671710981,Gdansk_Swibno,2023,6,28,0.2000000000000002,22.7
54.3364222775687,18.9357671710981,Gdansk_Swibno,2023,6,29,0.2000000000000002,23.0
54.3364222775687,18.9357671710981,Gdansk_Swibno,2023,6,30,0.2000000000000002,22.8
54.3364222775687,18.9357671710981,Gdansk_Swibno,2023,7,1,0.2000000000000002,22.4
54.3364222775687,18.9357671710981,Gdansk_Swibno,2023,7,2,0.2000000000000002,22.4
54.3364222775687,18.9357671710981,Gdansk_Swibno,2023,7,3,0.2000000000000002,22.2
54.3364222775687,18.9357671710981,Gdansk_Swibno,2023,7,4,0.2000000000000002,21.6
54.3364222775687,18.9357671710981,Gdansk_Swibno,2023,7,5,0.2000000000000002,21.0
54.3364222775687,18.9357671710981,Gdansk_Swibno,2023,7,6,0.2000000000000002,21.3
54.3364222775687,18.9357671710981,Gdansk_Swibno,2023,7,7,0.2000000000000002,21.8
54.3364222775687,18.9357671710981,Gdansk_Swibno,2023,7,8,0.2000000000000002,22.1
54.3364222775687,18.9357671710981,Gdansk_Swibno,2023,7,9,0.2000000000000002,22.7
54.3364222775687,18.9357671710981,Gdansk_Swibno,2023,7,10,0.2000000000000002,23.5
54.3364222775687,18.9357671710981,Gdansk_Swibno,2023,7,11,0.2000000000000002,23.4
54.3364222775687,18.9357671710981,Gdansk_Swibno,2023,7,12,0.2000000000000002,23.5
54.3364222775687,18.9357671710981,Gdansk_Swibno,2023,7,13,0.2000000000000002,23.5
54.3364222775687,18.9357671710981,Gdansk_Swibno,2023,7,14,0.2000000000000002,23.4
54.3364222775687,18.9357671710981,Gdansk_Swibno,2023,7,15,0.2000000000000002,23.3
54.3364222775687,18.9357671710981,Gdansk_Swibno,2023,7,16,0.2000000000000002,23.9
54.3364222775687,18.9357671710981,Gdansk_Swibno,2023,7,17,0.2000000000000002,23.9
54.3364222775687,18.9357671710981,Gdansk_Swibno,2023,7,18,0.2000000000000002,23.7
54.3364222775687,18.9357671710981,Gdansk_Swibno,2023,7,19,0.2000000000000002,23.3
54.3364222775687,18.9357671710981,Gdansk_Swibno,2023,7,20,0.2000000000000002,22.4
54.3364222775687,18.9357671710981,Gdansk_Swibno,2023,7,21,0.2000000000000002,21.6
54.3364222775687,18.9357671710981,Gdansk_Swibno,2023,7,22,0.2000000000000002,21.5
54.3364222775687,18.9357671710981,Gdansk_Swibno,2023,7,23,0.2000000000000002,20.6
54.3364222775687,18.9357671710981,Gdansk_Swibno,2023,7,24,0.2000000000000002,21.2
54.3364222775687,18.9357671710981,Gdansk_Swibno,2023,7,25,0.2000000000000002,21.7
54.3364222775687,18.9357671710981,Gdansk_Swibno,2023,7,26,0.2000000000000002,21.6
54.3364222775687,18.9357671710981,Gdansk_Swibno,2023,7,27,0.2000000000000002,21.5
54.3364222775687,18.9357671710981,Gdansk_Swibno,2023,7,28,0.2000000000000002,21.6
54.3364222775687,18.9357671710981,Gdansk_Swibno,2023,7,29,0.2000000000000002,20.8
54.3364222775687,18.9357671710981,Gdansk_Swibno,2023,7,30,0.2000000000000002,21.3
54.3364222775687,18.9357671710981,Gdansk_Swibno,2023,7,31,0.2000000000000002,21.9
54.3364222775687,18.9357671710981,Gdansk_Swibno,2023,8,1,0.2000000000000002,21.6
54.3364222775687,18.9357671710981,Gdansk_Swibno,2023,8,2,0.2000000000000002,21.1
54.3364222775687,18.9357671710981,Gdansk_Swibno,2023,8,3,0.2000000000000002,20.8
54.3364222775687,18.9357671710981,Gdansk_Swibno,2023,8,4,0.2000000000000002,20.9
54.3364222775687,18.9357671710981,Gdansk_Swibno,2023,8,5,0.2000000000000002,20.8
54.3364222775687,18.9357671710981,Gdansk_Swibno,2023,8,6,0.2000000000000002,20.5
54.3364222775687,18.9357671710981,Gdansk_Swibno,2023,8,7,0.2000000000000002,20.6
54.3364222775687,18.9357671710981,Gdansk_Swibno,2023,8,8,0.2000000000000002,20.1
54.3364222775687,18.9357671710981,Gdansk_Swibno,2023,8,9,0.2000000000000002,20.4
54.3364222775687,18.9357671710981,Gdansk_Swibno,2023,8,10,0.2000000000000002,18.8
54.3364222775687,18.9357671710981,Gdansk_Swibno,2023,8,11,0.2000000000000002,18.6
54.3364222775687,18.9357671710981,Gdansk_Swibno,2023,8,12,0.2000000000000002,19.0
54.3364222775687,18.9357671710981,Gdansk_Swibno,2023,8,13,0.2000000000000002,20.5
54.3364222775687,18.9357671710981,Gdansk_Swibno,2023,8,14,0.2000000000000002,21.7
54.3364222775687,18.9357671710981,Gdansk_Swibno,2023,8,15,0.2000000000000002,22.2
54.3364222775687,18.9357671710981,Gdansk_Swibno,2023,8,16,0.2000000000000002,22.8
54.3364222775687,18.9357671710981,Gdansk_Swibno,2023,8,17,0.2000000000000002,22.5
54.3364222775687,18.9357671710981,Gdansk_Swibno,2023,8,18,0.2000000000000002,22.6
54.3364222775687,18.9357671710981,Gdansk_Swibno,2023,8,19,0.2000000000000002,23.5
54.3364222775687,18.9357671710981,Gdansk_Swibno,2023,8,20,0.2000000000000002,24.0
54.3364222775687,18.9357671710981,Gdansk_Swibno,2023,8,21,0.2000000000000002,25.0
54.3364222775687,18.9357671710981,Gdansk_Swibno,2023,8,22,0.2000000000000002,24.6
54.3364222775687,18.9357671710981,Gdansk_Swibno,2023,8,23,0.2000000000000002,23.9
54.3364222775687,18.9357671710981,Gdansk_Swibno,2023,8,24,0.2000000000000002,23.7
54.3364222775687,18.9357671710981,Gdansk_Swibno,2023,8,25,0.2000000000000002,22.8
54.3364222775687,18.9357671710981,Gdansk_Swibno,2023,8,26,0.2000000000000002,23.2
54.3364222775687,18.9357671710981,Gdansk_Swibno,2023,8,27,0.2000000000000002,23.4
54.3364222775687,18.9357671710981,Gdansk_Swibno,2023,8,28,0.2000000000000002,22.6
54.3364222775687,18.9357671710981,Gdansk_Swibno,2023,8,29,0.2000000000000002,22.5
54.3364222775687,18.9357671710981,Gdansk_Swibno,2023,8,30,0.2000000000000002,21.8
54.3364222775687,18.9357671710981,Gdansk_Swibno,2023,8,31,0.2000000000000002,20.9
54.3364222775687,18.9357671710981,Gdansk_Swibno,2023,9,1,0.2000000000000002,20.2
54.3364222775687,18.9357671710981,Gdansk_Swibno,2023,9,2,0.2000000000000002,19.6
54.3364222775687,18.9357671710981,Gdansk_Swibno,2023,9,3,0.2000000000000002,19.8
54.3364222775687,18.9357671710981,Gdansk_Swibno,2023,9,4,0.2000000000000002,19.7
54.3364222775687,18.9357671710981,Gdansk_Swibno,2023,9,5,0.2000000000000002,20.3
54.3364222775687,18.9357671710981,Gdansk_Swibno,2023,9,6,0.2000000000000002,21.1
54.3364222775687,18.9357671710981,Gdansk_Swibno,2023,9,7,0.2000000000000002,21.6
54.3364222775687,18.9357671710981,Gdansk_Swibno,2023,9,8,0.2000000000000002,21.5
54.3364222775687,18.9357671710981,Gdansk_Swibno,2023,9,9,0.2000000000000002,21.8
54.3364222775687,18.9357671710981,Gdansk_Swibno,2023,9,10,0.2000000000000002,22.1
54.3364222775687,18.9357671710981,Gdansk_Swibno,2023,9,11,0.2000000000000002,22.3
54.3364222775687,18.9357671710981,Gdansk_Swibno,2023,9,12,0.2000000000000002,22.4
54.3364222775687,18.9357671710981,Gdansk_Swibno,2023,9,13,0.2000000000000002,22.8
54.3364222775687,18.9357671710981,Gdansk_Swibno,2023,9,14,0.2000000000000002,22.5
54.3364222775687,18.9357671710981,Gdansk_Swibno,2023,9,15,0.2000000000000002,21.4
54.3364222775687,18.9357671710981,Gdansk_Swibno,2023,9,16,0.2000000000000002,20.5
54.3364222775687,18.9357671710981,Gdansk_Swibno,2023,9,17,0.2000000000000002,19.9
54.3364222775687,18.9357671710981,Gdansk_Swibno,2023,9,18,0.2000000000000002,20.2
54.3364222775687,18.9357671710981,Gdansk_Swibno,2023,9,19,0.2000000000000002,20.5
54.3364222775687,18.9357671710981,Gdansk_Swibno,2023,9,20,0.2000000000000002,20.1
54.3364222775687,18.9357671710981,Gdansk_Swibno,2023,9,21,0.2000000000000002,19.6
54.3364222775687,18.9357671710981,Gdansk_Swibno,2023,9,22,0.2000000000000002,19.7
54.3364222775687,18.9357671710981,Gdansk_Swibno,2023,9,23,0.2000000000000002,19.8
54.3364222775687,18.9357671710981,Gdansk_Swibno,2023,9,24,0.2000000000000002,19.7
54.3364222775687,18.9357671710981,Gdansk_Swibno,2023,9,25,0.2000000000000002,19.1
54.3364222775687,18.9357671710981,Gdansk_Swibno,2023,9,26,0.2000000000000002,18.9
54.3364222775687,18.9357671710981,Gdansk_Swibno,2023,9,27,0.2000000000000002,18.7
54.3364222775687,18.9357671710981,Gdansk_Swibno,2023,9,28,0.2000000000000002,19.1
54.3364222775687,18.9357671710981,Gdansk_Swibno,2023,9,29,0.2000000000000002,19.4
54.3364222775687,18.9357671710981,Gdansk_Swibno,2023,9,30,0.2000000000000002,19.4
