latitude,longitude,station,year,month,day,water_level_m_asl,water_temp_C
53.0077807883911,18.6076215275837,Torun,2000,5,1,35.98,19.1
53.0077807883911,18.6076215275837,Torun,2000,5,2,36.06,19.2
53.0077807883911,18.6076215275837,Torun,2000,5,3,35.96,18.3
53.0077807883911,18.6076215275837,Torun,2000,5,4,35.75,18.1
53.0077807883911,18.6076215275837,Torun,2000,5,5,35.78,18.1
53.0077807883911,18.6076215275837,Torun,2000,5,6,35.66,17.9
53.0077807883911,18.6076215275837,Torun,2000,5,7,35.43,18.0
53.0077807883911,18.6076215275837,Torun,2000,5,8,35.3,18.0
53.0077807883911,18.6076215275837,Torun,2000,5,9,35.39,18.0
53.0077807883911,18.6076215275837,Torun,2000,5,10,35.3,17.9
53.0077807883911,18.6076215275837,Torun,2000,5,11,35.2,18.0
53.0077807883911,18.6076215275837,Torun,2000,5,12,35.03,17.9
53.0077807883911,18.6076215275837,Torun,2000,5,13,35.11,16.4
53.0077807883911,18.6076215275837,Torun,2000,5,14,34.84,16.6
53.0077807883911,18.6076215275837,Torun,2000,5,15,35.02,16.8
53.0077807883911,18.6076215275837,Torun,2000,5,16,35.01,18.4
53.0077807883911,18.6076215275837,Torun,2000,5,17,34.92,18.8
53.0077807883911,18.6076215275837,Torun,2000,5,18,34.8,18.9
53.0077807883911,18.6076215275837,Torun,2000,5,19,34.76,18.6
53.0077807883911,18.6076215275837,Torun,2000,5,20,34.72,18.5
53.0077807883911,18.6076215275837,Torun,2000,5,21,34.7,18.4
53.0077807883911,18.6076215275837,Torun,2000,5,22,34.51,18.3
53.0077807883911,18.6076215275837,Torun,2000,5,23,34.62,18.5
53.0077807883911,18.6076215275837,Torun,2000,5,24,34.6,18.6
53.0077807883911,18.6076215275837,Torun,2000,5,25,34.64,18.6
53.0077807883911,18.6076215275837,Torun,2000,5,26,34.63,18.9
53.0077807883911,18.6076215275837,Torun,2000,5,27,34.81,19.0
53.0077807883911,18.6076215275837,Torun,2000,5,28,34.7,19.4
53.0077807883911,18.6076215275837,Torun,2000,5,29,34.86,19.3
53.0077807883911,18.6076215275837,Torun,2000,5,30,34.67,18.7
53.0077807883911,18.6076215275837,Torun,2000,5,31,34.98,18.6
53.0077807883911,18.6076215275837,Torun,2000,6,1,34.86,18.4
53.0077807883911,18.6076215275837,Torun,2000,6,2,34.81,18.4
53.0077807883911,18.6076215275837,Torun,2000,6,3,34.66,19.2
53.0077807883911,18.6076215275837,Torun,2000,6,4,34.16,19.5
53.0077807883911,18.6076215275837,Torun,2000,6,5,34.22,19.8
53.0077807883911,18.6076215275837,Torun,2000,6,6,34.62,20.0
53.0077807883911,18.6076215275837,Torun,2000,6,7,34.64,20.1
53.0077807883911,18.6076215275837,Torun,2000,6,8,34.69,19.9
53.0077807883911,18.6076215275837,Torun,2000,6,9,34.6,19.0
53.0077807883911,18.6076215275837,Torun,2000,6,10,34.52,19.2
53.0077807883911,18.6076215275837,Torun,2000,6,11,34.16,21.0
53.0077807883911,18.6076215275837,Torun,2000,6,12,34.14,21.8
53.0077807883911,18.6076215275837,Torun,2000,6,13,34.21,21.6
53.0077807883911,18.6076215275837,Torun,2000,6,14,34.42,21.7
53.0077807883911,18.6076215275837,Torun,2000,6,15,34.46,21.7
53.0077807883911,18.6076215275837,Torun,2000,6,16,34.49,21.5
53.0077807883911,18.6076215275837,Torun,2000,6,17,34.53,21.3
53.0077807883911,18.6076215275837,Torun,2000,6,18,34.18,18.8
53.0077807883911,18.6076215275837,Torun,2000,6,19,34.15,20.8
53.0077807883911,18.6076215275837,Torun,2000,6,20,34.21,21.6
53.0077807883911,18.6076215275837,Torun,2000,6,21,34.28,22.1
53.0077807883911,18.6076215275837,Torun,2000,6,22,34.24,22.2
53.0077807883911,18.6076215275837,Torun,2000,6,23,34.21,22.3
53.0077807883911,18.6076215275837,Torun,2000,6,24,34.52,20.3
53.0077807883911,18.6076215275837,Torun,2000,6,25,34.08,20.3
53.0077807883911,18.6076215275837,Torun,2000,6,26,34.04,19.6
53.0077807883911,18.6076215275837,Torun,2000,6,27,34.04,17.8
53.0077807883911,18.6076215275837,Torun,2000,6,28,33.96,17.3
53.0077807883911,18.6076215275837,Torun,2000,6,29,33.99,17.9
53.0077807883911,18.6076215275837,Torun,2000,6,30,34.09,17.7
53.0077807883911,18.6076215275837,Torun,2000,7,1,34.22,17.4
53.0077807883911,18.6076215275837,Torun,2000,7,2,33.97,17.2
53.0077807883911,18.6076215275837,Torun,2000,7,3,33.96,18.1
53.0077807883911,18.6076215275837,Torun,2000,7,4,33.94,18.7
53.0077807883911,18.6076215275837,Torun,2000,7,5,34.1,18.9
53.0077807883911,18.6076215275837,Torun,2000,7,6,33.97,18.8
53.0077807883911,18.6076215275837,Torun,2000,7,7,33.96,17.9
53.0077807883911,18.6076215275837,Torun,2000,7,8,34.3,18.1
53.0077807883911,18.6076215275837,Torun,2000,7,9,33.99,17.9
53.0077807883911,18.6076215275837,Torun,2000,7,10,33.92,18.3
53.0077807883911,18.6076215275837,Torun,2000,7,11,33.92,18.2
53.0077807883911,18.6076215275837,Torun,2000,7,12,34.22,18.5
53.0077807883911,18.6076215275837,Torun,2000,7,13,34.3,17.9
53.0077807883911,18.6076215275837,Torun,2000,7,14,34.4,17.9
53.0077807883911,18.6076215275837,Torun,2000,7,15,34.47,18.0
53.0077807883911,18.6076215275837,Torun,2000,7,16,34.06,17.8
53.0077807883911,18.6076215275837,Torun,2000,7,17,33.98,18.5
53.0077807883911,18.6076215275837,Torun,2000,7,18,34.28,18.2
53.0077807883911,18.6076215275837,Torun,2000,7,19,34.35,18.0
53.0077807883911,18.6076215275837,Torun,2000,7,20,34.54,17.7
53.0077807883911,18.6076215275837,Torun,2000,7,21,34.61,17.6
53.0077807883911,18.6076215275837,Torun,2000,7,22,34.75,17.4
53.0077807883911,18.6076215275837,Torun,2000,7,23,35.0,17.7
53.0077807883911,18.6076215275837,Torun,2000,7,24,35.13,17.8
53.0077807883911,18.6076215275837,Torun,2000,7,25,34.67,18.5
53.0077807883911,18.6076215275837,Torun,2000,7,26,35.11,19.1
53.0077807883911,18.6076215275837,Torun,2000,7,27,35.06,20.0
53.0077807883911,18.6076215275837,Torun,2000,7,28,35.06,20.0
53.0077807883911,18.6076215275837,Torun,2000,7,29,34.9,19.8
53.0077807883911,18.6076215275837,Torun,2000,7,30,34.48,19.3
53.0077807883911,18.6076215275837,Torun,2000,7,31,34.6,19.6
53.0077807883911,18.6076215275837,Torun,2000,8,1,35.34,19.9
53.0077807883911,18.6076215275837,Torun,2000,8,2,35.14,20.3
53.0077807883911,18.6076215275837,Torun,2000,8,3,35.34,20.1
53.0077807883911,18.6076215275837,Torun,2000,8,4,35.96,20.5
53.0077807883911,18.6076215275837,Torun,2000,8,5,36.14,20.4
53.0077807883911,18.6076215275837,Torun,2000,8,6,36.61,20.5
53.0077807883911,18.6076215275837,Torun,2000,8,7,37.08,20.0
53.0077807883911,18.6076215275837,Torun,2000,8,8,37.12,19.7
53.0077807883911,18.6076215275837,Torun,2000,8,9,36.28,19.1
53.0077807883911,18.6076215275837,Torun,2000,8,10,35.96,19.2
53.0077807883911,18.6076215275837,Torun,2000,8,11,35.7,19.8
53.0077807883911,18.6076215275837,Torun,2000,8,12,35.68,19.8
53.0077807883911,18.6076215275837,Torun,2000,8,13,35.56,19.7
53.0077807883911,18.6076215275837,Torun,2000,8,14,35.48,19.9
53.0077807883911,18.6076215275837,Torun,2000,8,15,35.44,20.3
53.0077807883911,18.6076215275837,Torun,2000,8,16,35.29,21.3
53.0077807883911,18.6076215275837,Torun,2000,8,17,35.38,21.3
53.0077807883911,18.6076215275837,Torun,2000,8,18,35.38,21.5
53.0077807883911,18.6076215275837,Torun,2000,8,19,35.29,21.5
53.0077807883911,18.6076215275837,Torun,2000,8,20,34.44,22.4
53.0077807883911,18.6076215275837,Torun,2000,8,21,34.51,22.3
53.0077807883911,18.6076215275837,Torun,2000,8,22,34.74,22.3
53.0077807883911,18.6076215275837,Torun,2000,8,23,34.73,22.1
53.0077807883911,18.6076215275837,Torun,2000,8,24,34.68,20.7
53.0077807883911,18.6076215275837,Torun,2000,8,25,34.82,20.6
53.0077807883911,18.6076215275837,Torun,2000,8,26,34.78,19.9
53.0077807883911,18.6076215275837,Torun,2000,8,27,34.28,19.5
53.0077807883911,18.6076215275837,Torun,2000,8,28,34.39,19.7
53.0077807883911,18.6076215275837,Torun,2000,8,29,34.43,19.6
53.0077807883911,18.6076215275837,Torun,2000,8,30,34.42,19.4
53.0077807883911,18.6076215275837,Torun,2000,8,31,34.58,19.2
53.0077807883911,18.6076215275837,Torun,2000,9,1,34.49,19.0
53.0077807883911,18.6076215275837,Torun,2000,9,2,34.72,19.1
53.0077807883911,18.6076215275837,Torun,2000,9,3,34.36,19.0
53.0077807883911,18.6076215275837,Torun,2000,9,4,34.21,18.9
53.0077807883911,18.6076215275837,Torun,2000,9,5,34.61,17.8
53.0077807883911,18.6076215275837,Torun,2000,9,6,34.45,17.6
53.0077807883911,18.6076215275837,Torun,2000,9,7,34.5,17.6
53.0077807883911,18.6076215275837,Torun,2000,9,8,34.42,17.7
53.0077807883911,18.6076215275837,Torun,2000,9,9,34.27,17.9
53.0077807883911,18.6076215275837,Torun,2000,9,10,34.3,18.1
53.0077807883911,18.6076215275837,Torun,2000,9,11,34.12,18.0
53.0077807883911,18.6076215275837,Torun,2000,9,12,34.12,17.8
53.0077807883911,18.6076215275837,Torun,2000,9,13,34.26,18.1
53.0077807883911,18.6076215275837,Torun,2000,9,14,34.26,17.9
53.0077807883911,18.6076215275837,Torun,2000,9,15,34.07,16.4
53.0077807883911,18.6076215275837,Torun,2000,9,16,34.06,16.1
53.0077807883911,18.6076215275837,Torun,2000,9,17,34.03,15.9
53.0077807883911,18.6076215275837,Torun,2000,9,18,34.02,14.1
53.0077807883911,18.6076215275837,Torun,2000,9,19,33.97,13.9
53.0077807883911,18.6076215275837,Torun,2000,9,20,34.22,13.5
53.0077807883911,18.6076215275837,Torun,2000,9,21,34.32,13.6
53.0077807883911,18.6076215275837,Torun,2000,9,22,34.29,13.7
53.0077807883911,18.6076215275837,Torun,2000,9,23,34.33,13.4
53.0077807883911,18.6076215275837,Torun,2000,9,24,34.24,12.7
53.0077807883911,18.6076215275837,Torun,2000,9,25,34.27,12.4
53.0077807883911,18.6076215275837,Torun,2000,9,26,34.51,12.2
53.0077807883911,18.6076215275837,Torun,2000,9,27,34.69,12.1
53.0077807883911,18.6076215275837,Torun,2000,9,28,34.19,12.4
53.0077807883911,18.6076215275837,Torun,2000,9,29,34.18,12.5
53.0077807883911,18.6076215275837,Torun,2000,9,30,34.29,12.8
53.0077807883911,18.6076215275837,Torun,2000,10,1,34.1,12.9
53.0077807883911,18.6076215275837,Torun,2000,10,2,33.86,12.7
53.0077807883911,18.6076215275837,Torun,2000,10,3,34.17,13.3
53.0077807883911,18.6076215275837,Torun,2000,10,4,34.22,13.4
53.0077807883911,18.6076215275837,Torun,2000,10,5,34.38,13.4
53.0077807883911,18.6076215275837,Torun,2000,10,6,34.44,14.0
53.0077807883911,18.6076215275837,Torun,2000,10,7,34.44,14.3
53.0077807883911,18.6076215275837,Torun,2000,10,8,34.12,14.1
53.0077807883911,18.6076215275837,Torun,2000,10,9,34.13,14.2
53.0077807883911,18.6076215275837,Torun,2000,10,10,34.11,13.0
53.0077807883911,18.6076215275837,Torun,2000,10,11,34.14,12.7
53.0077807883911,18.6076215275837,Torun,2000,10,12,34.17,12.9
53.0077807883911,18.6076215275837,Torun,2000,10,13,34.09,13.1
53.0077807883911,18.6076215275837,Torun,2000,10,14,34.29,13.0
53.0077807883911,18.6076215275837,Torun,2000,10,15,34.1,12.9
53.0077807883911,18.6076215275837,Torun,2000,10,16,33.97,12.8
53.0077807883911,18.6076215275837,Torun,2000,10,17,34.16,12.6
53.0077807883911,18.6076215275837,Torun,2000,10,18,34.09,12.9
53.0077807883911,18.6076215275837,Torun,2000,10,19,34.17,13.0
53.0077807883911,18.6076215275837,Torun,2000,10,20,34.18,12.6
53.0077807883911,18.6076215275837,Torun,2000,10,21,34.11,12.4
53.0077807883911,18.6076215275837,Torun,2000,10,22,33.94,10.7
53.0077807883911,18.6076215275837,Torun,2000,10,23,33.92,10.2
53.0077807883911,18.6076215275837,Torun,2000,10,24,33.84,9.9
53.0077807883911,18.6076215275837,Torun,2000,10,25,33.83,10.3
53.0077807883911,18.6076215275837,Torun,2000,10,26,33.8,10.1
53.0077807883911,18.6076215275837,Torun,2000,10,27,34.14,9.9
53.0077807883911,18.6076215275837,Torun,2000,10,28,34.24,9.9
53.0077807883911,18.6076215275837,Torun,2000,10,29,33.79,9.9
53.0077807883911,18.6076215275837,Torun,2000,10,30,33.74,9.8
53.0077807883911,18.6076215275837,Torun,2000,10,31,33.91,9.8
53.0077807883911,18.6076215275837,Torun,2000,11,1,34.11,9.9
53.0077807883911,18.6076215275837,Torun,2000,11,2,33.93,9.7
53.0077807883911,18.6076215275837,Torun,2000,11,3,34.12,9.1
53.0077807883911,18.6076215275837,Torun,2000,11,4,34.18,8.9
53.0077807883911,18.6076215275837,Torun,2000,11,5,33.94,8.8
53.0077807883911,18.6076215275837,Torun,2000,11,6,33.95,8.2
53.0077807883911,18.6076215275837,Torun,2000,11,7,34.46,8.7
53.0077807883911,18.6076215275837,Torun,2000,11,8,34.08,8.8
53.0077807883911,18.6076215275837,Torun,2000,11,9,34.24,8.7
53.0077807883911,18.6076215275837,Torun,2000,11,10,34.26,8.5
53.0077807883911,18.6076215275837,Torun,2000,11,11,34.03,7.4
53.0077807883911,18.6076215275837,Torun,2000,11,12,34.08,7.1
53.0077807883911,18.6076215275837,Torun,2000,11,13,34.34,7.0
53.0077807883911,18.6076215275837,Torun,2000,11,14,34.62,7.4
53.0077807883911,18.6076215275837,Torun,2000,11,15,34.25,7.3
53.0077807883911,18.6076215275837,Torun,2000,11,16,34.32,7.2
53.0077807883911,18.6076215275837,Torun,2000,11,17,34.42,7.0
53.0077807883911,18.6076215275837,Torun,2000,11,18,34.42,6.8
53.0077807883911,18.6076215275837,Torun,2000,11,19,34.17,6.7
53.0077807883911,18.6076215275837,Torun,2000,11,20,34.28,6.7
53.0077807883911,18.6076215275837,Torun,2000,11,21,34.58,6.4
53.0077807883911,18.6076215275837,Torun,2000,11,22,34.37,6.3
53.0077807883911,18.6076215275837,Torun,2000,11,23,33.98,6.5
53.0077807883911,18.6076215275837,Torun,2000,11,24,34.5,6.3
53.0077807883911,18.6076215275837,Torun,2000,11,25,34.78,6.3
53.0077807883911,18.6076215275837,Torun,2000,11,26,33.95,6.3
53.0077807883911,18.6076215275837,Torun,2000,11,27,34.16,6.3
53.0077807883911,18.6076215275837,Torun,2000,11,28,34.31,6.2
53.0077807883911,18.6076215275837,Torun,2000,11,29,34.29,6.2
53.0077807883911,18.6076215275837,Torun,2000,11,30,34.21,6.1
53.0077807883911,18.6076215275837,Torun,2001,5,1,37.7,12.7
53.0077807883911,18.6076215275837,Torun,2001,5,2,38.04,13.3
53.0077807883911,18.6076215275837,Torun,2001,5,3,38.14,14.1
53.0077807883911,18.6076215275837,Torun,2001,5,4,37.66,14.3
53.0077807883911,18.6076215275837,Torun,2001,5,5,37.0,15.9
53.0077807883911,18.6076215275837,Torun,2001,5,6,36.59,16.6
53.0077807883911,18.6076215275837,Torun,2001,5,7,36.26,16.1
53.0077807883911,18.6076215275837,Torun,2001,5,8,36.07,16.9
53.0077807883911,18.6076215275837,Torun,2001,5,9,36.11,17.5
53.0077807883911,18.6076215275837,Torun,2001,5,10,35.83,17.7
53.0077807883911,18.6076215275837,Torun,2001,5,11,35.44,17.9
53.0077807883911,18.6076215275837,Torun,2001,5,12,35.48,17.3
53.0077807883911,18.6076215275837,Torun,2001,5,13,35.56,16.8
53.0077807883911,18.6076215275837,Torun,2001,5,14,34.98,17.7
53.0077807883911,18.6076215275837,Torun,2001,5,15,35.32,17.9
53.0077807883911,18.6076215275837,Torun,2001,5,16,35.32,18.1
53.0077807883911,18.6076215275837,Torun,2001,5,17,35.24,18.1
53.0077807883911,18.6076215275837,Torun,2001,5,18,35.24,18.1
53.0077807883911,18.6076215275837,Torun,2001,5,19,35.25,17.2
53.0077807883911,18.6076215275837,Torun,2001,5,20,34.52,16.1
53.0077807883911,18.6076215275837,Torun,2001,5,21,34.83,16.6
53.0077807883911,18.6076215275837,Torun,2001,5,22,35.08,16.3
53.0077807883911,18.6076215275837,Torun,2001,5,23,34.98,16.5
53.0077807883911,18.6076215275837,Torun,2001,5,24,34.87,17.0
53.0077807883911,18.6076215275837,Torun,2001,5,25,34.84,17.1
53.0077807883911,18.6076215275837,Torun,2001,5,26,34.76,16.7
53.0077807883911,18.6076215275837,Torun,2001,5,27,34.48,17.1
53.0077807883911,18.6076215275837,Torun,2001,5,28,34.54,17.4
53.0077807883911,18.6076215275837,Torun,2001,5,29,34.75,16.9
53.0077807883911,18.6076215275837,Torun,2001,5,30,34.66,16.3
53.0077807883911,18.6076215275837,Torun,2001,5,31,34.91,16.1
53.0077807883911,18.6076215275837,Torun,2001,6,1,34.67,16.4
53.0077807883911,18.6076215275837,Torun,2001,6,2,34.5,16.1
53.0077807883911,18.6076215275837,Torun,2001,6,3,34.3,15.9
53.0077807883911,18.6076215275837,Torun,2001,6,4,34.19,15.2
53.0077807883911,18.6076215275837,Torun,2001,6,5,34.39,15.0
53.0077807883911,18.6076215275837,Torun,2001,6,6,34.48,15.5
53.0077807883911,18.6076215275837,Torun,2001,6,7,34.56,15.9
53.0077807883911,18.6076215275837,Torun,2001,6,8,34.82,16.7
53.0077807883911,18.6076215275837,Torun,2001,6,9,34.52,17.0
53.0077807883911,18.6076215275837,Torun,2001,6,10,34.2,16.5
53.0077807883911,18.6076215275837,Torun,2001,6,11,34.2,16.3
53.0077807883911,18.6076215275837,Torun,2001,6,12,34.45,16.1
53.0077807883911,18.6076215275837,Torun,2001,6,13,34.41,16.4
53.0077807883911,18.6076215275837,Torun,2001,6,14,34.67,16.6
53.0077807883911,18.6076215275837,Torun,2001,6,15,34.5,17.1
53.0077807883911,18.6076215275837,Torun,2001,6,16,34.7,17.3
53.0077807883911,18.6076215275837,Torun,2001,6,17,34.32,17.5
53.0077807883911,18.6076215275837,Torun,2001,6,18,34.18,17.3
53.0077807883911,18.6076215275837,Torun,2001,6,19,34.28,17.2
53.0077807883911,18.6076215275837,Torun,2001,6,20,34.27,17.0
53.0077807883911,18.6076215275837,Torun,2001,6,21,34.38,17.9
53.0077807883911,18.6076215275837,Torun,2001,6,22,34.63,18.0
53.0077807883911,18.6076215275837,Torun,2001,6,23,34.77,17.7
53.0077807883911,18.6076215275837,Torun,2001,6,24,34.16,17.7
53.0077807883911,18.6076215275837,Torun,2001,6,25,34.96,18.3
53.0077807883911,18.6076215275837,Torun,2001,6,26,35.99,18.6
53.0077807883911,18.6076215275837,Torun,2001,6,27,36.11,18.7
53.0077807883911,18.6076215275837,Torun,2001,6,28,36.12,19.6
53.0077807883911,18.6076215275837,Torun,2001,6,29,35.84,20.2
53.0077807883911,18.6076215275837,Torun,2001,6,30,36.37,20.3
53.0077807883911,18.6076215275837,Torun,2001,7,1,36.65,20.7
53.0077807883911,18.6076215275837,Torun,2001,7,2,36.51,20.3
53.0077807883911,18.6076215275837,Torun,2001,7,3,36.1,20.4
53.0077807883911,18.6076215275837,Torun,2001,7,4,35.47,20.7
53.0077807883911,18.6076215275837,Torun,2001,7,5,34.98,21.5
53.0077807883911,18.6076215275837,Torun,2001,7,6,35.22,22.0
53.0077807883911,18.6076215275837,Torun,2001,7,7,35.25,22.5
53.0077807883911,18.6076215275837,Torun,2001,7,8,35.39,22.9
53.0077807883911,18.6076215275837,Torun,2001,7,9,35.28,22.3
53.0077807883911,18.6076215275837,Torun,2001,7,10,35.78,21.8
53.0077807883911,18.6076215275837,Torun,2001,7,11,35.77,21.7
53.0077807883911,18.6076215275837,Torun,2001,7,12,35.23,21.7
53.0077807883911,18.6076215275837,Torun,2001,7,13,35.05,21.8
53.0077807883911,18.6076215275837,Torun,2001,7,14,35.16,21.8
53.0077807883911,18.6076215275837,Torun,2001,7,15,34.83,22.3
53.0077807883911,18.6076215275837,Torun,2001,7,16,34.58,22.5
53.0077807883911,18.6076215275837,Torun,2001,7,17,34.97,22.9
53.0077807883911,18.6076215275837,Torun,2001,7,18,35.01,22.6
53.0077807883911,18.6076215275837,Torun,2001,7,19,34.96,21.5
53.0077807883911,18.6076215275837,Torun,2001,7,20,34.96,22.3
53.0077807883911,18.6076215275837,Torun,2001,7,21,34.89,22.1
53.0077807883911,18.6076215275837,Torun,2001,7,22,34.67,22.0
53.0077807883911,18.6076215275837,Torun,2001,7,23,34.67,22.3
53.0077807883911,18.6076215275837,Torun,2001,7,24,34.92,22.5
53.0077807883911,18.6076215275837,Torun,2001,7,25,35.63,22.4
53.0077807883911,18.6076215275837,Torun,2001,7,26,35.74,22.5
53.0077807883911,18.6076215275837,Torun,2001,7,27,35.67,22.5
53.0077807883911,18.6076215275837,Torun,2001,7,28,36.04,22.3
53.0077807883911,18.6076215275837,Torun,2001,7,29,36.26,22.3
53.0077807883911,18.6076215275837,Torun,2001,7,30,36.65,22.7
53.0077807883911,18.6076215275837,Torun,2001,7,31,37.58,22.7
53.0077807883911,18.6076215275837,Torun,2001,8,1,38.74,19.9
53.0077807883911,18.6076215275837,Torun,2001,8,2,39.36,20.7
53.0077807883911,18.6076215275837,Torun,2001,8,3,39.25,20.5
53.0077807883911,18.6076215275837,Torun,2001,8,4,38.74,21.1
53.0077807883911,18.6076215275837,Torun,2001,8,5,38.5,21.0
53.0077807883911,18.6076215275837,Torun,2001,8,6,37.98,20.6
53.0077807883911,18.6076215275837,Torun,2001,8,7,37.26,21.2
53.0077807883911,18.6076215275837,Torun,2001,8,8,36.59,21.1
53.0077807883911,18.6076215275837,Torun,2001,8,9,36.33,21.1
53.0077807883911,18.6076215275837,Torun,2001,8,10,36.33,21.5
53.0077807883911,18.6076215275837,Torun,2001,8,11,36.5,20.8
53.0077807883911,18.6076215275837,Torun,2001,8,12,36.47,20.7
53.0077807883911,18.6076215275837,Torun,2001,8,13,36.14,20.7
53.0077807883911,18.6076215275837,Torun,2001,8,14,35.91,20.6
53.0077807883911,18.6076215275837,Torun,2001,8,15,35.93,20.5
53.0077807883911,18.6076215275837,Torun,2001,8,16,35.6,21.3
53.0077807883911,18.6076215275837,Torun,2001,8,17,35.6,22.0
53.0077807883911,18.6076215275837,Torun,2001,8,18,35.57,22.1
53.0077807883911,18.6076215275837,Torun,2001,8,19,35.56,22.1
53.0077807883911,18.6076215275837,Torun,2001,8,20,35.2,23.0
53.0077807883911,18.6076215275837,Torun,2001,8,21,35.1,23.1
53.0077807883911,18.6076215275837,Torun,2001,8,22,35.14,23.2
53.0077807883911,18.6076215275837,Torun,2001,8,23,35.1,23.2
53.0077807883911,18.6076215275837,Torun,2001,8,24,34.99,22.8
53.0077807883911,18.6076215275837,Torun,2001,8,25,34.88,23.3
53.0077807883911,18.6076215275837,Torun,2001,8,26,34.68,23.1
53.0077807883911,18.6076215275837,Torun,2001,8,27,34.65,23.5
53.0077807883911,18.6076215275837,Torun,2001,8,28,34.83,22.0
53.0077807883911,18.6076215275837,Torun,2001,8,29,34.83,20.5
53.0077807883911,18.6076215275837,Torun,2001,8,30,34.85,20.7
53.0077807883911,18.6076215275837,Torun,2001,8,31,34.88,20.5
53.0077807883911,18.6076215275837,Torun,2001,9,1,34.74,20.0
53.0077807883911,18.6076215275837,Torun,2001,9,2,34.22,18.7
53.0077807883911,18.6076215275837,Torun,2001,9,3,34.62,18.1
53.0077807883911,18.6076215275837,Torun,2001,9,4,34.8,18.0
53.0077807883911,18.6076215275837,Torun,2001,9,5,34.53,18.1
53.0077807883911,18.6076215275837,Torun,2001,9,6,34.52,17.7
53.0077807883911,18.6076215275837,Torun,2001,9,7,34.66,17.9
53.0077807883911,18.6076215275837,Torun,2001,9,8,34.66,17.3
53.0077807883911,18.6076215275837,Torun,2001,9,9,34.42,15.5
53.0077807883911,18.6076215275837,Torun,2001,9,10,34.42,14.9
53.0077807883911,18.6076215275837,Torun,2001,9,11,34.78,14.5
53.0077807883911,18.6076215275837,Torun,2001,9,12,34.7,14.9
53.0077807883911,18.6076215275837,Torun,2001,9,13,34.71,14.8
53.0077807883911,18.6076215275837,Torun,2001,9,14,34.86,14.7
53.0077807883911,18.6076215275837,Torun,2001,9,15,34.97,14.5
53.0077807883911,18.6076215275837,Torun,2001,9,16,34.88,14.4
53.0077807883911,18.6076215275837,Torun,2001,9,17,35.02,13.8
53.0077807883911,18.6076215275837,Torun,2001,9,18,35.11,14.0
53.0077807883911,18.6076215275837,Torun,2001,9,19,35.11,14.0
53.0077807883911,18.6076215275837,Torun,2001,9,20,35.16,14.1
53.0077807883911,18.6076215275837,Torun,2001,9,21,35.12,14.2
53.0077807883911,18.6076215275837,Torun,2001,9,22,35.33,14.3
53.0077807883911,18.6076215275837,Torun,2001,9,23,35.78,14.5
53.0077807883911,18.6076215275837,Torun,2001,9,24,35.63,14.3
53.0077807883911,18.6076215275837,Torun,2001,9,25,35.7,14.5
53.0077807883911,18.6076215275837,Torun,2001,9,26,35.8,14.3
53.0077807883911,18.6076215275837,Torun,2001,9,27,35.86,14.0
53.0077807883911,18.6076215275837,Torun,2001,9,28,35.78,13.9
53.0077807883911,18.6076215275837,Torun,2001,9,29,35.78,13.1
53.0077807883911,18.6076215275837,Torun,2001,9,30,35.85,13.1
53.0077807883911,18.6076215275837,Torun,2001,10,1,36.01,13.1
53.0077807883911,18.6076215275837,Torun,2001,10,2,36.02,12.9
53.0077807883911,18.6076215275837,Torun,2001,10,3,36.02,13.3
53.0077807883911,18.6076215275837,Torun,2001,10,4,35.99,13.5
53.0077807883911,18.6076215275837,Torun,2001,10,5,35.7,13.3
53.0077807883911,18.6076215275837,Torun,2001,10,6,35.7,13.7
53.0077807883911,18.6076215275837,Torun,2001,10,7,35.69,13.9
53.0077807883911,18.6076215275837,Torun,2001,10,8,35.32,14.3
53.0077807883911,18.6076215275837,Torun,2001,10,9,35.36,14.3
53.0077807883911,18.6076215275837,Torun,2001,10,10,35.45,14.4
53.0077807883911,18.6076215275837,Torun,2001,10,11,35.64,14.3
53.0077807883911,18.6076215275837,Torun,2001,10,12,35.56,14.2
53.0077807883911,18.6076215275837,Torun,2001,10,13,35.57,14.1
53.0077807883911,18.6076215275837,Torun,2001,10,14,35.13,13.9
53.0077807883911,18.6076215275837,Torun,2001,10,15,35.12,14.0
53.0077807883911,18.6076215275837,Torun,2001,10,16,35.07,13.5
53.0077807883911,18.6076215275837,Torun,2001,10,17,34.93,13.4
53.0077807883911,18.6076215275837,Torun,2001,10,18,34.87,13.4
53.0077807883911,18.6076215275837,Torun,2001,10,19,34.96,13.1
53.0077807883911,18.6076215275837,Torun,2001,10,20,35.0,12.8
53.0077807883911,18.6076215275837,Torun,2001,10,21,34.94,12.3
53.0077807883911,18.6076215275837,Torun,2001,10,22,34.91,12.4
53.0077807883911,18.6076215275837,Torun,2001,10,23,34.76,12.3
53.0077807883911,18.6076215275837,Torun,2001,10,24,34.87,10.9
53.0077807883911,18.6076215275837,Torun,2001,10,25,34.89,10.6
53.0077807883911,18.6076215275837,Torun,2001,10,26,34.93,9.9
53.0077807883911,18.6076215275837,Torun,2001,10,27,35.06,9.6
53.0077807883911,18.6076215275837,Torun,2001,10,28,34.68,9.3
53.0077807883911,18.6076215275837,Torun,2001,10,29,34.6,8.9
53.0077807883911,18.6076215275837,Torun,2001,10,30,34.86,8.7
53.0077807883911,18.6076215275837,Torun,2001,10,31,34.9,9.4
53.0077807883911,18.6076215275837,Torun,2001,11,1,34.92,9.2
53.0077807883911,18.6076215275837,Torun,2001,11,2,34.63,8.3
53.0077807883911,18.6076215275837,Torun,2001,11,3,35.07,8.4
53.0077807883911,18.6076215275837,Torun,2001,11,4,34.67,8.7
53.0077807883911,18.6076215275837,Torun,2001,11,5,34.8,8.5
53.0077807883911,18.6076215275837,Torun,2001,11,6,35.0,7.6
53.0077807883911,18.6076215275837,Torun,2001,11,7,35.08,7.2
53.0077807883911,18.6076215275837,Torun,2001,11,8,34.94,7.3
53.0077807883911,18.6076215275837,Torun,2001,11,9,34.78,7.1
53.0077807883911,18.6076215275837,Torun,2001,11,10,34.82,6.1
53.0077807883911,18.6076215275837,Torun,2001,11,11,34.62,5.3
53.0077807883911,18.6076215275837,Torun,2001,11,12,34.64,5.4
53.0077807883911,18.6076215275837,Torun,2001,11,13,34.93,5.5
53.0077807883911,18.6076215275837,Torun,2001,11,14,34.84,4.1
53.0077807883911,18.6076215275837,Torun,2001,11,15,34.84,3.9
53.0077807883911,18.6076215275837,Torun,2001,11,16,34.95,3.6
53.0077807883911,18.6076215275837,Torun,2001,11,17,34.93,3.9
53.0077807883911,18.6076215275837,Torun,2001,11,18,34.8,3.9
53.0077807883911,18.6076215275837,Torun,2001,11,19,34.53,3.5
53.0077807883911,18.6076215275837,Torun,2001,11,20,34.85,3.3
53.0077807883911,18.6076215275837,Torun,2001,11,21,34.85,3.9
53.0077807883911,18.6076215275837,Torun,2001,11,22,34.92,3.8
53.0077807883911,18.6076215275837,Torun,2001,11,23,34.92,3.7
53.0077807883911,18.6076215275837,Torun,2001,11,24,34.75,3.3
53.0077807883911,18.6076215275837,Torun,2001,11,25,34.61,3.2
53.0077807883911,18.6076215275837,Torun,2001,11,26,34.77,2.5
53.0077807883911,18.6076215275837,Torun,2001,11,27,34.97,2.5
53.0077807883911,18.6076215275837,Torun,2001,11,28,35.0,2.1
53.0077807883911,18.6076215275837,Torun,2001,11,29,34.96,2.0
53.0077807883911,18.6076215275837,Torun,2001,11,30,34.91,2.1
53.0077807883911,18.6076215275837,Torun,2002,5,1,34.73,13.6
53.0077807883911,18.6076215275837,Torun,2002,5,2,34.86,13.8
53.0077807883911,18.6076215275837,Torun,2002,5,3,34.83,15.0
53.0077807883911,18.6076215275837,Torun,2002,5,4,34.7,16.2
53.0077807883911,18.6076215275837,Torun,2002,5,5,34.76,17.2
53.0077807883911,18.6076215275837,Torun,2002,5,6,34.69,17.6
53.0077807883911,18.6076215275837,Torun,2002,5,7,34.65,17.8
53.0077807883911,18.6076215275837,Torun,2002,5,8,34.62,18.4
53.0077807883911,18.6076215275837,Torun,2002,5,9,34.6,19.3
53.0077807883911,18.6076215275837,Torun,2002,5,10,34.48,19.7
53.0077807883911,18.6076215275837,Torun,2002,5,11,34.53,19.7
53.0077807883911,18.6076215275837,Torun,2002,5,12,34.37,19.6
53.0077807883911,18.6076215275837,Torun,2002,5,13,34.42,19.4
53.0077807883911,18.6076215275837,Torun,2002,5,14,34.31,19.6
53.0077807883911,18.6076215275837,Torun,2002,5,15,34.36,19.7
53.0077807883911,18.6076215275837,Torun,2002,5,16,34.31,18.6
53.0077807883911,18.6076215275837,Torun,2002,5,17,34.3,18.6
53.0077807883911,18.6076215275837,Torun,2002,5,18,34.32,18.2
53.0077807883911,18.6076215275837,Torun,2002,5,19,34.32,18.1
53.0077807883911,18.6076215275837,Torun,2002,5,20,34.18,18.6
53.0077807883911,18.6076215275837,Torun,2002,5,21,34.1,18.3
53.0077807883911,18.6076215275837,Torun,2002,5,22,34.18,18.3
53.0077807883911,18.6076215275837,Torun,2002,5,23,34.2,19.4
53.0077807883911,18.6076215275837,Torun,2002,5,24,34.15,19.5
53.0077807883911,18.6076215275837,Torun,2002,5,25,34.15,19.7
53.0077807883911,18.6076215275837,Torun,2002,5,26,34.19,19.7
53.0077807883911,18.6076215275837,Torun,2002,5,27,34.07,19.4
53.0077807883911,18.6076215275837,Torun,2002,5,28,34.07,19.2
53.0077807883911,18.6076215275837,Torun,2002,5,29,34.22,19.9
53.0077807883911,18.6076215275837,Torun,2002,5,30,34.17,18.4
53.0077807883911,18.6076215275837,Torun,2002,5,31,34.2,18.6
53.0077807883911,18.6076215275837,Torun,2002,6,1,34.28,18.2
53.0077807883911,18.6076215275837,Torun,2002,6,2,34.51,17.8
53.0077807883911,18.6076215275837,Torun,2002,6,3,34.98,17.3
53.0077807883911,18.6076215275837,Torun,2002,6,4,34.99,18.5
53.0077807883911,18.6076215275837,Torun,2002,6,5,35.34,18.7
53.0077807883911,18.6076215275837,Torun,2002,6,6,35.78,19.3
53.0077807883911,18.6076215275837,Torun,2002,6,7,35.81,19.4
53.0077807883911,18.6076215275837,Torun,2002,6,8,35.72,18.6
53.0077807883911,18.6076215275837,Torun,2002,6,9,35.5,18.2
53.0077807883911,18.6076215275837,Torun,2002,6,10,35.68,17.8
53.0077807883911,18.6076215275837,Torun,2002,6,11,35.51,17.7
53.0077807883911,18.6076215275837,Torun,2002,6,12,35.23,17.6
53.0077807883911,18.6076215275837,Torun,2002,6,13,34.97,18.2
53.0077807883911,18.6076215275837,Torun,2002,6,14,35.24,17.7
53.0077807883911,18.6076215275837,Torun,2002,6,15,35.4,17.6
53.0077807883911,18.6076215275837,Torun,2002,6,16,35.65,17.5
53.0077807883911,18.6076215275837,Torun,2002,6,17,35.85,18.9
53.0077807883911,18.6076215275837,Torun,2002,6,18,36.08,19.6
53.0077807883911,18.6076215275837,Torun,2002,6,19,36.11,20.9
53.0077807883911,18.6076215275837,Torun,2002,6,20,36.02,21.5
53.0077807883911,18.6076215275837,Torun,2002,6,21,35.64,22.3
53.0077807883911,18.6076215275837,Torun,2002,6,22,35.17,22.4
53.0077807883911,18.6076215275837,Torun,2002,6,23,34.94,22.5
53.0077807883911,18.6076215275837,Torun,2002,6,24,34.84,21.9
53.0077807883911,18.6076215275837,Torun,2002,6,25,34.68,22.0
53.0077807883911,18.6076215275837,Torun,2002,6,26,34.66,21.9
53.0077807883911,18.6076215275837,Torun,2002,6,27,34.55,21.9
53.0077807883911,18.6076215275837,Torun,2002,6,28,34.5,21.5
53.0077807883911,18.6076215275837,Torun,2002,6,29,34.49,20.7
53.0077807883911,18.6076215275837,Torun,2002,6,30,34.47,20.1
53.0077807883911,18.6076215275837,Torun,2002,7,1,34.69,19.5
53.0077807883911,18.6076215275837,Torun,2002,7,2,34.34,19.4
53.0077807883911,18.6076215275837,Torun,2002,7,3,34.26,19.1
53.0077807883911,18.6076215275837,Torun,2002,7,4,34.36,20.7
53.0077807883911,18.6076215275837,Torun,2002,7,5,34.38,19.7
53.0077807883911,18.6076215275837,Torun,2002,7,6,34.6,19.3
53.0077807883911,18.6076215275837,Torun,2002,7,7,34.38,20.4
53.0077807883911,18.6076215275837,Torun,2002,7,8,34.38,21.1
53.0077807883911,18.6076215275837,Torun,2002,7,9,34.44,21.5
53.0077807883911,18.6076215275837,Torun,2002,7,10,34.35,22.5
53.0077807883911,18.6076215275837,Torun,2002,7,11,34.3,23.1
53.0077807883911,18.6076215275837,Torun,2002,7,12,34.18,21.4
53.0077807883911,18.6076215275837,Torun,2002,7,13,34.2,22.1
53.0077807883911,18.6076215275837,Torun,2002,7,14,34.19,22.8
53.0077807883911,18.6076215275837,Torun,2002,7,15,34.25,23.4
53.0077807883911,18.6076215275837,Torun,2002,7,16,34.24,23.3
53.0077807883911,18.6076215275837,Torun,2002,7,17,34.16,23.7
53.0077807883911,18.6076215275837,Torun,2002,7,18,34.08,23.4
53.0077807883911,18.6076215275837,Torun,2002,7,19,34.04,24.0
53.0077807883911,18.6076215275837,Torun,2002,7,20,34.04,22.7
53.0077807883911,18.6076215275837,Torun,2002,7,21,34.08,22.4
53.0077807883911,18.6076215275837,Torun,2002,7,22,34.24,23.3
53.0077807883911,18.6076215275837,Torun,2002,7,23,34.64,21.6
53.0077807883911,18.6076215275837,Torun,2002,7,24,35.06,21.3
53.0077807883911,18.6076215275837,Torun,2002,7,25,35.02,21.1
53.0077807883911,18.6076215275837,Torun,2002,7,26,34.77,20.4
53.0077807883911,18.6076215275837,Torun,2002,7,27,34.79,20.4
53.0077807883911,18.6076215275837,Torun,2002,7,28,34.78,20.7
53.0077807883911,18.6076215275837,Torun,2002,7,29,34.78,21.5
53.0077807883911,18.6076215275837,Torun,2002,7,30,34.43,22.3
53.0077807883911,18.6076215275837,Torun,2002,7,31,34.26,22.5
53.0077807883911,18.6076215275837,Torun,2002,8,1,34.31,23.3
53.0077807883911,18.6076215275837,Torun,2002,8,2,34.24,23.7
53.0077807883911,18.6076215275837,Torun,2002,8,3,34.06,23.8
53.0077807883911,18.6076215275837,Torun,2002,8,4,34.01,22.9
53.0077807883911,18.6076215275837,Torun,2002,8,5,34.13,23.1
53.0077807883911,18.6076215275837,Torun,2002,8,6,34.12,23.6
53.0077807883911,18.6076215275837,Torun,2002,8,7,34.11,23.1
53.0077807883911,18.6076215275837,Torun,2002,8,8,34.11,22.9
53.0077807883911,18.6076215275837,Torun,2002,8,9,34.21,23.7
53.0077807883911,18.6076215275837,Torun,2002,8,10,34.2,23.8
53.0077807883911,18.6076215275837,Torun,2002,8,11,34.12,22.9
53.0077807883911,18.6076215275837,Torun,2002,8,12,34.12,23.6
53.0077807883911,18.6076215275837,Torun,2002,8,13,34.1,22.4
53.0077807883911,18.6076215275837,Torun,2002,8,14,33.98,22.1
53.0077807883911,18.6076215275837,Torun,2002,8,15,33.92,22.0
53.0077807883911,18.6076215275837,Torun,2002,8,16,34.09,22.2
53.0077807883911,18.6076215275837,Torun,2002,8,17,34.11,22.2
53.0077807883911,18.6076215275837,Torun,2002,8,18,33.96,22.4
53.0077807883911,18.6076215275837,Torun,2002,8,19,34.12,22.7
53.0077807883911,18.6076215275837,Torun,2002,8,20,34.33,22.3
53.0077807883911,18.6076215275837,Torun,2002,8,21,34.58,22.0
53.0077807883911,18.6076215275837,Torun,2002,8,22,35.12,22.1
53.0077807883911,18.6076215275837,Torun,2002,8,23,35.3,22.5
53.0077807883911,18.6076215275837,Torun,2002,8,24,34.98,22.3
53.0077807883911,18.6076215275837,Torun,2002,8,25,35.02,22.4
53.0077807883911,18.6076215275837,Torun,2002,8,26,34.64,22.1
53.0077807883911,18.6076215275837,Torun,2002,8,27,34.36,21.9
53.0077807883911,18.6076215275837,Torun,2002,8,28,33.94,21.5
53.0077807883911,18.6076215275837,Torun,2002,8,29,34.22,21.7
53.0077807883911,18.6076215275837,Torun,2002,8,30,34.29,22.3
53.0077807883911,18.6076215275837,Torun,2002,8,31,34.11,22.4
53.0077807883911,18.6076215275837,Torun,2002,9,1,33.92,22.4
53.0077807883911,18.6076215275837,Torun,2002,9,2,33.84,22.0
53.0077807883911,18.6076215275837,Torun,2002,9,3,33.78,20.4
53.0077807883911,18.6076215275837,Torun,2002,9,4,33.78,20.4
53.0077807883911,18.6076215275837,Torun,2002,9,5,34.0,20.5
53.0077807883911,18.6076215275837,Torun,2002,9,6,33.84,20.4
53.0077807883911,18.6076215275837,Torun,2002,9,7,33.71,21.3
53.0077807883911,18.6076215275837,Torun,2002,9,8,33.7,20.9
53.0077807883911,18.6076215275837,Torun,2002,9,9,33.8,21.0
53.0077807883911,18.6076215275837,Torun,2002,9,10,33.83,21.1
53.0077807883911,18.6076215275837,Torun,2002,9,11,33.77,20.9
53.0077807883911,18.6076215275837,Torun,2002,9,12,33.76,19.5
53.0077807883911,18.6076215275837,Torun,2002,9,13,33.72,18.6
53.0077807883911,18.6076215275837,Torun,2002,9,14,33.66,18.0
53.0077807883911,18.6076215275837,Torun,2002,9,15,33.73,17.5
53.0077807883911,18.6076215275837,Torun,2002,9,16,33.78,17.3
53.0077807883911,18.6076215275837,Torun,2002,9,17,33.83,17.0
53.0077807883911,18.6076215275837,Torun,2002,9,18,33.86,16.8
53.0077807883911,18.6076215275837,Torun,2002,9,19,33.94,16.3
53.0077807883911,18.6076215275837,Torun,2002,9,20,33.76,16.1
53.0077807883911,18.6076215275837,Torun,2002,9,21,33.69,15.8
53.0077807883911,18.6076215275837,Torun,2002,9,22,33.66,15.6
53.0077807883911,18.6076215275837,Torun,2002,9,23,33.79,14.7
53.0077807883911,18.6076215275837,Torun,2002,9,24,33.99,13.9
53.0077807883911,18.6076215275837,Torun,2002,9,25,33.98,13.4
53.0077807883911,18.6076215275837,Torun,2002,9,26,33.88,13.8
53.0077807883911,18.6076215275837,Torun,2002,9,27,33.93,13.7
53.0077807883911,18.6076215275837,Torun,2002,9,28,33.83,12.4
53.0077807883911,18.6076215275837,Torun,2002,9,29,33.66,13.0
53.0077807883911,18.6076215275837,Torun,2002,9,30,33.66,13.2
53.0077807883911,18.6076215275837,Torun,2002,10,1,33.9,13.3
53.0077807883911,18.6076215275837,Torun,2002,10,2,34.28,13.4
53.0077807883911,18.6076215275837,Torun,2002,10,3,34.86,13.1
53.0077807883911,18.6076215275837,Torun,2002,10,4,33.89,13.1
53.0077807883911,18.6076215275837,Torun,2002,10,5,34.16,12.9
53.0077807883911,18.6076215275837,Torun,2002,10,6,34.32,12.6
53.0077807883911,18.6076215275837,Torun,2002,10,7,34.19,12.1
53.0077807883911,18.6076215275837,Torun,2002,10,8,34.2,11.9
53.0077807883911,18.6076215275837,Torun,2002,10,9,34.31,11.3
53.0077807883911,18.6076215275837,Torun,2002,10,10,34.22,10.7
53.0077807883911,18.6076215275837,Torun,2002,10,11,34.12,10.3
53.0077807883911,18.6076215275837,Torun,2002,10,12,33.96,9.4
53.0077807883911,18.6076215275837,Torun,2002,10,13,34.16,8.2
53.0077807883911,18.6076215275837,Torun,2002,10,14,34.16,7.4
53.0077807883911,18.6076215275837,Torun,2002,10,15,34.17,7.3
53.0077807883911,18.6076215275837,Torun,2002,10,16,34.25,7.1
53.0077807883911,18.6076215275837,Torun,2002,10,17,34.08,7.9
53.0077807883911,18.6076215275837,Torun,2002,10,18,34.18,8.8
53.0077807883911,18.6076215275837,Torun,2002,10,19,34.34,7.9
53.0077807883911,18.6076215275837,Torun,2002,10,20,34.73,6.6
53.0077807883911,18.6076215275837,Torun,2002,10,21,34.78,6.9
53.0077807883911,18.6076215275837,Torun,2002,10,22,34.8,7.1
53.0077807883911,18.6076215275837,Torun,2002,10,23,34.6,8.1
53.0077807883911,18.6076215275837,Torun,2002,10,24,34.99,8.2
53.0077807883911,18.6076215275837,Torun,2002,10,25,35.14,7.7
53.0077807883911,18.6076215275837,Torun,2002,10,26,35.32,7.9
53.0077807883911,18.6076215275837,Torun,2002,10,27,34.96,8.5
53.0077807883911,18.6076215275837,Torun,2002,10,28,34.79,8.7
53.0077807883911,18.6076215275837,Torun,2002,10,29,34.84,8.0
53.0077807883911,18.6076215275837,Torun,2002,10,30,35.31,8.0
53.0077807883911,18.6076215275837,Torun,2002,10,31,35.18,7.7
53.0077807883911,18.6076215275837,Torun,2002,11,1,35.14,7.4
53.0077807883911,18.6076215275837,Torun,2002,11,2,35.23,7.3
53.0077807883911,18.6076215275837,Torun,2002,11,3,35.26,6.7
53.0077807883911,18.6076215275837,Torun,2002,11,4,35.47,6.2
53.0077807883911,18.6076215275837,Torun,2002,11,5,35.15,6.0
53.0077807883911,18.6076215275837,Torun,2002,11,6,35.29,5.2
53.0077807883911,18.6076215275837,Torun,2002,11,7,35.29,4.8
53.0077807883911,18.6076215275837,Torun,2002,11,8,35.22,4.6
53.0077807883911,18.6076215275837,Torun,2002,11,9,35.34,4.2
53.0077807883911,18.6076215275837,Torun,2002,11,10,35.22,3.6
53.0077807883911,18.6076215275837,Torun,2002,11,11,35.12,3.6
53.0077807883911,18.6076215275837,Torun,2002,11,12,35.02,3.4
53.0077807883911,18.6076215275837,Torun,2002,11,13,35.02,3.4
53.0077807883911,18.6076215275837,Torun,2002,11,14,34.91,3.7
53.0077807883911,18.6076215275837,Torun,2002,11,15,34.97,3.8
53.0077807883911,18.6076215275837,Torun,2002,11,16,34.96,3.8
53.0077807883911,18.6076215275837,Torun,2002,11,17,35.02,4.4
53.0077807883911,18.6076215275837,Torun,2002,11,18,34.83,4.8
53.0077807883911,18.6076215275837,Torun,2002,11,19,34.82,5.0
53.0077807883911,18.6076215275837,Torun,2002,11,20,34.94,5.2
53.0077807883911,18.6076215275837,Torun,2002,11,21,35.06,5.0
53.0077807883911,18.6076215275837,Torun,2002,11,22,34.98,4.9
53.0077807883911,18.6076215275837,Torun,2002,11,23,34.67,5.7
53.0077807883911,18.6076215275837,Torun,2002,11,24,34.64,5.8
53.0077807883911,18.6076215275837,Torun,2002,11,25,34.95,5.6
53.0077807883911,18.6076215275837,Torun,2002,11,26,35.46,5.5
53.0077807883911,18.6076215275837,Torun,2002,11,27,34.48,6.0
53.0077807883911,18.6076215275837,Torun,2002,11,28,34.58,6.0
53.0077807883911,18.6076215275837,Torun,2002,11,29,34.8,5.9
53.0077807883911,18.6076215275837,Torun,2002,11,30,34.61,5.8
53.0077807883911,18.6076215275837,Torun,2003,5,1,35.16,13.9
53.0077807883911,18.6076215275837,Torun,2003,5,2,35.18,14.0
53.0077807883911,18.6076215275837,Torun,2003,5,3,35.05,14.8
53.0077807883911,18.6076215275837,Torun,2003,5,4,35.01,14.0
53.0077807883911,18.6076215275837,Torun,2003,5,5,35.02,14.8
53.0077807883911,18.6076215275837,Torun,2003,5,6,35.05,16.0
53.0077807883911,18.6076215275837,Torun,2003,5,7,34.96,16.6
53.0077807883911,18.6076215275837,Torun,2003,5,8,34.85,16.6
53.0077807883911,18.6076215275837,Torun,2003,5,9,34.85,17.0
53.0077807883911,18.6076215275837,Torun,2003,5,10,34.84,16.4
53.0077807883911,18.6076215275837,Torun,2003,5,11,34.84,16.8
53.0077807883911,18.6076215275837,Torun,2003,5,12,34.77,16.6
53.0077807883911,18.6076215275837,Torun,2003,5,13,34.76,17.6
53.0077807883911,18.6076215275837,Torun,2003,5,14,34.76,17.4
53.0077807883911,18.6076215275837,Torun,2003,5,15,34.77,16.6
53.0077807883911,18.6076215275837,Torun,2003,5,16,34.8,16.5
53.0077807883911,18.6076215275837,Torun,2003,5,17,34.77,16.4
53.0077807883911,18.6076215275837,Torun,2003,5,18,35.02,17.2
53.0077807883911,18.6076215275837,Torun,2003,5,19,35.14,17.4
53.0077807883911,18.6076215275837,Torun,2003,5,20,35.19,16.9
53.0077807883911,18.6076215275837,Torun,2003,5,21,35.42,16.6
53.0077807883911,18.6076215275837,Torun,2003,5,22,35.6,16.5
53.0077807883911,18.6076215275837,Torun,2003,5,23,35.54,17.1
53.0077807883911,18.6076215275837,Torun,2003,5,24,35.33,17.6
53.0077807883911,18.6076215275837,Torun,2003,5,25,35.19,18.6
53.0077807883911,18.6076215275837,Torun,2003,5,26,35.16,19.9
53.0077807883911,18.6076215275837,Torun,2003,5,27,35.64,19.8
53.0077807883911,18.6076215275837,Torun,2003,5,28,35.96,19.7
53.0077807883911,18.6076215275837,Torun,2003,5,29,36.05,19.4
53.0077807883911,18.6076215275837,Torun,2003,5,30,35.98,19.9
53.0077807883911,18.6076215275837,Torun,2003,5,31,35.62,20.1
53.0077807883911,18.6076215275837,Torun,2003,6,1,35.37,20.9
53.0077807883911,18.6076215275837,Torun,2003,6,2,35.2,21.3
53.0077807883911,18.6076215275837,Torun,2003,6,3,34.96,21.5
53.0077807883911,18.6076215275837,Torun,2003,6,4,34.99,22.1
53.0077807883911,18.6076215275837,Torun,2003,6,5,34.86,22.1
53.0077807883911,18.6076215275837,Torun,2003,6,6,34.7,22.0
53.0077807883911,18.6076215275837,Torun,2003,6,7,34.85,21.7
53.0077807883911,18.6076215275837,Torun,2003,6,8,34.67,22.4
53.0077807883911,18.6076215275837,Torun,2003,6,9,34.46,22.3
53.0077807883911,18.6076215275837,Torun,2003,6,10,34.42,22.3
53.0077807883911,18.6076215275837,Torun,2003,6,11,34.54,21.9
53.0077807883911,18.6076215275837,Torun,2003,6,12,34.24,22.3
53.0077807883911,18.6076215275837,Torun,2003,6,13,34.08,22.4
53.0077807883911,18.6076215275837,Torun,2003,6,14,34.29,21.5
53.0077807883911,18.6076215275837,Torun,2003,6,15,34.09,21.5
53.0077807883911,18.6076215275837,Torun,2003,6,16,33.93,21.3
53.0077807883911,18.6076215275837,Torun,2003,6,17,33.84,21.1
53.0077807883911,18.6076215275837,Torun,2003,6,18,34.16,20.7
53.0077807883911,18.6076215275837,Torun,2003,6,19,34.19,20.7
53.0077807883911,18.6076215275837,Torun,2003,6,20,34.16,20.1
53.0077807883911,18.6076215275837,Torun,2003,6,21,34.09,18.6
53.0077807883911,18.6076215275837,Torun,2003,6,22,34.08,17.8
53.0077807883911,18.6076215275837,Torun,2003,6,23,33.92,18.0
53.0077807883911,18.6076215275837,Torun,2003,6,24,33.84,19.4
53.0077807883911,18.6076215275837,Torun,2003,6,25,33.76,18.6
53.0077807883911,18.6076215275837,Torun,2003,6,26,33.73,17.4
53.0077807883911,18.6076215275837,Torun,2003,6,27,33.71,17.6
53.0077807883911,18.6076215275837,Torun,2003,6,28,33.78,18.4
53.0077807883911,18.6076215275837,Torun,2003,6,29,33.86,19.2
53.0077807883911,18.6076215275837,Torun,2003,6,30,33.82,19.9
53.0077807883911,18.6076215275837,Torun,2003,7,1,33.75,20.7
53.0077807883911,18.6076215275837,Torun,2003,7,2,33.77,19.9
53.0077807883911,18.6076215275837,Torun,2003,7,3,33.75,20.6
53.0077807883911,18.6076215275837,Torun,2003,7,4,33.72,19.9
53.0077807883911,18.6076215275837,Torun,2003,7,5,33.79,19.9
53.0077807883911,18.6076215275837,Torun,2003,7,6,33.89,19.9
53.0077807883911,18.6076215275837,Torun,2003,7,7,33.85,19.5
53.0077807883911,18.6076215275837,Torun,2003,7,8,33.72,19.3
53.0077807883911,18.6076215275837,Torun,2003,7,9,33.58,19.1
53.0077807883911,18.6076215275837,Torun,2003,7,10,33.56,19.1
53.0077807883911,18.6076215275837,Torun,2003,7,11,33.96,19.5
53.0077807883911,18.6076215275837,Torun,2003,7,12,34.59,20.4
53.0077807883911,18.6076215275837,Torun,2003,7,13,33.91,19.1
53.0077807883911,18.6076215275837,Torun,2003,7,14,33.95,19.7
53.0077807883911,18.6076215275837,Torun,2003,7,15,33.75,19.2
53.0077807883911,18.6076215275837,Torun,2003,7,16,33.82,19.9
53.0077807883911,18.6076215275837,Torun,2003,7,17,33.81,21.7
53.0077807883911,18.6076215275837,Torun,2003,7,18,33.76,22.9
53.0077807883911,18.6076215275837,Torun,2003,7,19,33.78,22.1
53.0077807883911,18.6076215275837,Torun,2003,7,20,33.78,22.2
53.0077807883911,18.6076215275837,Torun,2003,7,21,33.64,22.3
53.0077807883911,18.6076215275837,Torun,2003,7,22,33.58,22.7
53.0077807883911,18.6076215275837,Torun,2003,7,23,33.54,22.5
53.0077807883911,18.6076215275837,Torun,2003,7,24,33.56,23.1
53.0077807883911,18.6076215275837,Torun,2003,7,25,33.79,23.4
53.0077807883911,18.6076215275837,Torun,2003,7,26,33.75,23.3
53.0077807883911,18.6076215275837,Torun,2003,7,27,33.86,23.9
53.0077807883911,18.6076215275837,Torun,2003,7,28,33.84,23.5
53.0077807883911,18.6076215275837,Torun,2003,7,29,33.81,21.5
53.0077807883911,18.6076215275837,Torun,2003,7,30,33.77,21.3
53.0077807883911,18.6076215275837,Torun,2003,7,31,33.71,23.9
53.0077807883911,18.6076215275837,Torun,2003,8,1,33.7,23.9
53.0077807883911,18.6076215275837,Torun,2003,8,2,33.76,24.6
53.0077807883911,18.6076215275837,Torun,2003,8,3,33.76,23.9
53.0077807883911,18.6076215275837,Torun,2003,8,4,33.74,24.7
53.0077807883911,18.6076215275837,Torun,2003,8,5,33.64,23.9
53.0077807883911,18.6076215275837,Torun,2003,8,6,33.62,23.3
53.0077807883911,18.6076215275837,Torun,2003,8,7,33.64,22.9
53.0077807883911,18.6076215275837,Torun,2003,8,8,33.62,23.3
53.0077807883911,18.6076215275837,Torun,2003,8,9,33.58,23.4
53.0077807883911,18.6076215275837,Torun,2003,8,10,33.66,22.9
53.0077807883911,18.6076215275837,Torun,2003,8,11,33.66,21.9
53.0077807883911,18.6076215275837,Torun,2003,8,12,33.65,21.5
53.0077807883911,18.6076215275837,Torun,2003,8,13,33.53,22.7
53.0077807883911,18.6076215275837,Torun,2003,8,14,33.5,22.7
53.0077807883911,18.6076215275837,Torun,2003,8,15,33.65,21.9
53.0077807883911,18.6076215275837,Torun,2003,8,16,33.67,20.3
53.0077807883911,18.6076215275837,Torun,2003,8,17,33.51,20.1
53.0077807883911,18.6076215275837,Torun,2003,8,18,33.43,20.7
53.0077807883911,18.6076215275837,Torun,2003,8,19,33.38,21.1
53.0077807883911,18.6076215275837,Torun,2003,8,20,33.37,20.7
53.0077807883911,18.6076215275837,Torun,2003,8,21,33.36,20.0
53.0077807883911,18.6076215275837,Torun,2003,8,22,33.34,19.9
53.0077807883911,18.6076215275837,Torun,2003,8,23,33.38,20.3
53.0077807883911,18.6076215275837,Torun,2003,8,24,33.55,19.4
53.0077807883911,18.6076215275837,Torun,2003,8,25,33.56,19.8
53.0077807883911,18.6076215275837,Torun,2003,8,26,33.46,18.8
53.0077807883911,18.6076215275837,Torun,2003,8,27,33.37,18.4
53.0077807883911,18.6076215275837,Torun,2003,8,28,33.35,16.3
53.0077807883911,18.6076215275837,Torun,2003,8,29,33.34,17.2
53.0077807883911,18.6076215275837,Torun,2003,8,30,33.32,18.5
53.0077807883911,18.6076215275837,Torun,2003,8,31,33.41,17.0
53.0077807883911,18.6076215275837,Torun,2003,9,1,33.42,17.0
53.0077807883911,18.6076215275837,Torun,2003,9,2,33.32,16.6
53.0077807883911,18.6076215275837,Torun,2003,9,3,33.28,15.3
53.0077807883911,18.6076215275837,Torun,2003,9,4,33.29,16.1
53.0077807883911,18.6076215275837,Torun,2003,9,5,33.32,15.6
53.0077807883911,18.6076215275837,Torun,2003,9,6,33.41,16.4
53.0077807883911,18.6076215275837,Torun,2003,9,7,33.38,16.4
53.0077807883911,18.6076215275837,Torun,2003,9,8,33.36,16.4
53.0077807883911,18.6076215275837,Torun,2003,9,9,33.25,16.4
53.0077807883911,18.6076215275837,Torun,2003,9,10,33.27,16.5
53.0077807883911,18.6076215275837,Torun,2003,9,11,33.31,16.5
53.0077807883911,18.6076215275837,Torun,2003,9,12,33.33,16.2
53.0077807883911,18.6076215275837,Torun,2003,9,13,33.3,16.4
53.0077807883911,18.6076215275837,Torun,2003,9,14,33.41,16.5
53.0077807883911,18.6076215275837,Torun,2003,9,15,33.42,16.4
53.0077807883911,18.6076215275837,Torun,2003,9,16,33.69,16.8
53.0077807883911,18.6076215275837,Torun,2003,9,17,33.71,16.5
53.0077807883911,18.6076215275837,Torun,2003,9,18,33.44,16.2
53.0077807883911,18.6076215275837,Torun,2003,9,19,33.34,16.6
53.0077807883911,18.6076215275837,Torun,2003,9,20,33.34,17.1
53.0077807883911,18.6076215275837,Torun,2003,9,21,33.36,17.3
53.0077807883911,18.6076215275837,Torun,2003,9,22,33.34,17.6
53.0077807883911,18.6076215275837,Torun,2003,9,23,33.3,17.4
53.0077807883911,18.6076215275837,Torun,2003,9,24,33.39,16.6
53.0077807883911,18.6076215275837,Torun,2003,9,25,33.27,15.9
53.0077807883911,18.6076215275837,Torun,2003,9,26,33.28,15.4
53.0077807883911,18.6076215275837,Torun,2003,9,27,33.26,15.2
53.0077807883911,18.6076215275837,Torun,2003,9,28,33.33,14.8
53.0077807883911,18.6076215275837,Torun,2003,9,29,33.35,14.6
53.0077807883911,18.6076215275837,Torun,2003,9,30,33.35,14.6
53.0077807883911,18.6076215275837,Torun,2003,10,1,33.36,15.0
53.0077807883911,18.6076215275837,Torun,2003,10,2,33.25,15.3
53.0077807883911,18.6076215275837,Torun,2003,10,3,33.38,14.4
53.0077807883911,18.6076215275837,Torun,2003,10,4,33.4,14.2
53.0077807883911,18.6076215275837,Torun,2003,10,5,33.34,14.2
53.0077807883911,18.6076215275837,Torun,2003,10,6,33.35,13.3
53.0077807883911,18.6076215275837,Torun,2003,10,7,33.38,12.9
53.0077807883911,18.6076215275837,Torun,2003,10,8,33.34,12.4
53.0077807883911,18.6076215275837,Torun,2003,10,9,33.57,12.4
53.0077807883911,18.6076215275837,Torun,2003,10,10,33.94,12.0
53.0077807883911,18.6076215275837,Torun,2003,10,11,33.84,11.8
53.0077807883911,18.6076215275837,Torun,2003,10,12,33.81,11.5
53.0077807883911,18.6076215275837,Torun,2003,10,13,33.78,11.2
53.0077807883911,18.6076215275837,Torun,2003,10,14,33.84,10.8
53.0077807883911,18.6076215275837,Torun,2003,10,15,33.77,10.2
53.0077807883911,18.6076215275837,Torun,2003,10,16,33.63,9.2
53.0077807883911,18.6076215275837,Torun,2003,10,17,33.6,8.4
53.0077807883911,18.6076215275837,Torun,2003,10,18,33.65,8.2
53.0077807883911,18.6076215275837,Torun,2003,10,19,33.81,8.2
53.0077807883911,18.6076215275837,Torun,2003,10,20,33.87,8.4
53.0077807883911,18.6076215275837,Torun,2003,10,21,34.22,8.3
53.0077807883911,18.6076215275837,Torun,2003,10,22,34.33,8.1
53.0077807883911,18.6076215275837,Torun,2003,10,23,33.93,6.3
53.0077807883911,18.6076215275837,Torun,2003,10,24,33.88,5.8
53.0077807883911,18.6076215275837,Torun,2003,10,25,33.73,5.0
53.0077807883911,18.6076215275837,Torun,2003,10,26,33.77,5.6
53.0077807883911,18.6076215275837,Torun,2003,10,27,33.75,4.9
53.0077807883911,18.6076215275837,Torun,2003,10,28,33.68,4.8
53.0077807883911,18.6076215275837,Torun,2003,10,29,33.84,4.7
53.0077807883911,18.6076215275837,Torun,2003,10,30,33.94,4.2
53.0077807883911,18.6076215275837,Torun,2003,10,31,34.18,4.6
53.0077807883911,18.6076215275837,Torun,2003,11,1,33.9,4.6
53.0077807883911,18.6076215275837,Torun,2003,11,2,33.82,5.1
53.0077807883911,18.6076215275837,Torun,2003,11,3,33.79,4.4
53.0077807883911,18.6076215275837,Torun,2003,11,4,33.83,5.3
53.0077807883911,18.6076215275837,Torun,2003,11,5,33.93,5.6
53.0077807883911,18.6076215275837,Torun,2003,11,6,34.0,5.0
53.0077807883911,18.6076215275837,Torun,2003,11,7,33.92,4.9
53.0077807883911,18.6076215275837,Torun,2003,11,8,33.86,5.5
53.0077807883911,18.6076215275837,Torun,2003,11,9,33.8,5.2
53.0077807883911,18.6076215275837,Torun,2003,11,10,33.78,5.0
53.0077807883911,18.6076215275837,Torun,2003,11,11,33.77,4.9
53.0077807883911,18.6076215275837,Torun,2003,11,12,33.73,4.6
53.0077807883911,18.6076215275837,Torun,2003,11,13,33.61,4.2
53.0077807883911,18.6076215275837,Torun,2003,11,14,33.81,4.0
53.0077807883911,18.6076215275837,Torun,2003,11,15,33.86,3.9
53.0077807883911,18.6076215275837,Torun,2003,11,16,33.88,4.0
53.0077807883911,18.6076215275837,Torun,2003,11,17,33.84,4.0
53.0077807883911,18.6076215275837,Torun,2003,11,18,33.86,4.0
53.0077807883911,18.6076215275837,Torun,2003,11,19,33.93,4.2
53.0077807883911,18.6076215275837,Torun,2003,11,20,33.86,5.9
53.0077807883911,18.6076215275837,Torun,2003,11,21,34.06,4.8
53.0077807883911,18.6076215275837,Torun,2003,11,22,33.93,4.6
53.0077807883911,18.6076215275837,Torun,2003,11,23,33.91,4.7
53.0077807883911,18.6076215275837,Torun,2003,11,24,33.98,4.6
53.0077807883911,18.6076215275837,Torun,2003,11,25,34.0,4.8
53.0077807883911,18.6076215275837,Torun,2003,11,26,33.94,4.5
53.0077807883911,18.6076215275837,Torun,2003,11,27,33.92,4.3
53.0077807883911,18.6076215275837,Torun,2003,11,28,34.09,4.6
53.0077807883911,18.6076215275837,Torun,2003,11,29,33.96,6.3
53.0077807883911,18.6076215275837,Torun,2003,11,30,34.0,6.2
53.0077807883911,18.6076215275837,Torun,2004,5,1,35.11,13.8
53.0077807883911,18.6076215275837,Torun,2004,5,2,35.07,14.4
53.0077807883911,18.6076215275837,Torun,2004,5,3,35.1,14.8
53.0077807883911,18.6076215275837,Torun,2004,5,4,35.05,14.9
53.0077807883911,18.6076215275837,Torun,2004,5,5,34.76,15.6
53.0077807883911,18.6076215275837,Torun,2004,5,6,34.72,15.8
53.0077807883911,18.6076215275837,Torun,2004,5,7,34.74,16.5
53.0077807883911,18.6076215275837,Torun,2004,5,8,34.7,16.2
53.0077807883911,18.6076215275837,Torun,2004,5,9,34.76,15.4
53.0077807883911,18.6076215275837,Torun,2004,5,10,35.01,14.8
53.0077807883911,18.6076215275837,Torun,2004,5,11,34.93,15.7
53.0077807883911,18.6076215275837,Torun,2004,5,12,35.02,15.8
53.0077807883911,18.6076215275837,Torun,2004,5,13,35.15,15.7
53.0077807883911,18.6076215275837,Torun,2004,5,14,35.22,15.5
53.0077807883911,18.6076215275837,Torun,2004,5,15,35.25,15.0
53.0077807883911,18.6076215275837,Torun,2004,5,16,35.36,14.2
53.0077807883911,18.6076215275837,Torun,2004,5,17,35.48,14.8
53.0077807883911,18.6076215275837,Torun,2004,5,18,35.46,14.7
53.0077807883911,18.6076215275837,Torun,2004,5,19,35.48,14.6
53.0077807883911,18.6076215275837,Torun,2004,5,20,35.27,14.4
53.0077807883911,18.6076215275837,Torun,2004,5,21,34.96,14.2
53.0077807883911,18.6076215275837,Torun,2004,5,22,35.07,14.2
53.0077807883911,18.6076215275837,Torun,2004,5,23,35.14,14.1
53.0077807883911,18.6076215275837,Torun,2004,5,24,35.12,14.0
53.0077807883911,18.6076215275837,Torun,2004,5,25,35.06,13.0
53.0077807883911,18.6076215275837,Torun,2004,5,26,34.91,12.0
53.0077807883911,18.6076215275837,Torun,2004,5,27,34.61,12.9
53.0077807883911,18.6076215275837,Torun,2004,5,28,34.77,12.9
53.0077807883911,18.6076215275837,Torun,2004,5,29,34.84,14.5
53.0077807883911,18.6076215275837,Torun,2004,5,30,34.85,14.8
53.0077807883911,18.6076215275837,Torun,2004,5,31,34.9,15.4
53.0077807883911,18.6076215275837,Torun,2004,6,1,34.8,16.0
53.0077807883911,18.6076215275837,Torun,2004,6,2,34.75,16.7
53.0077807883911,18.6076215275837,Torun,2004,6,3,34.65,17.1
53.0077807883911,18.6076215275837,Torun,2004,6,4,34.47,17.7
53.0077807883911,18.6076215275837,Torun,2004,6,5,34.54,18.3
53.0077807883911,18.6076215275837,Torun,2004,6,6,34.74,18.5
53.0077807883911,18.6076215275837,Torun,2004,6,7,34.74,18.7
53.0077807883911,18.6076215275837,Torun,2004,6,8,34.34,18.9
53.0077807883911,18.6076215275837,Torun,2004,6,9,34.14,18.7
53.0077807883911,18.6076215275837,Torun,2004,6,10,34.18,18.4
53.0077807883911,18.6076215275837,Torun,2004,6,11,34.36,17.7
53.0077807883911,18.6076215275837,Torun,2004,6,12,34.44,19.5
53.0077807883911,18.6076215275837,Torun,2004,6,13,34.58,18.8
53.0077807883911,18.6076215275837,Torun,2004,6,14,34.54,19.1
53.0077807883911,18.6076215275837,Torun,2004,6,15,34.3,18.2
53.0077807883911,18.6076215275837,Torun,2004,6,16,34.16,18.2
53.0077807883911,18.6076215275837,Torun,2004,6,17,34.32,17.2
53.0077807883911,18.6076215275837,Torun,2004,6,18,34.44,17.4
53.0077807883911,18.6076215275837,Torun,2004,6,19,34.38,17.6
53.0077807883911,18.6076215275837,Torun,2004,6,20,34.59,17.6
53.0077807883911,18.6076215275837,Torun,2004,6,21,34.62,17.0
53.0077807883911,18.6076215275837,Torun,2004,6,22,34.53,17.6
53.0077807883911,18.6076215275837,Torun,2004,6,23,34.32,18.0
53.0077807883911,18.6076215275837,Torun,2004,6,24,34.21,18.8
53.0077807883911,18.6076215275837,Torun,2004,6,25,34.17,19.3
53.0077807883911,18.6076215275837,Torun,2004,6,26,34.12,18.8
53.0077807883911,18.6076215275837,Torun,2004,6,27,34.16,18.0
53.0077807883911,18.6076215275837,Torun,2004,6,28,34.36,18.7
53.0077807883911,18.6076215275837,Torun,2004,6,29,34.74,18.6
53.0077807883911,18.6076215275837,Torun,2004,6,30,34.07,18.4
53.0077807883911,18.6076215275837,Torun,2004,7,1,34.18,18.5
53.0077807883911,18.6076215275837,Torun,2004,7,2,34.28,19.3
53.0077807883911,18.6076215275837,Torun,2004,7,3,34.13,18.8
53.0077807883911,18.6076215275837,Torun,2004,7,4,34.09,18.6
53.0077807883911,18.6076215275837,Torun,2004,7,5,34.21,19.4
53.0077807883911,18.6076215275837,Torun,2004,7,6,34.04,19.2
53.0077807883911,18.6076215275837,Torun,2004,7,7,33.98,18.6
53.0077807883911,18.6076215275837,Torun,2004,7,8,33.99,19.7
53.0077807883911,18.6076215275837,Torun,2004,7,9,34.03,20.3
53.0077807883911,18.6076215275837,Torun,2004,7,10,33.98,19.3
53.0077807883911,18.6076215275837,Torun,2004,7,11,33.96,19.1
53.0077807883911,18.6076215275837,Torun,2004,7,12,34.03,19.1
53.0077807883911,18.6076215275837,Torun,2004,7,13,33.92,18.9
53.0077807883911,18.6076215275837,Torun,2004,7,14,33.92,18.1
53.0077807883911,18.6076215275837,Torun,2004,7,15,33.95,18.0
53.0077807883911,18.6076215275837,Torun,2004,7,16,33.96,18.0
53.0077807883911,18.6076215275837,Torun,2004,7,17,33.92,18.0
53.0077807883911,18.6076215275837,Torun,2004,7,18,33.84,19.7
53.0077807883911,18.6076215275837,Torun,2004,7,19,33.92,20.5
53.0077807883911,18.6076215275837,Torun,2004,7,20,33.92,20.7
53.0077807883911,18.6076215275837,Torun,2004,7,21,33.9,21.1
53.0077807883911,18.6076215275837,Torun,2004,7,22,33.9,21.2
53.0077807883911,18.6076215275837,Torun,2004,7,23,33.79,21.7
53.0077807883911,18.6076215275837,Torun,2004,7,24,33.79,21.7
53.0077807883911,18.6076215275837,Torun,2004,7,25,33.82,22.1
53.0077807883911,18.6076215275837,Torun,2004,7,26,33.85,22.3
53.0077807883911,18.6076215275837,Torun,2004,7,27,33.9,21.1
53.0077807883911,18.6076215275837,Torun,2004,7,28,33.9,20.7
53.0077807883911,18.6076215275837,Torun,2004,7,29,33.88,20.5
53.0077807883911,18.6076215275837,Torun,2004,7,30,33.89,21.5
53.0077807883911,18.6076215275837,Torun,2004,7,31,34.01,22.3
53.0077807883911,18.6076215275837,Torun,2004,8,1,34.29,22.5
53.0077807883911,18.6076215275837,Torun,2004,8,2,34.55,22.1
53.0077807883911,18.6076215275837,Torun,2004,8,3,35.18,21.3
53.0077807883911,18.6076215275837,Torun,2004,8,4,36.17,21.1
53.0077807883911,18.6076215275837,Torun,2004,8,5,36.58,21.2
53.0077807883911,18.6076215275837,Torun,2004,8,6,37.42,20.7
53.0077807883911,18.6076215275837,Torun,2004,8,7,37.79,20.8
53.0077807883911,18.6076215275837,Torun,2004,8,8,36.98,21.1
53.0077807883911,18.6076215275837,Torun,2004,8,9,35.98,20.6
53.0077807883911,18.6076215275837,Torun,2004,8,10,35.6,21.1
53.0077807883911,18.6076215275837,Torun,2004,8,11,35.1,21.7
53.0077807883911,18.6076215275837,Torun,2004,8,12,35.03,22.1
53.0077807883911,18.6076215275837,Torun,2004,8,13,34.82,22.7
53.0077807883911,18.6076215275837,Torun,2004,8,14,34.68,21.3
53.0077807883911,18.6076215275837,Torun,2004,8,15,34.9,20.5
53.0077807883911,18.6076215275837,Torun,2004,8,16,35.15,21.3
53.0077807883911,18.6076215275837,Torun,2004,8,17,34.73,21.5
53.0077807883911,18.6076215275837,Torun,2004,8,18,34.42,21.7
53.0077807883911,18.6076215275837,Torun,2004,8,19,34.4,21.9
53.0077807883911,18.6076215275837,Torun,2004,8,20,34.04,22.4
53.0077807883911,18.6076215275837,Torun,2004,8,21,33.98,20.7
53.0077807883911,18.6076215275837,Torun,2004,8,22,34.04,21.4
53.0077807883911,18.6076215275837,Torun,2004,8,23,33.92,20.1
53.0077807883911,18.6076215275837,Torun,2004,8,24,33.96,20.5
53.0077807883911,18.6076215275837,Torun,2004,8,25,34.16,21.5
53.0077807883911,18.6076215275837,Torun,2004,8,26,34.09,21.1
53.0077807883911,18.6076215275837,Torun,2004,8,27,34.12,20.5
53.0077807883911,18.6076215275837,Torun,2004,8,28,34.3,20.6
53.0077807883911,18.6076215275837,Torun,2004,8,29,34.63,19.9
53.0077807883911,18.6076215275837,Torun,2004,8,30,34.78,20.5
53.0077807883911,18.6076215275837,Torun,2004,8,31,35.04,20.7
53.0077807883911,18.6076215275837,Torun,2004,9,1,34.48,19.3
53.0077807883911,18.6076215275837,Torun,2004,9,2,34.43,19.1
53.0077807883911,18.6076215275837,Torun,2004,9,3,34.18,18.8
53.0077807883911,18.6076215275837,Torun,2004,9,4,34.2,19.4
53.0077807883911,18.6076215275837,Torun,2004,9,5,34.18,19.3
53.0077807883911,18.6076215275837,Torun,2004,9,6,34.35,19.3
53.0077807883911,18.6076215275837,Torun,2004,9,7,34.56,19.4
53.0077807883911,18.6076215275837,Torun,2004,9,8,34.81,19.2
53.0077807883911,18.6076215275837,Torun,2004,9,9,35.0,18.4
53.0077807883911,18.6076215275837,Torun,2004,9,10,34.44,18.7
53.0077807883911,18.6076215275837,Torun,2004,9,11,34.15,18.9
53.0077807883911,18.6076215275837,Torun,2004,9,12,33.83,18.0
53.0077807883911,18.6076215275837,Torun,2004,9,13,33.76,17.8
53.0077807883911,18.6076215275837,Torun,2004,9,14,33.74,17.3
53.0077807883911,18.6076215275837,Torun,2004,9,15,33.74,17.5
53.0077807883911,18.6076215275837,Torun,2004,9,16,33.96,16.9
53.0077807883911,18.6076215275837,Torun,2004,9,17,34.02,15.4
53.0077807883911,18.6076215275837,Torun,2004,9,18,34.02,15.6
53.0077807883911,18.6076215275837,Torun,2004,9,19,34.31,16.0
53.0077807883911,18.6076215275837,Torun,2004,9,20,34.53,16.8
53.0077807883911,18.6076215275837,Torun,2004,9,21,34.44,16.5
53.0077807883911,18.6076215275837,Torun,2004,9,22,33.83,15.0
53.0077807883911,18.6076215275837,Torun,2004,9,23,33.76,13.9
53.0077807883911,18.6076215275837,Torun,2004,9,24,33.75,13.8
53.0077807883911,18.6076215275837,Torun,2004,9,25,33.74,13.2
53.0077807883911,18.6076215275837,Torun,2004,9,26,33.72,13.2
53.0077807883911,18.6076215275837,Torun,2004,9,27,33.72,13.0
53.0077807883911,18.6076215275837,Torun,2004,9,28,33.7,14.2
53.0077807883911,18.6076215275837,Torun,2004,9,29,33.7,14.0
53.0077807883911,18.6076215275837,Torun,2004,9,30,33.61,13.6
53.0077807883911,18.6076215275837,Torun,2004,10,1,33.7,13.5
53.0077807883911,18.6076215275837,Torun,2004,10,2,33.68,13.6
53.0077807883911,18.6076215275837,Torun,2004,10,3,33.68,13.4
53.0077807883911,18.6076215275837,Torun,2004,10,4,33.68,13.2
53.0077807883911,18.6076215275837,Torun,2004,10,5,33.68,13.1
53.0077807883911,18.6076215275837,Torun,2004,10,6,33.68,14.2
53.0077807883911,18.6076215275837,Torun,2004,10,7,33.79,14.2
53.0077807883911,18.6076215275837,Torun,2004,10,8,34.38,13.6
53.0077807883911,18.6076215275837,Torun,2004,10,9,34.26,13.6
53.0077807883911,18.6076215275837,Torun,2004,10,10,33.74,13.0
53.0077807883911,18.6076215275837,Torun,2004,10,11,33.71,12.3
53.0077807883911,18.6076215275837,Torun,2004,10,12,33.7,11.2
53.0077807883911,18.6076215275837,Torun,2004,10,13,33.7,10.1
53.0077807883911,18.6076215275837,Torun,2004,10,14,33.83,9.6
53.0077807883911,18.6076215275837,Torun,2004,10,15,33.89,10.0
53.0077807883911,18.6076215275837,Torun,2004,10,16,33.88,10.3
53.0077807883911,18.6076215275837,Torun,2004,10,17,33.93,10.6
53.0077807883911,18.6076215275837,Torun,2004,10,18,34.0,10.0
53.0077807883911,18.6076215275837,Torun,2004,10,19,34.06,9.6
53.0077807883911,18.6076215275837,Torun,2004,10,20,33.99,9.2
53.0077807883911,18.6076215275837,Torun,2004,10,21,34.16,8.7
53.0077807883911,18.6076215275837,Torun,2004,10,22,34.0,8.5
53.0077807883911,18.6076215275837,Torun,2004,10,23,34.06,8.9
53.0077807883911,18.6076215275837,Torun,2004,10,24,34.08,10.0
53.0077807883911,18.6076215275837,Torun,2004,10,25,34.4,10.3
53.0077807883911,18.6076215275837,Torun,2004,10,26,34.49,10.5
53.0077807883911,18.6076215275837,Torun,2004,10,27,34.29,10.3
53.0077807883911,18.6076215275837,Torun,2004,10,28,34.21,9.6
53.0077807883911,18.6076215275837,Torun,2004,10,29,34.16,9.9
53.0077807883911,18.6076215275837,Torun,2004,10,30,34.1,10.3
53.0077807883911,18.6076215275837,Torun,2004,10,31,34.07,11.1
53.0077807883911,18.6076215275837,Torun,2004,11,1,33.98,11.0
53.0077807883911,18.6076215275837,Torun,2004,11,2,33.82,10.3
53.0077807883911,18.6076215275837,Torun,2004,11,3,33.88,9.7
53.0077807883911,18.6076215275837,Torun,2004,11,4,34.15,9.8
53.0077807883911,18.6076215275837,Torun,2004,11,5,34.04,10.9
53.0077807883911,18.6076215275837,Torun,2004,11,6,34.04,9.8
53.0077807883911,18.6076215275837,Torun,2004,11,7,34.03,9.7
53.0077807883911,18.6076215275837,Torun,2004,11,8,34.06,9.3
53.0077807883911,18.6076215275837,Torun,2004,11,9,34.2,9.0
53.0077807883911,18.6076215275837,Torun,2004,11,10,34.24,8.4
53.0077807883911,18.6076215275837,Torun,2004,11,11,34.09,8.2
53.0077807883911,18.6076215275837,Torun,2004,11,12,34.08,8.6
53.0077807883911,18.6076215275837,Torun,2004,11,13,34.08,8.4
53.0077807883911,18.6076215275837,Torun,2004,11,14,34.08,7.2
53.0077807883911,18.6076215275837,Torun,2004,11,15,34.03,6.6
53.0077807883911,18.6076215275837,Torun,2004,11,16,34.09,6.6
53.0077807883911,18.6076215275837,Torun,2004,11,17,34.1,6.5
53.0077807883911,18.6076215275837,Torun,2004,11,18,34.26,6.5
53.0077807883911,18.6076215275837,Torun,2004,11,19,34.18,6.4
53.0077807883911,18.6076215275837,Torun,2004,11,20,34.23,4.1
53.0077807883911,18.6076215275837,Torun,2004,11,21,34.64,4.5
53.0077807883911,18.6076215275837,Torun,2004,11,22,34.5,3.3
53.0077807883911,18.6076215275837,Torun,2004,11,23,34.54,3.7
53.0077807883911,18.6076215275837,Torun,2004,11,24,34.39,2.9
53.0077807883911,18.6076215275837,Torun,2004,11,25,34.68,2.2
53.0077807883911,18.6076215275837,Torun,2004,11,26,34.93,2.3
53.0077807883911,18.6076215275837,Torun,2004,11,27,34.63,2.4
53.0077807883911,18.6076215275837,Torun,2004,11,28,34.71,2.3
53.0077807883911,18.6076215275837,Torun,2004,11,29,34.9,2.3
53.0077807883911,18.6076215275837,Torun,2004,11,30,35.05,1.9
53.0077807883911,18.6076215275837,Torun,2005,5,1,35.56,12.8
53.0077807883911,18.6076215275837,Torun,2005,5,2,35.72,13.2
53.0077807883911,18.6076215275837,Torun,2005,5,3,35.83,14.0
53.0077807883911,18.6076215275837,Torun,2005,5,4,35.79,15.0
53.0077807883911,18.6076215275837,Torun,2005,5,5,35.62,15.0
53.0077807883911,18.6076215275837,Torun,2005,5,6,35.62,14.2
53.0077807883911,18.6076215275837,Torun,2005,5,7,35.62,13.2
53.0077807883911,18.6076215275837,Torun,2005,5,8,35.67,13.8
53.0077807883911,18.6076215275837,Torun,2005,5,9,35.56,12.4
53.0077807883911,18.6076215275837,Torun,2005,5,10,36.1,11.6
53.0077807883911,18.6076215275837,Torun,2005,5,11,36.57,12.4
53.0077807883911,18.6076215275837,Torun,2005,5,12,36.56,12.7
53.0077807883911,18.6076215275837,Torun,2005,5,13,36.28,12.4
53.0077807883911,18.6076215275837,Torun,2005,5,14,36.29,12.7
53.0077807883911,18.6076215275837,Torun,2005,5,15,36.28,13.0
53.0077807883911,18.6076215275837,Torun,2005,5,16,36.18,13.0
53.0077807883911,18.6076215275837,Torun,2005,5,17,35.89,13.1
53.0077807883911,18.6076215275837,Torun,2005,5,18,35.73,12.6
53.0077807883911,18.6076215275837,Torun,2005,5,19,35.79,12.9
53.0077807883911,18.6076215275837,Torun,2005,5,20,35.7,13.7
53.0077807883911,18.6076215275837,Torun,2005,5,21,35.62,14.3
53.0077807883911,18.6076215275837,Torun,2005,5,22,35.77,14.4
53.0077807883911,18.6076215275837,Torun,2005,5,23,35.92,15.4
53.0077807883911,18.6076215275837,Torun,2005,5,24,36.32,15.0
53.0077807883911,18.6076215275837,Torun,2005,5,25,36.75,17.2
53.0077807883911,18.6076215275837,Torun,2005,5,26,36.81,18.2
53.0077807883911,18.6076215275837,Torun,2005,5,27,36.43,18.0
53.0077807883911,18.6076215275837,Torun,2005,5,28,36.15,18.8
53.0077807883911,18.6076215275837,Torun,2005,5,29,35.69,20.7
53.0077807883911,18.6076215275837,Torun,2005,5,30,35.28,21.1
53.0077807883911,18.6076215275837,Torun,2005,5,31,35.18,21.3
53.0077807883911,18.6076215275837,Torun,2005,6,1,35.22,19.6
53.0077807883911,18.6076215275837,Torun,2005,6,2,35.33,19.2
53.0077807883911,18.6076215275837,Torun,2005,6,3,35.11,19.6
53.0077807883911,18.6076215275837,Torun,2005,6,4,34.97,19.6
53.0077807883911,18.6076215275837,Torun,2005,6,5,34.88,19.1
53.0077807883911,18.6076215275837,Torun,2005,6,6,34.95,18.6
53.0077807883911,18.6076215275837,Torun,2005,6,7,34.92,17.9
53.0077807883911,18.6076215275837,Torun,2005,6,8,34.9,18.0
53.0077807883911,18.6076215275837,Torun,2005,6,9,34.82,17.2
53.0077807883911,18.6076215275837,Torun,2005,6,10,34.76,17.4
53.0077807883911,18.6076215275837,Torun,2005,6,11,34.7,17.8
53.0077807883911,18.6076215275837,Torun,2005,6,12,34.64,17.1
53.0077807883911,18.6076215275837,Torun,2005,6,13,34.85,16.9
53.0077807883911,18.6076215275837,Torun,2005,6,14,35.31,18.1
53.0077807883911,18.6076215275837,Torun,2005,6,15,35.18,18.8
53.0077807883911,18.6076215275837,Torun,2005,6,16,35.82,19.2
53.0077807883911,18.6076215275837,Torun,2005,6,17,36.23,20.1
53.0077807883911,18.6076215275837,Torun,2005,6,18,36.61,20.4
53.0077807883911,18.6076215275837,Torun,2005,6,19,36.56,19.0
53.0077807883911,18.6076215275837,Torun,2005,6,20,35.93,19.1
53.0077807883911,18.6076215275837,Torun,2005,6,21,35.77,18.9
53.0077807883911,18.6076215275837,Torun,2005,6,22,35.54,19.8
53.0077807883911,18.6076215275837,Torun,2005,6,23,35.22,19.4
53.0077807883911,18.6076215275837,Torun,2005,6,24,34.98,20.5
53.0077807883911,18.6076215275837,Torun,2005,6,25,34.88,21.4
53.0077807883911,18.6076215275837,Torun,2005,6,26,34.9,21.7
53.0077807883911,18.6076215275837,Torun,2005,6,27,34.85,21.1
53.0077807883911,18.6076215275837,Torun,2005,6,28,34.83,21.4
53.0077807883911,18.6076215275837,Torun,2005,6,29,34.73,20.8
53.0077807883911,18.6076215275837,Torun,2005,6,30,34.51,20.8
53.0077807883911,18.6076215275837,Torun,2005,7,1,34.32,20.5
53.0077807883911,18.6076215275837,Torun,2005,7,2,34.3,21.3
53.0077807883911,18.6076215275837,Torun,2005,7,3,34.27,21.3
53.0077807883911,18.6076215275837,Torun,2005,7,4,34.16,21.6
53.0077807883911,18.6076215275837,Torun,2005,7,5,34.09,21.7
53.0077807883911,18.6076215275837,Torun,2005,7,6,34.08,22.3
53.0077807883911,18.6076215275837,Torun,2005,7,7,34.11,21.8
53.0077807883911,18.6076215275837,Torun,2005,7,8,34.08,22.3
53.0077807883911,18.6076215275837,Torun,2005,7,9,34.03,22.5
53.0077807883911,18.6076215275837,Torun,2005,7,10,34.03,22.9
53.0077807883911,18.6076215275837,Torun,2005,7,11,34.02,22.9
53.0077807883911,18.6076215275837,Torun,2005,7,12,34.02,23.0
53.0077807883911,18.6076215275837,Torun,2005,7,13,34.02,23.2
53.0077807883911,18.6076215275837,Torun,2005,7,14,33.97,23.5
53.0077807883911,18.6076215275837,Torun,2005,7,15,33.81,23.8
53.0077807883911,18.6076215275837,Torun,2005,7,16,33.9,23.9
53.0077807883911,18.6076215275837,Torun,2005,7,17,34.02,24.3
53.0077807883911,18.6076215275837,Torun,2005,7,18,34.12,22.1
53.0077807883911,18.6076215275837,Torun,2005,7,19,34.19,22.5
53.0077807883911,18.6076215275837,Torun,2005,7,20,34.11,22.6
53.0077807883911,18.6076215275837,Torun,2005,7,21,34.02,21.5
53.0077807883911,18.6076215275837,Torun,2005,7,22,33.9,20.0
53.0077807883911,18.6076215275837,Torun,2005,7,23,33.85,20.3
53.0077807883911,18.6076215275837,Torun,2005,7,24,33.99,20.5
53.0077807883911,18.6076215275837,Torun,2005,7,25,33.96,20.0
53.0077807883911,18.6076215275837,Torun,2005,7,26,34.04,19.7
53.0077807883911,18.6076215275837,Torun,2005,7,27,33.93,20.6
53.0077807883911,18.6076215275837,Torun,2005,7,28,33.88,21.9
53.0077807883911,18.6076215275837,Torun,2005,7,29,33.94,21.5
53.0077807883911,18.6076215275837,Torun,2005,7,30,33.92,21.9
53.0077807883911,18.6076215275837,Torun,2005,7,31,33.93,22.6
53.0077807883911,18.6076215275837,Torun,2005,8,1,33.86,21.7
53.0077807883911,18.6076215275837,Torun,2005,8,2,34.38,21.5
53.0077807883911,18.6076215275837,Torun,2005,8,3,34.22,22.3
53.0077807883911,18.6076215275837,Torun,2005,8,4,33.98,22.7
53.0077807883911,18.6076215275837,Torun,2005,8,5,34.07,21.3
53.0077807883911,18.6076215275837,Torun,2005,8,6,33.97,21.5
53.0077807883911,18.6076215275837,Torun,2005,8,7,33.93,21.3
53.0077807883911,18.6076215275837,Torun,2005,8,8,33.96,20.8
53.0077807883911,18.6076215275837,Torun,2005,8,9,33.88,19.8
53.0077807883911,18.6076215275837,Torun,2005,8,10,34.04,18.8
53.0077807883911,18.6076215275837,Torun,2005,8,11,33.94,18.6
53.0077807883911,18.6076215275837,Torun,2005,8,12,35.17,18.4
53.0077807883911,18.6076215275837,Torun,2005,8,13,35.2,18.0
53.0077807883911,18.6076215275837,Torun,2005,8,14,35.02,17.4
53.0077807883911,18.6076215275837,Torun,2005,8,15,35.68,17.0
53.0077807883911,18.6076215275837,Torun,2005,8,16,35.66,17.6
53.0077807883911,18.6076215275837,Torun,2005,8,17,35.18,19.4
53.0077807883911,18.6076215275837,Torun,2005,8,18,35.07,19.6
53.0077807883911,18.6076215275837,Torun,2005,8,19,34.97,18.8
53.0077807883911,18.6076215275837,Torun,2005,8,20,35.02,19.6
53.0077807883911,18.6076215275837,Torun,2005,8,21,34.81,19.8
53.0077807883911,18.6076215275837,Torun,2005,8,22,34.61,20.0
53.0077807883911,18.6076215275837,Torun,2005,8,23,34.64,20.5
53.0077807883911,18.6076215275837,Torun,2005,8,24,34.88,20.5
53.0077807883911,18.6076215275837,Torun,2005,8,25,34.65,21.1
53.0077807883911,18.6076215275837,Torun,2005,8,26,34.53,21.3
53.0077807883911,18.6076215275837,Torun,2005,8,27,34.48,20.2
53.0077807883911,18.6076215275837,Torun,2005,8,28,34.51,20.3
53.0077807883911,18.6076215275837,Torun,2005,8,29,34.41,20.7
53.0077807883911,18.6076215275837,Torun,2005,8,30,34.06,20.9
53.0077807883911,18.6076215275837,Torun,2005,8,31,34.6,21.0
53.0077807883911,18.6076215275837,Torun,2005,9,1,34.69,20.5
53.0077807883911,18.6076215275837,Torun,2005,9,2,34.5,20.3
53.0077807883911,18.6076215275837,Torun,2005,9,3,34.32,20.3
53.0077807883911,18.6076215275837,Torun,2005,9,4,34.22,20.3
53.0077807883911,18.6076215275837,Torun,2005,9,5,34.29,20.6
53.0077807883911,18.6076215275837,Torun,2005,9,6,34.28,20.5
53.0077807883911,18.6076215275837,Torun,2005,9,7,34.31,20.6
53.0077807883911,18.6076215275837,Torun,2005,9,8,34.08,20.6
53.0077807883911,18.6076215275837,Torun,2005,9,9,34.02,20.8
53.0077807883911,18.6076215275837,Torun,2005,9,10,33.87,21.3
53.0077807883911,18.6076215275837,Torun,2005,9,11,33.72,21.5
53.0077807883911,18.6076215275837,Torun,2005,9,12,33.77,21.1
53.0077807883911,18.6076215275837,Torun,2005,9,13,33.79,20.3
53.0077807883911,18.6076215275837,Torun,2005,9,14,33.74,19.6
53.0077807883911,18.6076215275837,Torun,2005,9,15,33.78,19.2
53.0077807883911,18.6076215275837,Torun,2005,9,16,33.89,18.6
53.0077807883911,18.6076215275837,Torun,2005,9,17,33.87,17.6
53.0077807883911,18.6076215275837,Torun,2005,9,18,33.67,17.4
53.0077807883911,18.6076215275837,Torun,2005,9,19,33.74,17.6
53.0077807883911,18.6076215275837,Torun,2005,9,20,33.74,17.4
53.0077807883911,18.6076215275837,Torun,2005,9,21,33.66,17.4
53.0077807883911,18.6076215275837,Torun,2005,9,22,33.66,16.8
53.0077807883911,18.6076215275837,Torun,2005,9,23,33.76,16.6
53.0077807883911,18.6076215275837,Torun,2005,9,24,33.9,16.5
53.0077807883911,18.6076215275837,Torun,2005,9,25,33.84,16.4
53.0077807883911,18.6076215275837,Torun,2005,9,26,33.9,16.2
53.0077807883911,18.6076215275837,Torun,2005,9,27,33.81,16.3
53.0077807883911,18.6076215275837,Torun,2005,9,28,33.82,16.5
53.0077807883911,18.6076215275837,Torun,2005,9,29,33.72,15.2
53.0077807883911,18.6076215275837,Torun,2005,9,30,33.67,15.3
53.0077807883911,18.6076215275837,Torun,2005,10,1,33.66,15.1
53.0077807883911,18.6076215275837,Torun,2005,10,2,33.66,15.0
53.0077807883911,18.6076215275837,Torun,2005,10,3,33.67,15.1
53.0077807883911,18.6076215275837,Torun,2005,10,4,33.66,15.2
53.0077807883911,18.6076215275837,Torun,2005,10,5,33.66,15.2
53.0077807883911,18.6076215275837,Torun,2005,10,6,33.64,14.6
53.0077807883911,18.6076215275837,Torun,2005,10,7,33.62,14.4
53.0077807883911,18.6076215275837,Torun,2005,10,8,33.75,14.4
53.0077807883911,18.6076215275837,Torun,2005,10,9,34.0,14.4
53.0077807883911,18.6076215275837,Torun,2005,10,10,34.22,14.0
53.0077807883911,18.6076215275837,Torun,2005,10,11,34.18,14.0
53.0077807883911,18.6076215275837,Torun,2005,10,12,33.71,13.4
53.0077807883911,18.6076215275837,Torun,2005,10,13,33.73,13.1
53.0077807883911,18.6076215275837,Torun,2005,10,14,33.67,12.7
53.0077807883911,18.6076215275837,Torun,2005,10,15,33.66,12.8
53.0077807883911,18.6076215275837,Torun,2005,10,16,33.66,11.8
53.0077807883911,18.6076215275837,Torun,2005,10,17,33.67,11.2
53.0077807883911,18.6076215275837,Torun,2005,10,18,33.78,11.2
53.0077807883911,18.6076215275837,Torun,2005,10,19,33.78,11.0
53.0077807883911,18.6076215275837,Torun,2005,10,20,33.67,10.5
53.0077807883911,18.6076215275837,Torun,2005,10,21,33.64,10.1
53.0077807883911,18.6076215275837,Torun,2005,10,22,33.63,9.6
53.0077807883911,18.6076215275837,Torun,2005,10,23,33.64,10.2
53.0077807883911,18.6076215275837,Torun,2005,10,24,34.08,10.8
53.0077807883911,18.6076215275837,Torun,2005,10,25,34.29,10.0
53.0077807883911,18.6076215275837,Torun,2005,10,26,33.68,10.3
53.0077807883911,18.6076215275837,Torun,2005,10,27,33.66,10.2
53.0077807883911,18.6076215275837,Torun,2005,10,28,33.66,9.8
53.0077807883911,18.6076215275837,Torun,2005,10,29,33.66,8.8
53.0077807883911,18.6076215275837,Torun,2005,10,30,33.65,7.3
53.0077807883911,18.6076215275837,Torun,2005,10,31,33.68,7.2
53.0077807883911,18.6076215275837,Torun,2005,11,1,33.67,7.1
53.0077807883911,18.6076215275837,Torun,2005,11,2,33.64,7.3
53.0077807883911,18.6076215275837,Torun,2005,11,3,33.73,7.7
53.0077807883911,18.6076215275837,Torun,2005,11,4,33.76,7.6
53.0077807883911,18.6076215275837,Torun,2005,11,5,33.65,7.8
53.0077807883911,18.6076215275837,Torun,2005,11,6,33.64,7.6
53.0077807883911,18.6076215275837,Torun,2005,11,7,33.64,7.9
53.0077807883911,18.6076215275837,Torun,2005,11,8,33.62,7.9
53.0077807883911,18.6076215275837,Torun,2005,11,9,33.62,7.7
53.0077807883911,18.6076215275837,Torun,2005,11,10,33.62,6.9
53.0077807883911,18.6076215275837,Torun,2005,11,11,33.63,6.9
53.0077807883911,18.6076215275837,Torun,2005,11,12,33.63,7.1
53.0077807883911,18.6076215275837,Torun,2005,11,13,33.64,6.7
53.0077807883911,18.6076215275837,Torun,2005,11,14,33.66,6.5
53.0077807883911,18.6076215275837,Torun,2005,11,15,34.34,6.9
53.0077807883911,18.6076215275837,Torun,2005,11,16,34.19,6.7
53.0077807883911,18.6076215275837,Torun,2005,11,17,33.64,5.7
53.0077807883911,18.6076215275837,Torun,2005,11,18,33.6,5.5
53.0077807883911,18.6076215275837,Torun,2005,11,19,33.64,4.5
53.0077807883911,18.6076215275837,Torun,2005,11,20,33.6,4.4
53.0077807883911,18.6076215275837,Torun,2005,11,21,33.6,4.9
53.0077807883911,18.6076215275837,Torun,2005,11,22,33.6,4.7
53.0077807883911,18.6076215275837,Torun,2005,11,23,33.6,4.1
53.0077807883911,18.6076215275837,Torun,2005,11,24,33.6,3.8
53.0077807883911,18.6076215275837,Torun,2005,11,25,33.62,2.2
53.0077807883911,18.6076215275837,Torun,2005,11,26,33.73,2.9
53.0077807883911,18.6076215275837,Torun,2005,11,27,33.64,2.7
53.0077807883911,18.6076215275837,Torun,2005,11,28,33.7,2.8
53.0077807883911,18.6076215275837,Torun,2005,11,29,34.2,2.7
53.0077807883911,18.6076215275837,Torun,2005,11,30,33.68,1.9
53.0077807883911,18.6076215275837,Torun,2006,5,1,35.72,13.8
53.0077807883911,18.6076215275837,Torun,2006,5,2,35.75,13.9
53.0077807883911,18.6076215275837,Torun,2006,5,3,35.66,13.7
53.0077807883911,18.6076215275837,Torun,2006,5,4,35.49,14.6
53.0077807883911,18.6076215275837,Torun,2006,5,5,35.19,15.0
53.0077807883911,18.6076215275837,Torun,2006,5,6,35.17,15.1
53.0077807883911,18.6076215275837,Torun,2006,5,7,35.2,15.5
53.0077807883911,18.6076215275837,Torun,2006,5,8,35.11,15.7
53.0077807883911,18.6076215275837,Torun,2006,5,9,35.14,15.9
53.0077807883911,18.6076215275837,Torun,2006,5,10,35.0,16.2
53.0077807883911,18.6076215275837,Torun,2006,5,11,35.01,16.2
53.0077807883911,18.6076215275837,Torun,2006,5,12,34.96,16.8
53.0077807883911,18.6076215275837,Torun,2006,5,13,34.77,16.9
53.0077807883911,18.6076215275837,Torun,2006,5,14,34.71,17.1
53.0077807883911,18.6076215275837,Torun,2006,5,15,34.67,16.5
53.0077807883911,18.6076215275837,Torun,2006,5,16,34.57,16.8
53.0077807883911,18.6076215275837,Torun,2006,5,17,34.58,16.6
53.0077807883911,18.6076215275837,Torun,2006,5,18,34.58,17.0
53.0077807883911,18.6076215275837,Torun,2006,5,19,34.6,16.9
53.0077807883911,18.6076215275837,Torun,2006,5,20,34.53,17.0
53.0077807883911,18.6076215275837,Torun,2006,5,21,34.53,16.8
53.0077807883911,18.6076215275837,Torun,2006,5,22,34.5,16.4
53.0077807883911,18.6076215275837,Torun,2006,5,23,34.48,16.6
53.0077807883911,18.6076215275837,Torun,2006,5,24,34.76,17.1
53.0077807883911,18.6076215275837,Torun,2006,5,25,34.51,17.2
53.0077807883911,18.6076215275837,Torun,2006,5,26,34.32,17.0
53.0077807883911,18.6076215275837,Torun,2006,5,27,34.23,16.0
53.0077807883911,18.6076215275837,Torun,2006,5,28,34.4,16.2
53.0077807883911,18.6076215275837,Torun,2006,5,29,34.34,15.5
53.0077807883911,18.6076215275837,Torun,2006,5,30,34.29,15.4
53.0077807883911,18.6076215275837,Torun,2006,5,31,34.28,15.6
53.0077807883911,18.6076215275837,Torun,2006,6,1,34.3,15.2
53.0077807883911,18.6076215275837,Torun,2006,6,2,34.42,15.1
53.0077807883911,18.6076215275837,Torun,2006,6,3,34.63,15.8
53.0077807883911,18.6076215275837,Torun,2006,6,4,35.0,16.3
53.0077807883911,18.6076215275837,Torun,2006,6,5,34.86,15.1
53.0077807883911,18.6076215275837,Torun,2006,6,6,35.38,15.6
53.0077807883911,18.6076215275837,Torun,2006,6,7,35.92,16.1
53.0077807883911,18.6076215275837,Torun,2006,6,8,35.86,15.4
53.0077807883911,18.6076215275837,Torun,2006,6,9,35.96,15.4
53.0077807883911,18.6076215275837,Torun,2006,6,10,36.58,15.6
53.0077807883911,18.6076215275837,Torun,2006,6,11,37.24,15.7
53.0077807883911,18.6076215275837,Torun,2006,6,12,37.24,15.9
53.0077807883911,18.6076215275837,Torun,2006,6,13,36.46,16.6
53.0077807883911,18.6076215275837,Torun,2006,6,14,36.13,17.8
53.0077807883911,18.6076215275837,Torun,2006,6,15,35.7,19.0
53.0077807883911,18.6076215275837,Torun,2006,6,16,35.44,19.1
53.0077807883911,18.6076215275837,Torun,2006,6,17,35.05,19.6
53.0077807883911,18.6076215275837,Torun,2006,6,18,34.82,20.7
53.0077807883911,18.6076215275837,Torun,2006,6,19,34.62,19.6
53.0077807883911,18.6076215275837,Torun,2006,6,20,34.91,21.3
53.0077807883911,18.6076215275837,Torun,2006,6,21,35.06,22.3
53.0077807883911,18.6076215275837,Torun,2006,6,22,34.71,22.5
53.0077807883911,18.6076215275837,Torun,2006,6,23,34.32,22.5
53.0077807883911,18.6076215275837,Torun,2006,6,24,34.16,22.3
53.0077807883911,18.6076215275837,Torun,2006,6,25,34.53,22.1
53.0077807883911,18.6076215275837,Torun,2006,6,26,34.38,23.2
53.0077807883911,18.6076215275837,Torun,2006,6,27,34.24,23.9
53.0077807883911,18.6076215275837,Torun,2006,6,28,34.5,24.0
53.0077807883911,18.6076215275837,Torun,2006,6,29,34.5,23.5
53.0077807883911,18.6076215275837,Torun,2006,6,30,34.25,23.2
53.0077807883911,18.6076215275837,Torun,2006,7,1,34.34,23.2
53.0077807883911,18.6076215275837,Torun,2006,7,2,34.24,23.5
53.0077807883911,18.6076215275837,Torun,2006,7,3,34.28,23.8
53.0077807883911,18.6076215275837,Torun,2006,7,4,34.22,23.6
53.0077807883911,18.6076215275837,Torun,2006,7,5,34.18,23.9
53.0077807883911,18.6076215275837,Torun,2006,7,6,34.55,24.6
53.0077807883911,18.6076215275837,Torun,2006,7,7,35.62,22.6
53.0077807883911,18.6076215275837,Torun,2006,7,8,35.35,25.2
53.0077807883911,18.6076215275837,Torun,2006,7,9,34.9,25.4
53.0077807883911,18.6076215275837,Torun,2006,7,10,34.6,25.6
53.0077807883911,18.6076215275837,Torun,2006,7,11,34.58,25.2
53.0077807883911,18.6076215275837,Torun,2006,7,12,34.12,25.8
53.0077807883911,18.6076215275837,Torun,2006,7,13,34.4,25.4
53.0077807883911,18.6076215275837,Torun,2006,7,14,33.83,25.7
53.0077807883911,18.6076215275837,Torun,2006,7,15,33.8,23.0
53.0077807883911,18.6076215275837,Torun,2006,7,16,33.9,21.7
53.0077807883911,18.6076215275837,Torun,2006,7,17,33.86,22.0
53.0077807883911,18.6076215275837,Torun,2006,7,18,33.61,22.1
53.0077807883911,18.6076215275837,Torun,2006,7,19,33.7,23.3
53.0077807883911,18.6076215275837,Torun,2006,7,20,33.74,23.8
53.0077807883911,18.6076215275837,Torun,2006,7,21,33.86,24.1
53.0077807883911,18.6076215275837,Torun,2006,7,22,33.84,24.2
53.0077807883911,18.6076215275837,Torun,2006,7,23,33.8,24.0
53.0077807883911,18.6076215275837,Torun,2006,7,24,33.71,24.3
53.0077807883911,18.6076215275837,Torun,2006,7,25,33.74,24.0
53.0077807883911,18.6076215275837,Torun,2006,7,26,33.6,24.4
53.0077807883911,18.6076215275837,Torun,2006,7,27,33.55,24.4
53.0077807883911,18.6076215275837,Torun,2006,7,28,33.54,24.3
53.0077807883911,18.6076215275837,Torun,2006,7,29,33.5,24.8
53.0077807883911,18.6076215275837,Torun,2006,7,30,33.57,23.8
53.0077807883911,18.6076215275837,Torun,2006,7,31,33.48,23.6
53.0077807883911,18.6076215275837,Torun,2006,8,1,33.42,24.1
53.0077807883911,18.6076215275837,Torun,2006,8,2,33.41,23.9
53.0077807883911,18.6076215275837,Torun,2006,8,3,33.5,22.7
53.0077807883911,18.6076215275837,Torun,2006,8,4,33.51,23.1
53.0077807883911,18.6076215275837,Torun,2006,8,5,33.45,21.1
53.0077807883911,18.6076215275837,Torun,2006,8,6,33.52,22.1
53.0077807883911,18.6076215275837,Torun,2006,8,7,33.55,21.2
53.0077807883911,18.6076215275837,Torun,2006,8,8,33.81,22.0
53.0077807883911,18.6076215275837,Torun,2006,8,9,33.81,21.3
53.0077807883911,18.6076215275837,Torun,2006,8,10,33.89,21.0
53.0077807883911,18.6076215275837,Torun,2006,8,11,33.73,21.3
53.0077807883911,18.6076215275837,Torun,2006,8,12,33.85,21.3
53.0077807883911,18.6076215275837,Torun,2006,8,13,33.66,21.1
53.0077807883911,18.6076215275837,Torun,2006,8,14,33.67,20.0
53.0077807883911,18.6076215275837,Torun,2006,8,15,33.82,20.5
53.0077807883911,18.6076215275837,Torun,2006,8,16,33.96,20.5
53.0077807883911,18.6076215275837,Torun,2006,8,17,33.96,21.4
53.0077807883911,18.6076215275837,Torun,2006,8,18,33.96,22.0
53.0077807883911,18.6076215275837,Torun,2006,8,19,33.96,21.8
53.0077807883911,18.6076215275837,Torun,2006,8,20,34.15,21.2
53.0077807883911,18.6076215275837,Torun,2006,8,21,34.26,21.3
53.0077807883911,18.6076215275837,Torun,2006,8,22,34.16,20.7
53.0077807883911,18.6076215275837,Torun,2006,8,23,34.24,20.3
53.0077807883911,18.6076215275837,Torun,2006,8,24,34.18,20.3
53.0077807883911,18.6076215275837,Torun,2006,8,25,34.19,20.2
53.0077807883911,18.6076215275837,Torun,2006,8,26,34.11,20.8
53.0077807883911,18.6076215275837,Torun,2006,8,27,34.14,20.3
53.0077807883911,18.6076215275837,Torun,2006,8,28,34.16,19.8
53.0077807883911,18.6076215275837,Torun,2006,8,29,34.07,19.5
53.0077807883911,18.6076215275837,Torun,2006,8,30,34.12,19.6
53.0077807883911,18.6076215275837,Torun,2006,8,31,34.06,17.9
53.0077807883911,18.6076215275837,Torun,2006,9,1,34.08,18.0
53.0077807883911,18.6076215275837,Torun,2006,9,2,34.23,18.2
53.0077807883911,18.6076215275837,Torun,2006,9,3,34.3,18.8
53.0077807883911,18.6076215275837,Torun,2006,9,4,34.32,18.8
53.0077807883911,18.6076215275837,Torun,2006,9,5,34.25,17.1
53.0077807883911,18.6076215275837,Torun,2006,9,6,34.41,16.2
53.0077807883911,18.6076215275837,Torun,2006,9,7,34.48,17.2
53.0077807883911,18.6076215275837,Torun,2006,9,8,34.86,18.0
53.0077807883911,18.6076215275837,Torun,2006,9,9,34.75,16.4
53.0077807883911,18.6076215275837,Torun,2006,9,10,34.5,16.6
53.0077807883911,18.6076215275837,Torun,2006,9,11,34.3,16.4
53.0077807883911,18.6076215275837,Torun,2006,9,12,34.54,17.1
53.0077807883911,18.6076215275837,Torun,2006,9,13,34.59,17.4
53.0077807883911,18.6076215275837,Torun,2006,9,14,34.53,17.4
53.0077807883911,18.6076215275837,Torun,2006,9,15,34.62,17.6
53.0077807883911,18.6076215275837,Torun,2006,9,16,34.58,17.6
53.0077807883911,18.6076215275837,Torun,2006,9,17,34.53,17.6
53.0077807883911,18.6076215275837,Torun,2006,9,18,34.48,17.8
53.0077807883911,18.6076215275837,Torun,2006,9,19,34.29,17.4
53.0077807883911,18.6076215275837,Torun,2006,9,20,34.71,17.4
53.0077807883911,18.6076215275837,Torun,2006,9,21,34.45,16.8
53.0077807883911,18.6076215275837,Torun,2006,9,22,34.42,17.8
53.0077807883911,18.6076215275837,Torun,2006,9,23,34.22,17.8
53.0077807883911,18.6076215275837,Torun,2006,9,24,34.23,17.8
53.0077807883911,18.6076215275837,Torun,2006,9,25,34.31,18.0
53.0077807883911,18.6076215275837,Torun,2006,9,26,34.24,17.8
53.0077807883911,18.6076215275837,Torun,2006,9,27,34.4,17.8
53.0077807883911,18.6076215275837,Torun,2006,9,28,34.42,17.8
53.0077807883911,18.6076215275837,Torun,2006,9,29,34.43,17.5
53.0077807883911,18.6076215275837,Torun,2006,9,30,33.59,17.1
53.0077807883911,18.6076215275837,Torun,2006,10,1,33.94,17.6
53.0077807883911,18.6076215275837,Torun,2006,10,2,34.18,17.5
53.0077807883911,18.6076215275837,Torun,2006,10,3,34.28,16.4
53.0077807883911,18.6076215275837,Torun,2006,10,4,34.22,17.0
53.0077807883911,18.6076215275837,Torun,2006,10,5,34.12,16.9
53.0077807883911,18.6076215275837,Torun,2006,10,6,34.16,16.9
53.0077807883911,18.6076215275837,Torun,2006,10,7,34.06,15.8
53.0077807883911,18.6076215275837,Torun,2006,10,8,34.16,15.6
53.0077807883911,18.6076215275837,Torun,2006,10,9,33.99,15.3
53.0077807883911,18.6076215275837,Torun,2006,10,10,33.83,14.9
53.0077807883911,18.6076215275837,Torun,2006,10,11,33.98,15.1
53.0077807883911,18.6076215275837,Torun,2006,10,12,34.01,15.0
53.0077807883911,18.6076215275837,Torun,2006,10,13,34.01,14.8
53.0077807883911,18.6076215275837,Torun,2006,10,14,33.96,14.4
53.0077807883911,18.6076215275837,Torun,2006,10,15,34.06,13.4
53.0077807883911,18.6076215275837,Torun,2006,10,16,33.94,13.3
53.0077807883911,18.6076215275837,Torun,2006,10,17,33.64,13.2
53.0077807883911,18.6076215275837,Torun,2006,10,18,33.66,12.4
53.0077807883911,18.6076215275837,Torun,2006,10,19,34.0,11.7
53.0077807883911,18.6076215275837,Torun,2006,10,20,34.45,11.9
53.0077807883911,18.6076215275837,Torun,2006,10,21,33.62,11.3
53.0077807883911,18.6076215275837,Torun,2006,10,22,33.78,11.5
53.0077807883911,18.6076215275837,Torun,2006,10,23,33.76,11.5
53.0077807883911,18.6076215275837,Torun,2006,10,24,33.99,11.6
53.0077807883911,18.6076215275837,Torun,2006,10,25,34.0,11.6
53.0077807883911,18.6076215275837,Torun,2006,10,26,33.86,11.0
53.0077807883911,18.6076215275837,Torun,2006,10,27,33.86,11.5
53.0077807883911,18.6076215275837,Torun,2006,10,28,33.86,11.1
53.0077807883911,18.6076215275837,Torun,2006,10,29,33.81,11.3
53.0077807883911,18.6076215275837,Torun,2006,10,30,33.68,9.7
53.0077807883911,18.6076215275837,Torun,2006,10,31,33.56,9.3
53.0077807883911,18.6076215275837,Torun,2006,11,1,33.75,9.5
53.0077807883911,18.6076215275837,Torun,2006,11,2,34.13,9.0
53.0077807883911,18.6076215275837,Torun,2006,11,3,33.74,6.8
53.0077807883911,18.6076215275837,Torun,2006,11,4,33.66,6.2
53.0077807883911,18.6076215275837,Torun,2006,11,5,33.66,6.4
53.0077807883911,18.6076215275837,Torun,2006,11,6,33.66,6.5
53.0077807883911,18.6076215275837,Torun,2006,11,7,33.54,6.3
53.0077807883911,18.6076215275837,Torun,2006,11,8,34.02,6.8
53.0077807883911,18.6076215275837,Torun,2006,11,9,34.21,6.8
53.0077807883911,18.6076215275837,Torun,2006,11,10,34.06,5.6
53.0077807883911,18.6076215275837,Torun,2006,11,11,33.98,5.2
53.0077807883911,18.6076215275837,Torun,2006,11,12,34.21,5.6
53.0077807883911,18.6076215275837,Torun,2006,11,13,34.54,5.6
53.0077807883911,18.6076215275837,Torun,2006,11,14,34.85,5.7
53.0077807883911,18.6076215275837,Torun,2006,11,15,34.76,6.0
53.0077807883911,18.6076215275837,Torun,2006,11,16,35.04,6.1
53.0077807883911,18.6076215275837,Torun,2006,11,17,34.68,6.0
53.0077807883911,18.6076215275837,Torun,2006,11,18,34.62,6.3
53.0077807883911,18.6076215275837,Torun,2006,11,19,34.97,6.6
53.0077807883911,18.6076215275837,Torun,2006,11,20,34.92,6.8
53.0077807883911,18.6076215275837,Torun,2006,11,21,34.82,6.9
53.0077807883911,18.6076215275837,Torun,2006,11,22,34.95,7.1
53.0077807883911,18.6076215275837,Torun,2006,11,23,35.02,7.1
53.0077807883911,18.6076215275837,Torun,2006,11,24,34.87,7.2
53.0077807883911,18.6076215275837,Torun,2006,11,25,34.77,7.3
53.0077807883911,18.6076215275837,Torun,2006,11,26,34.66,7.5
53.0077807883911,18.6076215275837,Torun,2006,11,27,34.6,7.6
53.0077807883911,18.6076215275837,Torun,2006,11,28,34.51,7.4
53.0077807883911,18.6076215275837,Torun,2006,11,29,34.47,7.4
53.0077807883911,18.6076215275837,Torun,2006,11,30,34.55,7.3
53.0077807883911,18.6076215275837,Torun,2007,5,1,34.45,12.4
53.0077807883911,18.6076215275837,Torun,2007,5,2,34.45,12.6
53.0077807883911,18.6076215275837,Torun,2007,5,3,34.38,13.2
53.0077807883911,18.6076215275837,Torun,2007,5,4,34.26,13.4
53.0077807883911,18.6076215275837,Torun,2007,5,5,34.2,14.0
53.0077807883911,18.6076215275837,Torun,2007,5,6,34.25,14.4
53.0077807883911,18.6076215275837,Torun,2007,5,7,34.36,14.1
53.0077807883911,18.6076215275837,Torun,2007,5,8,34.34,14.0
53.0077807883911,18.6076215275837,Torun,2007,5,9,34.6,14.0
53.0077807883911,18.6076215275837,Torun,2007,5,10,34.23,13.6
53.0077807883911,18.6076215275837,Torun,2007,5,11,33.58,13.8
53.0077807883911,18.6076215275837,Torun,2007,5,12,34.18,14.5
53.0077807883911,18.6076215275837,Torun,2007,5,13,34.39,14.2
53.0077807883911,18.6076215275837,Torun,2007,5,14,34.3,14.4
53.0077807883911,18.6076215275837,Torun,2007,5,15,34.34,16.0
53.0077807883911,18.6076215275837,Torun,2007,5,16,34.34,15.6
53.0077807883911,18.6076215275837,Torun,2007,5,17,34.33,15.4
53.0077807883911,18.6076215275837,Torun,2007,5,18,34.45,14.8
53.0077807883911,18.6076215275837,Torun,2007,5,19,34.36,15.4
53.0077807883911,18.6076215275837,Torun,2007,5,20,34.23,16.6
53.0077807883911,18.6076215275837,Torun,2007,5,21,34.29,18.1
53.0077807883911,18.6076215275837,Torun,2007,5,22,34.31,19.5
53.0077807883911,18.6076215275837,Torun,2007,5,23,34.35,20.0
53.0077807883911,18.6076215275837,Torun,2007,5,24,34.4,19.7
53.0077807883911,18.6076215275837,Torun,2007,5,25,34.32,19.9
53.0077807883911,18.6076215275837,Torun,2007,5,26,34.18,21.7
53.0077807883911,18.6076215275837,Torun,2007,5,27,34.34,22.5
53.0077807883911,18.6076215275837,Torun,2007,5,28,34.21,23.5
53.0077807883911,18.6076215275837,Torun,2007,5,29,33.91,23.4
53.0077807883911,18.6076215275837,Torun,2007,5,30,34.1,23.2
53.0077807883911,18.6076215275837,Torun,2007,5,31,34.06,21.5
53.0077807883911,18.6076215275837,Torun,2007,6,1,34.04,20.5
53.0077807883911,18.6076215275837,Torun,2007,6,2,33.9,21.3
53.0077807883911,18.6076215275837,Torun,2007,6,3,33.99,20.5
53.0077807883911,18.6076215275837,Torun,2007,6,4,33.95,20.5
53.0077807883911,18.6076215275837,Torun,2007,6,5,34.09,20.6
53.0077807883911,18.6076215275837,Torun,2007,6,6,34.02,21.3
53.0077807883911,18.6076215275837,Torun,2007,6,7,34.14,21.7
53.0077807883911,18.6076215275837,Torun,2007,6,8,34.02,22.0
53.0077807883911,18.6076215275837,Torun,2007,6,9,33.98,22.9
53.0077807883911,18.6076215275837,Torun,2007,6,10,34.38,22.3
53.0077807883911,18.6076215275837,Torun,2007,6,11,34.42,22.3
53.0077807883911,18.6076215275837,Torun,2007,6,12,34.44,22.9
53.0077807883911,18.6076215275837,Torun,2007,6,13,34.31,23.1
53.0077807883911,18.6076215275837,Torun,2007,6,14,33.89,23.2
53.0077807883911,18.6076215275837,Torun,2007,6,15,34.17,23.3
53.0077807883911,18.6076215275837,Torun,2007,6,16,33.95,23.3
53.0077807883911,18.6076215275837,Torun,2007,6,17,34.12,23.5
53.0077807883911,18.6076215275837,Torun,2007,6,18,34.12,23.9
53.0077807883911,18.6076215275837,Torun,2007,6,19,34.07,22.3
53.0077807883911,18.6076215275837,Torun,2007,6,20,34.07,22.3
53.0077807883911,18.6076215275837,Torun,2007,6,21,34.0,23.5
53.0077807883911,18.6076215275837,Torun,2007,6,22,34.02,23.1
53.0077807883911,18.6076215275837,Torun,2007,6,23,33.78,21.2
53.0077807883911,18.6076215275837,Torun,2007,6,24,33.61,21.7
53.0077807883911,18.6076215275837,Torun,2007,6,25,34.14,21.9
53.0077807883911,18.6076215275837,Torun,2007,6,26,34.0,22.5
53.0077807883911,18.6076215275837,Torun,2007,6,27,33.55,19.8
53.0077807883911,18.6076215275837,Torun,2007,6,28,33.9,18.2
53.0077807883911,18.6076215275837,Torun,2007,6,29,33.87,18.8
53.0077807883911,18.6076215275837,Torun,2007,6,30,33.86,19.8
53.0077807883911,18.6076215275837,Torun,2007,7,1,34.19,19.2
53.0077807883911,18.6076215275837,Torun,2007,7,2,33.8,19.6
53.0077807883911,18.6076215275837,Torun,2007,7,3,33.52,20.9
53.0077807883911,18.6076215275837,Torun,2007,7,4,33.77,20.5
53.0077807883911,18.6076215275837,Torun,2007,7,5,33.87,19.0
53.0077807883911,18.6076215275837,Torun,2007,7,6,33.89,18.8
53.0077807883911,18.6076215275837,Torun,2007,7,7,33.63,17.0
53.0077807883911,18.6076215275837,Torun,2007,7,8,33.59,17.4
53.0077807883911,18.6076215275837,Torun,2007,7,9,33.64,17.8
53.0077807883911,18.6076215275837,Torun,2007,7,10,33.77,18.2
53.0077807883911,18.6076215275837,Torun,2007,7,11,33.88,17.4
53.0077807883911,18.6076215275837,Torun,2007,7,12,33.94,17.6
53.0077807883911,18.6076215275837,Torun,2007,7,13,34.06,17.7
53.0077807883911,18.6076215275837,Torun,2007,7,14,34.14,17.8
53.0077807883911,18.6076215275837,Torun,2007,7,15,34.04,19.0
53.0077807883911,18.6076215275837,Torun,2007,7,16,33.97,20.2
53.0077807883911,18.6076215275837,Torun,2007,7,17,34.11,21.4
53.0077807883911,18.6076215275837,Torun,2007,7,18,34.2,22.9
53.0077807883911,18.6076215275837,Torun,2007,7,19,34.23,21.7
53.0077807883911,18.6076215275837,Torun,2007,7,20,34.18,23.6
53.0077807883911,18.6076215275837,Torun,2007,7,21,33.68,22.4
53.0077807883911,18.6076215275837,Torun,2007,7,22,33.65,23.5
53.0077807883911,18.6076215275837,Torun,2007,7,23,34.13,21.8
53.0077807883911,18.6076215275837,Torun,2007,7,24,34.08,22.0
53.0077807883911,18.6076215275837,Torun,2007,7,25,33.55,21.3
53.0077807883911,18.6076215275837,Torun,2007,7,26,33.65,20.8
53.0077807883911,18.6076215275837,Torun,2007,7,27,33.85,21.6
53.0077807883911,18.6076215275837,Torun,2007,7,28,33.8,21.3
53.0077807883911,18.6076215275837,Torun,2007,7,29,33.89,21.1
53.0077807883911,18.6076215275837,Torun,2007,7,30,33.92,21.0
53.0077807883911,18.6076215275837,Torun,2007,7,31,33.66,18.8
53.0077807883911,18.6076215275837,Torun,2007,8,1,33.57,18.5
53.0077807883911,18.6076215275837,Torun,2007,8,2,33.63,19.0
53.0077807883911,18.6076215275837,Torun,2007,8,3,33.65,18.9
53.0077807883911,18.6076215275837,Torun,2007,8,4,33.76,18.7
53.0077807883911,18.6076215275837,Torun,2007,8,5,33.78,19.6
53.0077807883911,18.6076215275837,Torun,2007,8,6,33.74,20.3
53.0077807883911,18.6076215275837,Torun,2007,8,7,33.69,21.1
53.0077807883911,18.6076215275837,Torun,2007,8,8,33.7,20.7
53.0077807883911,18.6076215275837,Torun,2007,8,9,33.58,22.0
53.0077807883911,18.6076215275837,Torun,2007,8,10,33.58,22.2
53.0077807883911,18.6076215275837,Torun,2007,8,11,33.62,21.8
53.0077807883911,18.6076215275837,Torun,2007,8,12,33.72,21.5
53.0077807883911,18.6076215275837,Torun,2007,8,13,33.7,22.1
53.0077807883911,18.6076215275837,Torun,2007,8,14,33.68,22.3
53.0077807883911,18.6076215275837,Torun,2007,8,15,33.81,21.7
53.0077807883911,18.6076215275837,Torun,2007,8,16,33.88,22.1
53.0077807883911,18.6076215275837,Torun,2007,8,17,33.97,22.4
53.0077807883911,18.6076215275837,Torun,2007,8,18,33.89,21.5
53.0077807883911,18.6076215275837,Torun,2007,8,19,33.76,21.8
53.0077807883911,18.6076215275837,Torun,2007,8,20,33.78,21.7
53.0077807883911,18.6076215275837,Torun,2007,8,21,34.06,21.5
53.0077807883911,18.6076215275837,Torun,2007,8,22,34.33,22.1
53.0077807883911,18.6076215275837,Torun,2007,8,23,34.3,21.7
53.0077807883911,18.6076215275837,Torun,2007,8,24,33.99,21.5
53.0077807883911,18.6076215275837,Torun,2007,8,25,34.0,22.6
53.0077807883911,18.6076215275837,Torun,2007,8,26,34.03,22.1
53.0077807883911,18.6076215275837,Torun,2007,8,27,33.84,21.2
53.0077807883911,18.6076215275837,Torun,2007,8,28,33.73,19.8
53.0077807883911,18.6076215275837,Torun,2007,8,29,33.72,19.2
53.0077807883911,18.6076215275837,Torun,2007,8,30,33.73,19.4
53.0077807883911,18.6076215275837,Torun,2007,8,31,33.81,18.8
53.0077807883911,18.6076215275837,Torun,2007,9,1,33.82,18.6
53.0077807883911,18.6076215275837,Torun,2007,9,2,33.75,18.1
53.0077807883911,18.6076215275837,Torun,2007,9,3,33.78,18.1
53.0077807883911,18.6076215275837,Torun,2007,9,4,33.73,17.0
53.0077807883911,18.6076215275837,Torun,2007,9,5,33.7,16.4
53.0077807883911,18.6076215275837,Torun,2007,9,6,33.68,14.8
53.0077807883911,18.6076215275837,Torun,2007,9,7,33.63,16.2
53.0077807883911,18.6076215275837,Torun,2007,9,8,33.58,15.8
53.0077807883911,18.6076215275837,Torun,2007,9,9,33.69,16.0
53.0077807883911,18.6076215275837,Torun,2007,9,10,33.78,15.4
53.0077807883911,18.6076215275837,Torun,2007,9,11,34.62,15.0
53.0077807883911,18.6076215275837,Torun,2007,9,12,35.14,15.1
53.0077807883911,18.6076215275837,Torun,2007,9,13,35.65,15.4
53.0077807883911,18.6076215275837,Torun,2007,9,14,36.08,15.4
53.0077807883911,18.6076215275837,Torun,2007,9,15,36.32,15.4
53.0077807883911,18.6076215275837,Torun,2007,9,16,36.51,14.6
53.0077807883911,18.6076215275837,Torun,2007,9,17,36.57,14.1
53.0077807883911,18.6076215275837,Torun,2007,9,18,36.15,14.1
53.0077807883911,18.6076215275837,Torun,2007,9,19,35.82,14.1
53.0077807883911,18.6076215275837,Torun,2007,9,20,35.63,14.0
53.0077807883911,18.6076215275837,Torun,2007,9,21,35.27,13.8
53.0077807883911,18.6076215275837,Torun,2007,9,22,35.02,14.1
53.0077807883911,18.6076215275837,Torun,2007,9,23,34.63,14.2
53.0077807883911,18.6076215275837,Torun,2007,9,24,34.72,14.4
53.0077807883911,18.6076215275837,Torun,2007,9,25,34.51,14.7
53.0077807883911,18.6076215275837,Torun,2007,9,26,34.52,14.8
53.0077807883911,18.6076215275837,Torun,2007,9,27,34.56,14.8
53.0077807883911,18.6076215275837,Torun,2007,9,28,34.34,15.1
53.0077807883911,18.6076215275837,Torun,2007,9,29,34.41,14.8
53.0077807883911,18.6076215275837,Torun,2007,9,30,34.52,14.8
53.0077807883911,18.6076215275837,Torun,2007,10,1,34.3,15.1
53.0077807883911,18.6076215275837,Torun,2007,10,2,34.13,15.2
53.0077807883911,18.6076215275837,Torun,2007,10,3,34.17,14.6
53.0077807883911,18.6076215275837,Torun,2007,10,4,34.25,14.5
53.0077807883911,18.6076215275837,Torun,2007,10,5,34.27,14.4
53.0077807883911,18.6076215275837,Torun,2007,10,6,34.11,14.0
53.0077807883911,18.6076215275837,Torun,2007,10,7,34.23,14.2
53.0077807883911,18.6076215275837,Torun,2007,10,8,34.17,14.3
53.0077807883911,18.6076215275837,Torun,2007,10,9,34.3,13.0
53.0077807883911,18.6076215275837,Torun,2007,10,10,34.21,12.8
53.0077807883911,18.6076215275837,Torun,2007,10,11,34.17,12.2
53.0077807883911,18.6076215275837,Torun,2007,10,12,34.14,12.0
53.0077807883911,18.6076215275837,Torun,2007,10,13,34.45,11.4
53.0077807883911,18.6076215275837,Torun,2007,10,14,34.95,10.8
53.0077807883911,18.6076215275837,Torun,2007,10,15,34.31,10.3
53.0077807883911,18.6076215275837,Torun,2007,10,16,34.36,10.1
53.0077807883911,18.6076215275837,Torun,2007,10,17,34.3,10.9
53.0077807883911,18.6076215275837,Torun,2007,10,18,34.26,11.4
53.0077807883911,18.6076215275837,Torun,2007,10,19,34.19,11.0
53.0077807883911,18.6076215275837,Torun,2007,10,20,34.04,9.0
53.0077807883911,18.6076215275837,Torun,2007,10,21,34.28,9.0
53.0077807883911,18.6076215275837,Torun,2007,10,22,34.31,9.1
53.0077807883911,18.6076215275837,Torun,2007,10,23,34.17,8.5
53.0077807883911,18.6076215275837,Torun,2007,10,24,34.2,8.4
53.0077807883911,18.6076215275837,Torun,2007,10,25,34.18,8.2
53.0077807883911,18.6076215275837,Torun,2007,10,26,34.16,8.3
53.0077807883911,18.6076215275837,Torun,2007,10,27,34.08,8.1
53.0077807883911,18.6076215275837,Torun,2007,10,28,34.24,8.3
53.0077807883911,18.6076215275837,Torun,2007,10,29,34.2,8.4
53.0077807883911,18.6076215275837,Torun,2007,10,30,34.43,8.4
53.0077807883911,18.6076215275837,Torun,2007,10,31,34.66,8.5
53.0077807883911,18.6076215275837,Torun,2007,11,1,34.48,8.6
53.0077807883911,18.6076215275837,Torun,2007,11,2,34.64,9.1
53.0077807883911,18.6076215275837,Torun,2007,11,3,34.64,8.6
53.0077807883911,18.6076215275837,Torun,2007,11,4,34.68,8.3
53.0077807883911,18.6076215275837,Torun,2007,11,5,34.41,8.1
53.0077807883911,18.6076215275837,Torun,2007,11,6,34.32,7.9
53.0077807883911,18.6076215275837,Torun,2007,11,7,34.49,7.2
53.0077807883911,18.6076215275837,Torun,2007,11,8,34.43,6.9
53.0077807883911,18.6076215275837,Torun,2007,11,9,34.39,7.1
53.0077807883911,18.6076215275837,Torun,2007,11,10,34.31,6.4
53.0077807883911,18.6076215275837,Torun,2007,11,11,34.55,5.2
53.0077807883911,18.6076215275837,Torun,2007,11,12,34.6,5.0
53.0077807883911,18.6076215275837,Torun,2007,11,13,34.55,4.6
53.0077807883911,18.6076215275837,Torun,2007,11,14,34.8,4.5
53.0077807883911,18.6076215275837,Torun,2007,11,15,35.1,4.0
53.0077807883911,18.6076215275837,Torun,2007,11,16,35.03,3.5
53.0077807883911,18.6076215275837,Torun,2007,11,17,34.92,3.2
53.0077807883911,18.6076215275837,Torun,2007,11,18,34.87,3.5
53.0077807883911,18.6076215275837,Torun,2007,11,19,34.56,3.3
53.0077807883911,18.6076215275837,Torun,2007,11,20,34.71,2.9
53.0077807883911,18.6076215275837,Torun,2007,11,21,34.81,2.9
53.0077807883911,18.6076215275837,Torun,2007,11,22,34.73,2.8
53.0077807883911,18.6076215275837,Torun,2007,11,23,34.54,2.6
53.0077807883911,18.6076215275837,Torun,2007,11,24,34.53,3.0
53.0077807883911,18.6076215275837,Torun,2007,11,25,34.31,2.8
53.0077807883911,18.6076215275837,Torun,2007,11,26,34.67,2.8
53.0077807883911,18.6076215275837,Torun,2007,11,27,34.67,2.3
53.0077807883911,18.6076215275837,Torun,2007,11,28,34.53,1.9
53.0077807883911,18.6076215275837,Torun,2007,11,29,34.89,1.9
53.0077807883911,18.6076215275837,Torun,2007,11,30,35.17,2.0
53.0077807883911,18.6076215275837,Torun,2008,5,1,35.19,14.4
53.0077807883911,18.6076215275837,Torun,2008,5,2,35.24,14.5
53.0077807883911,18.6076215275837,Torun,2008,5,3,35.11,14.7
53.0077807883911,18.6076215275837,Torun,2008,5,4,35.06,14.8
53.0077807883911,18.6076215275837,Torun,2008,5,5,35.12,14.6
53.0077807883911,18.6076215275837,Torun,2008,5,6,35.14,15.2
53.0077807883911,18.6076215275837,Torun,2008,5,7,34.9,15.2
53.0077807883911,18.6076215275837,Torun,2008,5,8,34.98,14.8
53.0077807883911,18.6076215275837,Torun,2008,5,9,35.08,15.6
53.0077807883911,18.6076215275837,Torun,2008,5,10,35.05,16.2
53.0077807883911,18.6076215275837,Torun,2008,5,11,35.04,16.5
53.0077807883911,18.6076215275837,Torun,2008,5,12,35.1,17.0
53.0077807883911,18.6076215275837,Torun,2008,5,13,35.12,16.8
53.0077807883911,18.6076215275837,Torun,2008,5,14,35.02,16.4
53.0077807883911,18.6076215275837,Torun,2008,5,15,34.81,17.4
53.0077807883911,18.6076215275837,Torun,2008,5,16,34.96,17.6
53.0077807883911,18.6076215275837,Torun,2008,5,17,34.68,18.1
53.0077807883911,18.6076215275837,Torun,2008,5,18,34.49,18.5
53.0077807883911,18.6076215275837,Torun,2008,5,19,34.71,17.0
53.0077807883911,18.6076215275837,Torun,2008,5,20,34.67,17.0
53.0077807883911,18.6076215275837,Torun,2008,5,21,34.64,17.6
53.0077807883911,18.6076215275837,Torun,2008,5,22,34.53,17.4
53.0077807883911,18.6076215275837,Torun,2008,5,23,34.6,16.8
53.0077807883911,18.6076215275837,Torun,2008,5,24,34.62,16.6
53.0077807883911,18.6076215275837,Torun,2008,5,25,34.7,16.3
53.0077807883911,18.6076215275837,Torun,2008,5,26,34.8,16.2
53.0077807883911,18.6076215275837,Torun,2008,5,27,34.99,16.6
53.0077807883911,18.6076215275837,Torun,2008,5,28,34.98,16.1
53.0077807883911,18.6076215275837,Torun,2008,5,29,35.28,16.4
53.0077807883911,18.6076215275837,Torun,2008,5,30,35.15,17.0
53.0077807883911,18.6076215275837,Torun,2008,5,31,35.01,17.8
53.0077807883911,18.6076215275837,Torun,2008,6,1,34.87,18.3
53.0077807883911,18.6076215275837,Torun,2008,6,2,34.65,19.2
53.0077807883911,18.6076215275837,Torun,2008,6,3,34.57,20.0
53.0077807883911,18.6076215275837,Torun,2008,6,4,34.6,20.0
53.0077807883911,18.6076215275837,Torun,2008,6,5,34.49,20.0
53.0077807883911,18.6076215275837,Torun,2008,6,6,34.27,20.0
53.0077807883911,18.6076215275837,Torun,2008,6,7,34.4,20.7
53.0077807883911,18.6076215275837,Torun,2008,6,8,34.29,20.2
53.0077807883911,18.6076215275837,Torun,2008,6,9,34.4,22.1
53.0077807883911,18.6076215275837,Torun,2008,6,10,34.0,22.3
53.0077807883911,18.6076215275837,Torun,2008,6,11,34.09,22.4
53.0077807883911,18.6076215275837,Torun,2008,6,12,34.08,20.5
53.0077807883911,18.6076215275837,Torun,2008,6,13,34.05,20.1
53.0077807883911,18.6076215275837,Torun,2008,6,14,33.92,19.8
53.0077807883911,18.6076215275837,Torun,2008,6,15,33.72,19.6
53.0077807883911,18.6076215275837,Torun,2008,6,16,33.71,19.7
53.0077807883911,18.6076215275837,Torun,2008,6,17,33.76,20.0
53.0077807883911,18.6076215275837,Torun,2008,6,18,33.84,20.0
53.0077807883911,18.6076215275837,Torun,2008,6,19,33.92,20.3
53.0077807883911,18.6076215275837,Torun,2008,6,20,33.92,20.3
53.0077807883911,18.6076215275837,Torun,2008,6,21,33.97,20.3
53.0077807883911,18.6076215275837,Torun,2008,6,22,33.86,19.8
53.0077807883911,18.6076215275837,Torun,2008,6,23,34.34,21.3
53.0077807883911,18.6076215275837,Torun,2008,6,24,33.93,21.5
53.0077807883911,18.6076215275837,Torun,2008,6,25,33.69,21.6
53.0077807883911,18.6076215275837,Torun,2008,6,26,33.74,21.3
53.0077807883911,18.6076215275837,Torun,2008,6,27,33.74,21.3
53.0077807883911,18.6076215275837,Torun,2008,6,28,33.74,20.3
53.0077807883911,18.6076215275837,Torun,2008,6,29,33.75,20.5
53.0077807883911,18.6076215275837,Torun,2008,6,30,33.74,20.8
53.0077807883911,18.6076215275837,Torun,2008,7,1,33.74,20.7
53.0077807883911,18.6076215275837,Torun,2008,7,2,33.71,21.1
53.0077807883911,18.6076215275837,Torun,2008,7,3,33.67,21.8
53.0077807883911,18.6076215275837,Torun,2008,7,4,33.61,22.5
53.0077807883911,18.6076215275837,Torun,2008,7,5,33.6,21.5
53.0077807883911,18.6076215275837,Torun,2008,7,6,33.59,20.9
53.0077807883911,18.6076215275837,Torun,2008,7,7,33.57,21.9
53.0077807883911,18.6076215275837,Torun,2008,7,8,33.61,21.1
53.0077807883911,18.6076215275837,Torun,2008,7,9,33.62,20.9
53.0077807883911,18.6076215275837,Torun,2008,7,10,33.63,20.2
53.0077807883911,18.6076215275837,Torun,2008,7,11,33.64,20.9
53.0077807883911,18.6076215275837,Torun,2008,7,12,33.68,21.8
53.0077807883911,18.6076215275837,Torun,2008,7,13,33.71,22.3
53.0077807883911,18.6076215275837,Torun,2008,7,14,33.76,21.7
53.0077807883911,18.6076215275837,Torun,2008,7,15,33.76,20.7
53.0077807883911,18.6076215275837,Torun,2008,7,16,33.85,20.9
53.0077807883911,18.6076215275837,Torun,2008,7,17,33.79,20.9
53.0077807883911,18.6076215275837,Torun,2008,7,18,33.82,21.2
53.0077807883911,18.6076215275837,Torun,2008,7,19,33.84,21.3
53.0077807883911,18.6076215275837,Torun,2008,7,20,33.81,21.3
53.0077807883911,18.6076215275837,Torun,2008,7,21,33.74,20.2
53.0077807883911,18.6076215275837,Torun,2008,7,22,33.7,21.9
53.0077807883911,18.6076215275837,Torun,2008,7,23,33.83,20.7
53.0077807883911,18.6076215275837,Torun,2008,7,24,34.02,20.7
53.0077807883911,18.6076215275837,Torun,2008,7,25,34.09,20.9
53.0077807883911,18.6076215275837,Torun,2008,7,26,34.06,20.9
53.0077807883911,18.6076215275837,Torun,2008,7,27,34.19,20.2
53.0077807883911,18.6076215275837,Torun,2008,7,28,34.51,22.5
53.0077807883911,18.6076215275837,Torun,2008,7,29,35.22,22.5
53.0077807883911,18.6076215275837,Torun,2008,7,30,35.69,22.6
53.0077807883911,18.6076215275837,Torun,2008,7,31,36.4,23.3
53.0077807883911,18.6076215275837,Torun,2008,8,1,36.37,23.3
53.0077807883911,18.6076215275837,Torun,2008,8,2,36.44,22.5
53.0077807883911,18.6076215275837,Torun,2008,8,3,35.95,21.7
53.0077807883911,18.6076215275837,Torun,2008,8,4,35.2,21.7
53.0077807883911,18.6076215275837,Torun,2008,8,5,34.92,21.1
53.0077807883911,18.6076215275837,Torun,2008,8,6,34.44,19.8
53.0077807883911,18.6076215275837,Torun,2008,8,7,34.23,20.5
53.0077807883911,18.6076215275837,Torun,2008,8,8,34.37,21.3
53.0077807883911,18.6076215275837,Torun,2008,8,9,34.42,20.9
53.0077807883911,18.6076215275837,Torun,2008,8,10,34.33,20.3
53.0077807883911,18.6076215275837,Torun,2008,8,11,34.11,20.7
53.0077807883911,18.6076215275837,Torun,2008,8,12,34.18,21.1
53.0077807883911,18.6076215275837,Torun,2008,8,13,34.21,21.3
53.0077807883911,18.6076215275837,Torun,2008,8,14,34.44,20.7
53.0077807883911,18.6076215275837,Torun,2008,8,15,34.14,21.2
53.0077807883911,18.6076215275837,Torun,2008,8,16,34.04,20.1
53.0077807883911,18.6076215275837,Torun,2008,8,17,34.38,19.8
53.0077807883911,18.6076215275837,Torun,2008,8,18,34.48,19.4
53.0077807883911,18.6076215275837,Torun,2008,8,19,34.38,19.6
53.0077807883911,18.6076215275837,Torun,2008,8,20,34.18,21.3
53.0077807883911,18.6076215275837,Torun,2008,8,21,34.16,20.4
53.0077807883911,18.6076215275837,Torun,2008,8,22,34.29,20.0
53.0077807883911,18.6076215275837,Torun,2008,8,23,34.31,20.3
53.0077807883911,18.6076215275837,Torun,2008,8,24,34.19,19.9
53.0077807883911,18.6076215275837,Torun,2008,8,25,34.06,19.8
53.0077807883911,18.6076215275837,Torun,2008,8,26,34.09,20.2
53.0077807883911,18.6076215275837,Torun,2008,8,27,33.94,20.9
53.0077807883911,18.6076215275837,Torun,2008,8,28,33.81,20.1
53.0077807883911,18.6076215275837,Torun,2008,8,29,33.85,19.7
53.0077807883911,18.6076215275837,Torun,2008,8,30,33.86,18.4
53.0077807883911,18.6076215275837,Torun,2008,8,31,33.79,18.5
53.0077807883911,18.6076215275837,Torun,2008,9,1,33.84,19.1
53.0077807883911,18.6076215275837,Torun,2008,9,2,33.92,19.2
53.0077807883911,18.6076215275837,Torun,2008,9,3,33.8,19.2
53.0077807883911,18.6076215275837,Torun,2008,9,4,34.2,19.4
53.0077807883911,18.6076215275837,Torun,2008,9,5,33.72,19.0
53.0077807883911,18.6076215275837,Torun,2008,9,6,33.62,19.8
53.0077807883911,18.6076215275837,Torun,2008,9,7,33.6,19.7
53.0077807883911,18.6076215275837,Torun,2008,9,8,33.66,18.2
53.0077807883911,18.6076215275837,Torun,2008,9,9,33.65,18.8
53.0077807883911,18.6076215275837,Torun,2008,9,10,33.63,19.0
53.0077807883911,18.6076215275837,Torun,2008,9,11,33.63,18.6
53.0077807883911,18.6076215275837,Torun,2008,9,12,33.65,16.6
53.0077807883911,18.6076215275837,Torun,2008,9,13,33.65,16.0
53.0077807883911,18.6076215275837,Torun,2008,9,14,33.62,16.0
53.0077807883911,18.6076215275837,Torun,2008,9,15,33.63,16.1
53.0077807883911,18.6076215275837,Torun,2008,9,16,33.62,15.3
53.0077807883911,18.6076215275837,Torun,2008,9,17,33.5,14.4
53.0077807883911,18.6076215275837,Torun,2008,9,18,33.64,14.6
53.0077807883911,18.6076215275837,Torun,2008,9,19,33.64,14.6
53.0077807883911,18.6076215275837,Torun,2008,9,20,33.62,13.9
53.0077807883911,18.6076215275837,Torun,2008,9,21,33.62,13.1
53.0077807883911,18.6076215275837,Torun,2008,9,22,33.63,13.0
53.0077807883911,18.6076215275837,Torun,2008,9,23,33.63,13.0
53.0077807883911,18.6076215275837,Torun,2008,9,24,33.94,12.6
53.0077807883911,18.6076215275837,Torun,2008,9,25,34.34,12.5
53.0077807883911,18.6076215275837,Torun,2008,9,26,34.84,12.7
53.0077807883911,18.6076215275837,Torun,2008,9,27,35.56,12.0
53.0077807883911,18.6076215275837,Torun,2008,9,28,35.5,12.2
53.0077807883911,18.6076215275837,Torun,2008,9,29,35.21,12.7
53.0077807883911,18.6076215275837,Torun,2008,9,30,34.81,12.3
53.0077807883911,18.6076215275837,Torun,2008,10,1,34.92,12.3
53.0077807883911,18.6076215275837,Torun,2008,10,2,34.82,12.2
53.0077807883911,18.6076215275837,Torun,2008,10,3,34.78,11.8
53.0077807883911,18.6076215275837,Torun,2008,10,4,34.31,11.8
53.0077807883911,18.6076215275837,Torun,2008,10,5,34.51,11.4
53.0077807883911,18.6076215275837,Torun,2008,10,6,34.38,11.5
53.0077807883911,18.6076215275837,Torun,2008,10,7,34.3,11.4
53.0077807883911,18.6076215275837,Torun,2008,10,8,34.36,11.6
53.0077807883911,18.6076215275837,Torun,2008,10,9,34.44,12.0
53.0077807883911,18.6076215275837,Torun,2008,10,10,35.12,12.2
53.0077807883911,18.6076215275837,Torun,2008,10,11,35.24,12.2
53.0077807883911,18.6076215275837,Torun,2008,10,12,35.38,12.2
53.0077807883911,18.6076215275837,Torun,2008,10,13,35.14,12.7
53.0077807883911,18.6076215275837,Torun,2008,10,14,34.96,12.8
53.0077807883911,18.6076215275837,Torun,2008,10,15,34.8,12.5
53.0077807883911,18.6076215275837,Torun,2008,10,16,34.85,12.6
53.0077807883911,18.6076215275837,Torun,2008,10,17,34.78,12.3
53.0077807883911,18.6076215275837,Torun,2008,10,18,34.7,11.6
53.0077807883911,18.6076215275837,Torun,2008,10,19,34.59,11.4
53.0077807883911,18.6076215275837,Torun,2008,10,20,34.45,11.1
53.0077807883911,18.6076215275837,Torun,2008,10,21,34.64,11.0
53.0077807883911,18.6076215275837,Torun,2008,10,22,34.71,11.3
53.0077807883911,18.6076215275837,Torun,2008,10,23,34.66,10.6
53.0077807883911,18.6076215275837,Torun,2008,10,24,34.1,10.1
53.0077807883911,18.6076215275837,Torun,2008,10,25,34.68,10.1
53.0077807883911,18.6076215275837,Torun,2008,10,26,34.41,9.8
53.0077807883911,18.6076215275837,Torun,2008,10,27,34.42,10.0
53.0077807883911,18.6076215275837,Torun,2008,10,28,34.5,9.8
53.0077807883911,18.6076215275837,Torun,2008,10,29,34.49,9.7
53.0077807883911,18.6076215275837,Torun,2008,10,30,34.43,9.4
53.0077807883911,18.6076215275837,Torun,2008,10,31,34.59,9.5
53.0077807883911,18.6076215275837,Torun,2008,11,1,34.45,8.9
53.0077807883911,18.6076215275837,Torun,2008,11,2,34.76,9.4
53.0077807883911,18.6076215275837,Torun,2008,11,3,34.52,9.3
53.0077807883911,18.6076215275837,Torun,2008,11,4,34.47,9.3
53.0077807883911,18.6076215275837,Torun,2008,11,5,34.19,9.7
53.0077807883911,18.6076215275837,Torun,2008,11,6,34.42,9.8
53.0077807883911,18.6076215275837,Torun,2008,11,7,33.89,9.3
53.0077807883911,18.6076215275837,Torun,2008,11,8,34.09,9.0
53.0077807883911,18.6076215275837,Torun,2008,11,9,34.2,9.3
53.0077807883911,18.6076215275837,Torun,2008,11,10,34.04,9.4
53.0077807883911,18.6076215275837,Torun,2008,11,11,34.34,9.2
53.0077807883911,18.6076215275837,Torun,2008,11,12,34.14,9.0
53.0077807883911,18.6076215275837,Torun,2008,11,13,34.48,8.9
53.0077807883911,18.6076215275837,Torun,2008,11,14,33.9,8.5
53.0077807883911,18.6076215275837,Torun,2008,11,15,33.91,8.3
53.0077807883911,18.6076215275837,Torun,2008,11,16,34.11,8.1
53.0077807883911,18.6076215275837,Torun,2008,11,17,34.18,8.0
53.0077807883911,18.6076215275837,Torun,2008,11,18,34.11,6.9
53.0077807883911,18.6076215275837,Torun,2008,11,19,34.14,6.9
53.0077807883911,18.6076215275837,Torun,2008,11,20,34.19,7.1
53.0077807883911,18.6076215275837,Torun,2008,11,21,34.07,6.6
53.0077807883911,18.6076215275837,Torun,2008,11,22,34.04,6.3
53.0077807883911,18.6076215275837,Torun,2008,11,23,34.09,4.7
53.0077807883911,18.6076215275837,Torun,2008,11,24,34.16,4.2
53.0077807883911,18.6076215275837,Torun,2008,11,25,34.26,3.7
53.0077807883911,18.6076215275837,Torun,2008,11,26,34.06,3.4
53.0077807883911,18.6076215275837,Torun,2008,11,27,34.05,3.5
53.0077807883911,18.6076215275837,Torun,2008,11,28,34.14,3.8
53.0077807883911,18.6076215275837,Torun,2008,11,29,34.49,2.8
53.0077807883911,18.6076215275837,Torun,2008,11,30,34.34,2.8
53.0077807883911,18.6076215275837,Torun,2009,5,1,35.08,15.6
53.0077807883911,18.6076215275837,Torun,2009,5,2,34.94,15.4
53.0077807883911,18.6076215275837,Torun,2009,5,3,34.7,15.8
53.0077807883911,18.6076215275837,Torun,2009,5,4,34.37,15.6
53.0077807883911,18.6076215275837,Torun,2009,5,5,34.69,15.7
53.0077807883911,18.6076215275837,Torun,2009,5,6,34.85,15.7
53.0077807883911,18.6076215275837,Torun,2009,5,7,34.77,14.6
53.0077807883911,18.6076215275837,Torun,2009,5,8,34.5,15.8
53.0077807883911,18.6076215275837,Torun,2009,5,9,34.4,15.6
53.0077807883911,18.6076215275837,Torun,2009,5,10,34.59,16.0
53.0077807883911,18.6076215275837,Torun,2009,5,11,34.52,15.6
53.0077807883911,18.6076215275837,Torun,2009,5,12,34.3,15.9
53.0077807883911,18.6076215275837,Torun,2009,5,13,34.1,15.0
53.0077807883911,18.6076215275837,Torun,2009,5,14,34.39,15.1
53.0077807883911,18.6076215275837,Torun,2009,5,15,34.34,15.5
53.0077807883911,18.6076215275837,Torun,2009,5,16,34.27,15.8
53.0077807883911,18.6076215275837,Torun,2009,5,17,34.36,15.2
53.0077807883911,18.6076215275837,Torun,2009,5,18,34.27,15.6
53.0077807883911,18.6076215275837,Torun,2009,5,19,34.41,15.6
53.0077807883911,18.6076215275837,Torun,2009,5,20,34.37,16.0
53.0077807883911,18.6076215275837,Torun,2009,5,21,34.23,17.3
53.0077807883911,18.6076215275837,Torun,2009,5,22,34.29,16.8
53.0077807883911,18.6076215275837,Torun,2009,5,23,34.26,16.2
53.0077807883911,18.6076215275837,Torun,2009,5,24,34.26,16.0
53.0077807883911,18.6076215275837,Torun,2009,5,25,34.3,16.2
53.0077807883911,18.6076215275837,Torun,2009,5,26,34.48,17.0
53.0077807883911,18.6076215275837,Torun,2009,5,27,34.35,18.9
53.0077807883911,18.6076215275837,Torun,2009,5,28,34.31,17.2
53.0077807883911,18.6076215275837,Torun,2009,5,29,34.31,16.6
53.0077807883911,18.6076215275837,Torun,2009,5,30,34.3,16.8
53.0077807883911,18.6076215275837,Torun,2009,5,31,34.2,16.2
53.0077807883911,18.6076215275837,Torun,2009,6,1,34.08,17.8
53.0077807883911,18.6076215275837,Torun,2009,6,2,34.22,17.0
53.0077807883911,18.6076215275837,Torun,2009,6,3,34.32,17.3
53.0077807883911,18.6076215275837,Torun,2009,6,4,34.28,16.6
53.0077807883911,18.6076215275837,Torun,2009,6,5,34.29,16.1
53.0077807883911,18.6076215275837,Torun,2009,6,6,34.49,16.0
53.0077807883911,18.6076215275837,Torun,2009,6,7,34.7,16.6
53.0077807883911,18.6076215275837,Torun,2009,6,8,34.74,16.1
53.0077807883911,18.6076215275837,Torun,2009,6,9,34.75,16.7
53.0077807883911,18.6076215275837,Torun,2009,6,10,34.6,16.9
53.0077807883911,18.6076215275837,Torun,2009,6,11,34.52,16.2
53.0077807883911,18.6076215275837,Torun,2009,6,12,34.49,16.6
53.0077807883911,18.6076215275837,Torun,2009,6,13,34.52,16.0
53.0077807883911,18.6076215275837,Torun,2009,6,14,34.54,15.2
53.0077807883911,18.6076215275837,Torun,2009,6,15,34.47,16.8
53.0077807883911,18.6076215275837,Torun,2009,6,16,34.49,17.6
53.0077807883911,18.6076215275837,Torun,2009,6,17,34.52,17.4
53.0077807883911,18.6076215275837,Torun,2009,6,18,34.45,17.5
53.0077807883911,18.6076215275837,Torun,2009,6,19,34.55,18.0
53.0077807883911,18.6076215275837,Torun,2009,6,20,34.61,18.6
53.0077807883911,18.6076215275837,Torun,2009,6,21,34.7,18.2
53.0077807883911,18.6076215275837,Torun,2009,6,22,34.5,18.8
53.0077807883911,18.6076215275837,Torun,2009,6,23,34.37,18.1
53.0077807883911,18.6076215275837,Torun,2009,6,24,34.45,19.2
53.0077807883911,18.6076215275837,Torun,2009,6,25,34.59,18.8
53.0077807883911,18.6076215275837,Torun,2009,6,26,34.74,20.0
53.0077807883911,18.6076215275837,Torun,2009,6,27,35.16,19.8
53.0077807883911,18.6076215275837,Torun,2009,6,28,35.61,19.6
53.0077807883911,18.6076215275837,Torun,2009,6,29,36.24,20.5
53.0077807883911,18.6076215275837,Torun,2009,6,30,36.59,20.7
53.0077807883911,18.6076215275837,Torun,2009,7,1,36.58,21.7
53.0077807883911,18.6076215275837,Torun,2009,7,2,36.52,22.1
53.0077807883911,18.6076215275837,Torun,2009,7,3,36.52,22.8
53.0077807883911,18.6076215275837,Torun,2009,7,4,36.45,23.3
53.0077807883911,18.6076215275837,Torun,2009,7,5,36.39,23.3
53.0077807883911,18.6076215275837,Torun,2009,7,6,36.13,23.5
53.0077807883911,18.6076215275837,Torun,2009,7,7,35.93,23.3
53.0077807883911,18.6076215275837,Torun,2009,7,8,35.96,23.5
53.0077807883911,18.6076215275837,Torun,2009,7,9,35.88,22.3
53.0077807883911,18.6076215275837,Torun,2009,7,10,35.6,21.7
53.0077807883911,18.6076215275837,Torun,2009,7,11,35.48,21.3
53.0077807883911,18.6076215275837,Torun,2009,7,12,35.4,20.7
53.0077807883911,18.6076215275837,Torun,2009,7,13,35.45,20.8
53.0077807883911,18.6076215275837,Torun,2009,7,14,35.45,21.1
53.0077807883911,18.6076215275837,Torun,2009,7,15,35.44,21.3
53.0077807883911,18.6076215275837,Torun,2009,7,16,35.39,22.1
53.0077807883911,18.6076215275837,Torun,2009,7,17,35.17,21.9
53.0077807883911,18.6076215275837,Torun,2009,7,18,35.17,23.1
53.0077807883911,18.6076215275837,Torun,2009,7,19,35.17,23.3
53.0077807883911,18.6076215275837,Torun,2009,7,20,35.1,22.1
53.0077807883911,18.6076215275837,Torun,2009,7,21,34.98,22.1
53.0077807883911,18.6076215275837,Torun,2009,7,22,34.72,22.3
53.0077807883911,18.6076215275837,Torun,2009,7,23,34.64,22.7
53.0077807883911,18.6076215275837,Torun,2009,7,24,34.64,22.9
53.0077807883911,18.6076215275837,Torun,2009,7,25,34.67,22.5
53.0077807883911,18.6076215275837,Torun,2009,7,26,34.63,21.7
53.0077807883911,18.6076215275837,Torun,2009,7,27,34.63,21.1
53.0077807883911,18.6076215275837,Torun,2009,7,28,34.68,21.9
53.0077807883911,18.6076215275837,Torun,2009,7,29,34.55,21.6
53.0077807883911,18.6076215275837,Torun,2009,7,30,34.18,22.3
53.0077807883911,18.6076215275837,Torun,2009,7,31,34.29,22.5
53.0077807883911,18.6076215275837,Torun,2009,8,1,34.51,21.5
53.0077807883911,18.6076215275837,Torun,2009,8,2,34.53,21.1
53.0077807883911,18.6076215275837,Torun,2009,8,3,34.57,22.7
53.0077807883911,18.6076215275837,Torun,2009,8,4,34.32,21.7
53.0077807883911,18.6076215275837,Torun,2009,8,5,34.2,21.7
53.0077807883911,18.6076215275837,Torun,2009,8,6,34.16,21.7
53.0077807883911,18.6076215275837,Torun,2009,8,7,34.22,22.1
53.0077807883911,18.6076215275837,Torun,2009,8,8,34.15,22.6
53.0077807883911,18.6076215275837,Torun,2009,8,9,34.1,22.5
53.0077807883911,18.6076215275837,Torun,2009,8,10,34.12,22.3
53.0077807883911,18.6076215275837,Torun,2009,8,11,34.09,22.0
53.0077807883911,18.6076215275837,Torun,2009,8,12,34.12,21.4
53.0077807883911,18.6076215275837,Torun,2009,8,13,34.12,20.9
53.0077807883911,18.6076215275837,Torun,2009,8,14,34.07,20.7
53.0077807883911,18.6076215275837,Torun,2009,8,15,34.12,20.3
53.0077807883911,18.6076215275837,Torun,2009,8,16,34.11,20.9
53.0077807883911,18.6076215275837,Torun,2009,8,17,34.06,21.5
53.0077807883911,18.6076215275837,Torun,2009,8,18,34.08,21.1
53.0077807883911,18.6076215275837,Torun,2009,8,19,34.03,20.1
53.0077807883911,18.6076215275837,Torun,2009,8,20,34.07,20.4
53.0077807883911,18.6076215275837,Torun,2009,8,21,34.11,20.7
53.0077807883911,18.6076215275837,Torun,2009,8,22,34.09,21.3
53.0077807883911,18.6076215275837,Torun,2009,8,23,33.98,20.4
53.0077807883911,18.6076215275837,Torun,2009,8,24,33.88,20.1
53.0077807883911,18.6076215275837,Torun,2009,8,25,33.82,20.5
53.0077807883911,18.6076215275837,Torun,2009,8,26,33.97,20.9
53.0077807883911,18.6076215275837,Torun,2009,8,27,34.02,21.2
53.0077807883911,18.6076215275837,Torun,2009,8,28,33.97,20.9
53.0077807883911,18.6076215275837,Torun,2009,8,29,34.22,21.1
53.0077807883911,18.6076215275837,Torun,2009,8,30,34.45,20.9
53.0077807883911,18.6076215275837,Torun,2009,8,31,34.4,20.9
53.0077807883911,18.6076215275837,Torun,2009,9,1,34.02,20.1
53.0077807883911,18.6076215275837,Torun,2009,9,2,34.03,20.2
53.0077807883911,18.6076215275837,Torun,2009,9,3,34.06,20.1
53.0077807883911,18.6076215275837,Torun,2009,9,4,34.13,20.0
53.0077807883911,18.6076215275837,Torun,2009,9,5,33.92,19.2
53.0077807883911,18.6076215275837,Torun,2009,9,6,34.02,18.0
53.0077807883911,18.6076215275837,Torun,2009,9,7,34.21,18.2
53.0077807883911,18.6076215275837,Torun,2009,9,8,34.09,18.5
53.0077807883911,18.6076215275837,Torun,2009,9,9,33.83,19.6
53.0077807883911,18.6076215275837,Torun,2009,9,10,33.92,19.0
53.0077807883911,18.6076215275837,Torun,2009,9,11,33.89,19.4
53.0077807883911,18.6076215275837,Torun,2009,9,12,33.87,18.8
53.0077807883911,18.6076215275837,Torun,2009,9,13,33.91,18.2
53.0077807883911,18.6076215275837,Torun,2009,9,14,33.95,18.2
53.0077807883911,18.6076215275837,Torun,2009,9,15,33.95,18.0
53.0077807883911,18.6076215275837,Torun,2009,9,16,34.12,18.2
53.0077807883911,18.6076215275837,Torun,2009,9,17,33.93,18.4
53.0077807883911,18.6076215275837,Torun,2009,9,18,33.72,18.2
53.0077807883911,18.6076215275837,Torun,2009,9,19,33.7,17.8
53.0077807883911,18.6076215275837,Torun,2009,9,20,33.8,17.5
53.0077807883911,18.6076215275837,Torun,2009,9,21,33.88,17.8
53.0077807883911,18.6076215275837,Torun,2009,9,22,33.87,18.0
53.0077807883911,18.6076215275837,Torun,2009,9,23,33.62,17.8
53.0077807883911,18.6076215275837,Torun,2009,9,24,33.65,17.5
53.0077807883911,18.6076215275837,Torun,2009,9,25,33.71,16.8
53.0077807883911,18.6076215275837,Torun,2009,9,26,33.7,16.6
53.0077807883911,18.6076215275837,Torun,2009,9,27,33.72,16.6
53.0077807883911,18.6076215275837,Torun,2009,9,28,33.68,16.8
53.0077807883911,18.6076215275837,Torun,2009,9,29,33.7,16.4
53.0077807883911,18.6076215275837,Torun,2009,9,30,33.7,15.0
53.0077807883911,18.6076215275837,Torun,2009,10,1,33.68,14.9
53.0077807883911,18.6076215275837,Torun,2009,10,2,33.68,14.0
53.0077807883911,18.6076215275837,Torun,2009,10,3,33.66,13.6
53.0077807883911,18.6076215275837,Torun,2009,10,4,33.68,13.4
53.0077807883911,18.6076215275837,Torun,2009,10,5,33.73,13.4
53.0077807883911,18.6076215275837,Torun,2009,10,6,33.75,12.4
53.0077807883911,18.6076215275837,Torun,2009,10,7,33.7,12.8
53.0077807883911,18.6076215275837,Torun,2009,10,8,33.7,12.6
53.0077807883911,18.6076215275837,Torun,2009,10,9,33.75,12.4
53.0077807883911,18.6076215275837,Torun,2009,10,10,33.8,11.5
53.0077807883911,18.6076215275837,Torun,2009,10,11,33.81,11.4
53.0077807883911,18.6076215275837,Torun,2009,10,12,33.74,11.3
53.0077807883911,18.6076215275837,Torun,2009,10,13,33.76,11.3
53.0077807883911,18.6076215275837,Torun,2009,10,14,33.74,9.5
53.0077807883911,18.6076215275837,Torun,2009,10,15,33.85,8.5
53.0077807883911,18.6076215275837,Torun,2009,10,16,33.95,8.5
53.0077807883911,18.6076215275837,Torun,2009,10,17,34.08,8.9
53.0077807883911,18.6076215275837,Torun,2009,10,18,34.35,8.8
53.0077807883911,18.6076215275837,Torun,2009,10,19,34.27,8.2
53.0077807883911,18.6076215275837,Torun,2009,10,20,34.27,8.2
53.0077807883911,18.6076215275837,Torun,2009,10,21,34.6,7.4
53.0077807883911,18.6076215275837,Torun,2009,10,22,35.0,6.4
53.0077807883911,18.6076215275837,Torun,2009,10,23,34.98,6.8
53.0077807883911,18.6076215275837,Torun,2009,10,24,34.91,6.8
53.0077807883911,18.6076215275837,Torun,2009,10,25,34.8,7.0
53.0077807883911,18.6076215275837,Torun,2009,10,26,35.04,7.2
53.0077807883911,18.6076215275837,Torun,2009,10,27,35.11,7.4
53.0077807883911,18.6076215275837,Torun,2009,10,28,35.14,7.8
53.0077807883911,18.6076215275837,Torun,2009,10,29,35.2,7.8
53.0077807883911,18.6076215275837,Torun,2009,10,30,35.06,8.0
53.0077807883911,18.6076215275837,Torun,2009,10,31,35.1,7.8
53.0077807883911,18.6076215275837,Torun,2009,11,1,35.21,7.7
53.0077807883911,18.6076215275837,Torun,2009,11,2,35.23,7.2
53.0077807883911,18.6076215275837,Torun,2009,11,3,35.16,6.5
53.0077807883911,18.6076215275837,Torun,2009,11,4,35.17,5.2
53.0077807883911,18.6076215275837,Torun,2009,11,5,35.02,4.9
53.0077807883911,18.6076215275837,Torun,2009,11,6,34.9,4.7
53.0077807883911,18.6076215275837,Torun,2009,11,7,34.8,4.8
53.0077807883911,18.6076215275837,Torun,2009,11,8,34.77,4.5
53.0077807883911,18.6076215275837,Torun,2009,11,9,34.77,4.5
53.0077807883911,18.6076215275837,Torun,2009,11,10,34.74,4.4
53.0077807883911,18.6076215275837,Torun,2009,11,11,34.75,5.2
53.0077807883911,18.6076215275837,Torun,2009,11,12,34.68,5.2
53.0077807883911,18.6076215275837,Torun,2009,11,13,34.73,5.3
53.0077807883911,18.6076215275837,Torun,2009,11,14,34.92,5.6
53.0077807883911,18.6076215275837,Torun,2009,11,15,35.19,6.0
53.0077807883911,18.6076215275837,Torun,2009,11,16,35.48,5.9
53.0077807883911,18.6076215275837,Torun,2009,11,17,35.86,6.0
53.0077807883911,18.6076215275837,Torun,2009,11,18,36.38,6.6
53.0077807883911,18.6076215275837,Torun,2009,11,19,36.71,6.8
53.0077807883911,18.6076215275837,Torun,2009,11,20,36.69,7.1
53.0077807883911,18.6076215275837,Torun,2009,11,21,36.01,7.0
53.0077807883911,18.6076215275837,Torun,2009,11,22,36.07,7.0
53.0077807883911,18.6076215275837,Torun,2009,11,23,36.11,7.0
53.0077807883911,18.6076215275837,Torun,2009,11,24,36.06,6.9
53.0077807883911,18.6076215275837,Torun,2009,11,25,35.97,7.1
53.0077807883911,18.6076215275837,Torun,2009,11,26,35.9,7.1
53.0077807883911,18.6076215275837,Torun,2009,11,27,35.78,7.1
53.0077807883911,18.6076215275837,Torun,2009,11,28,35.48,6.6
53.0077807883911,18.6076215275837,Torun,2009,11,29,35.37,6.3
53.0077807883911,18.6076215275837,Torun,2009,11,30,35.41,6.3
53.0077807883911,18.6076215275837,Torun,2010,5,1,35.31,13.8
53.0077807883911,18.6076215275837,Torun,2010,5,2,35.28,13.8
53.0077807883911,18.6076215275837,Torun,2010,5,3,35.31,14.4
53.0077807883911,18.6076215275837,Torun,2010,5,4,35.33,14.0
53.0077807883911,18.6076215275837,Torun,2010,5,5,35.24,14.0
53.0077807883911,18.6076215275837,Torun,2010,5,6,34.93,14.4
53.0077807883911,18.6076215275837,Torun,2010,5,7,35.08,13.6
53.0077807883911,18.6076215275837,Torun,2010,5,8,35.34,13.6
53.0077807883911,18.6076215275837,Torun,2010,5,9,35.44,13.8
53.0077807883911,18.6076215275837,Torun,2010,5,10,35.45,14.0
53.0077807883911,18.6076215275837,Torun,2010,5,11,35.67,14.2
53.0077807883911,18.6076215275837,Torun,2010,5,12,35.89,15.1
53.0077807883911,18.6076215275837,Torun,2010,5,13,35.87,15.6
53.0077807883911,18.6076215275837,Torun,2010,5,14,36.07,15.4
53.0077807883911,18.6076215275837,Torun,2010,5,15,36.2,15.4
53.0077807883911,18.6076215275837,Torun,2010,5,16,36.02,15.1
53.0077807883911,18.6076215275837,Torun,2010,5,17,36.02,14.6
53.0077807883911,18.6076215275837,Torun,2010,5,18,36.39,14.2
53.0077807883911,18.6076215275837,Torun,2010,5,19,36.92,14.0
53.0077807883911,18.6076215275837,Torun,2010,5,20,36.97,14.1
53.0077807883911,18.6076215275837,Torun,2010,5,21,37.21,15.0
53.0077807883911,18.6076215275837,Torun,2010,5,22,39.0,16.0
53.0077807883911,18.6076215275837,Torun,2010,5,23,40.32,15.8
53.0077807883911,18.6076215275837,Torun,2010,5,24,40.12,15.6
53.0077807883911,18.6076215275837,Torun,2010,5,25,39.95,14.9
53.0077807883911,18.6076215275837,Torun,2010,5,26,40.03,14.4
53.0077807883911,18.6076215275837,Torun,2010,5,27,39.71,14.9
53.0077807883911,18.6076215275837,Torun,2010,5,28,39.46,15.8
53.0077807883911,18.6076215275837,Torun,2010,5,29,39.14,16.2
53.0077807883911,18.6076215275837,Torun,2010,5,30,38.98,16.6
53.0077807883911,18.6076215275837,Torun,2010,5,31,38.79,16.8
53.0077807883911,18.6076215275837,Torun,2010,6,1,38.5,16.8
53.0077807883911,18.6076215275837,Torun,2010,6,2,38.2,16.8
53.0077807883911,18.6076215275837,Torun,2010,6,3,37.96,17.2
53.0077807883911,18.6076215275837,Torun,2010,6,4,37.81,17.6
53.0077807883911,18.6076215275837,Torun,2010,6,5,37.75,18.9
53.0077807883911,18.6076215275837,Torun,2010,6,6,37.74,18.9
53.0077807883911,18.6076215275837,Torun,2010,6,7,38.24,19.8
53.0077807883911,18.6076215275837,Torun,2010,6,8,38.86,19.4
53.0077807883911,18.6076215275837,Torun,2010,6,9,39.43,19.2
53.0077807883911,18.6076215275837,Torun,2010,6,10,39.82,19.4
53.0077807883911,18.6076215275837,Torun,2010,6,11,39.68,19.8
53.0077807883911,18.6076215275837,Torun,2010,6,12,39.67,20.3
53.0077807883911,18.6076215275837,Torun,2010,6,13,39.36,20.6
53.0077807883911,18.6076215275837,Torun,2010,6,14,38.97,20.5
53.0077807883911,18.6076215275837,Torun,2010,6,15,38.26,20.5
53.0077807883911,18.6076215275837,Torun,2010,6,16,37.41,20.5
53.0077807883911,18.6076215275837,Torun,2010,6,17,36.83,20.4
53.0077807883911,18.6076215275837,Torun,2010,6,18,36.49,20.7
53.0077807883911,18.6076215275837,Torun,2010,6,19,36.29,20.8
53.0077807883911,18.6076215275837,Torun,2010,6,20,36.2,20.3
53.0077807883911,18.6076215275837,Torun,2010,6,21,36.09,20.4
53.0077807883911,18.6076215275837,Torun,2010,6,22,35.93,20.1
53.0077807883911,18.6076215275837,Torun,2010,6,23,35.55,19.6
53.0077807883911,18.6076215275837,Torun,2010,6,24,35.5,19.4
53.0077807883911,18.6076215275837,Torun,2010,6,25,35.9,18.4
53.0077807883911,18.6076215275837,Torun,2010,6,26,36.02,18.2
53.0077807883911,18.6076215275837,Torun,2010,6,27,36.04,18.0
53.0077807883911,18.6076215275837,Torun,2010,6,28,35.92,18.3
53.0077807883911,18.6076215275837,Torun,2010,6,29,35.69,19.4
53.0077807883911,18.6076215275837,Torun,2010,6,30,35.61,20.3
53.0077807883911,18.6076215275837,Torun,2010,7,1,35.63,21.3
53.0077807883911,18.6076215275837,Torun,2010,7,2,35.63,21.5
53.0077807883911,18.6076215275837,Torun,2010,7,3,35.37,22.2
53.0077807883911,18.6076215275837,Torun,2010,7,4,35.24,22.9
53.0077807883911,18.6076215275837,Torun,2010,7,5,35.32,22.9
53.0077807883911,18.6076215275837,Torun,2010,7,6,35.19,23.7
53.0077807883911,18.6076215275837,Torun,2010,7,7,35.03,22.3
53.0077807883911,18.6076215275837,Torun,2010,7,8,34.99,22.1
53.0077807883911,18.6076215275837,Torun,2010,7,9,34.99,22.9
53.0077807883911,18.6076215275837,Torun,2010,7,10,35.08,23.3
53.0077807883911,18.6076215275837,Torun,2010,7,11,35.02,24.1
53.0077807883911,18.6076215275837,Torun,2010,7,12,34.92,24.5
53.0077807883911,18.6076215275837,Torun,2010,7,13,35.15,25.1
53.0077807883911,18.6076215275837,Torun,2010,7,14,35.15,25.5
53.0077807883911,18.6076215275837,Torun,2010,7,15,34.98,25.5
53.0077807883911,18.6076215275837,Torun,2010,7,16,34.8,26.1
53.0077807883911,18.6076215275837,Torun,2010,7,17,34.86,26.6
53.0077807883911,18.6076215275837,Torun,2010,7,18,34.73,26.5
53.0077807883911,18.6076215275837,Torun,2010,7,19,34.59,24.5
53.0077807883911,18.6076215275837,Torun,2010,7,20,34.7,25.0
53.0077807883911,18.6076215275837,Torun,2010,7,21,34.72,25.3
53.0077807883911,18.6076215275837,Torun,2010,7,22,34.64,25.4
53.0077807883911,18.6076215275837,Torun,2010,7,23,34.44,26.1
53.0077807883911,18.6076215275837,Torun,2010,7,24,34.49,25.7
53.0077807883911,18.6076215275837,Torun,2010,7,25,34.82,24.0
53.0077807883911,18.6076215275837,Torun,2010,7,26,34.77,23.7
53.0077807883911,18.6076215275837,Torun,2010,7,27,34.59,23.3
53.0077807883911,18.6076215275837,Torun,2010,7,28,34.76,21.2
53.0077807883911,18.6076215275837,Torun,2010,7,29,34.69,20.7
53.0077807883911,18.6076215275837,Torun,2010,7,30,34.9,21.7
53.0077807883911,18.6076215275837,Torun,2010,7,31,35.62,20.5
53.0077807883911,18.6076215275837,Torun,2010,8,1,35.8,20.5
53.0077807883911,18.6076215275837,Torun,2010,8,2,36.29,21.1
53.0077807883911,18.6076215275837,Torun,2010,8,3,37.04,22.1
53.0077807883911,18.6076215275837,Torun,2010,8,4,37.55,21.7
53.0077807883911,18.6076215275837,Torun,2010,8,5,37.58,21.1
53.0077807883911,18.6076215275837,Torun,2010,8,6,36.97,21.7
53.0077807883911,18.6076215275837,Torun,2010,8,7,36.47,21.8
53.0077807883911,18.6076215275837,Torun,2010,8,8,36.04,22.1
53.0077807883911,18.6076215275837,Torun,2010,8,9,35.74,21.8
53.0077807883911,18.6076215275837,Torun,2010,8,10,35.73,22.1
53.0077807883911,18.6076215275837,Torun,2010,8,11,35.32,22.5
53.0077807883911,18.6076215275837,Torun,2010,8,12,35.4,22.3
53.0077807883911,18.6076215275837,Torun,2010,8,13,35.53,23.3
53.0077807883911,18.6076215275837,Torun,2010,8,14,35.3,23.7
53.0077807883911,18.6076215275837,Torun,2010,8,15,35.12,24.0
53.0077807883911,18.6076215275837,Torun,2010,8,16,35.16,24.3
53.0077807883911,18.6076215275837,Torun,2010,8,17,35.06,24.3
53.0077807883911,18.6076215275837,Torun,2010,8,18,35.02,23.7
53.0077807883911,18.6076215275837,Torun,2010,8,19,35.03,22.7
53.0077807883911,18.6076215275837,Torun,2010,8,20,34.98,21.7
53.0077807883911,18.6076215275837,Torun,2010,8,21,35.01,22.0
53.0077807883911,18.6076215275837,Torun,2010,8,22,35.27,22.1
53.0077807883911,18.6076215275837,Torun,2010,8,23,35.43,22.1
53.0077807883911,18.6076215275837,Torun,2010,8,24,35.4,22.1
53.0077807883911,18.6076215275837,Torun,2010,8,25,35.25,21.8
53.0077807883911,18.6076215275837,Torun,2010,8,26,35.08,20.7
53.0077807883911,18.6076215275837,Torun,2010,8,27,34.91,20.7
53.0077807883911,18.6076215275837,Torun,2010,8,28,34.71,20.6
53.0077807883911,18.6076215275837,Torun,2010,8,29,34.67,19.2
53.0077807883911,18.6076215275837,Torun,2010,8,30,34.86,18.6
53.0077807883911,18.6076215275837,Torun,2010,8,31,34.77,18.5
53.0077807883911,18.6076215275837,Torun,2010,9,1,34.61,18.0
53.0077807883911,18.6076215275837,Torun,2010,9,2,34.64,17.1
53.0077807883911,18.6076215275837,Torun,2010,9,3,35.04,16.7
53.0077807883911,18.6076215275837,Torun,2010,9,4,35.23,16.3
53.0077807883911,18.6076215275837,Torun,2010,9,5,36.23,15.9
53.0077807883911,18.6076215275837,Torun,2010,9,6,36.59,15.6
53.0077807883911,18.6076215275837,Torun,2010,9,7,37.57,15.2
53.0077807883911,18.6076215275837,Torun,2010,9,8,38.38,14.6
53.0077807883911,18.6076215275837,Torun,2010,9,9,38.74,14.4
53.0077807883911,18.6076215275837,Torun,2010,9,10,38.73,14.2
53.0077807883911,18.6076215275837,Torun,2010,9,11,38.41,14.0
53.0077807883911,18.6076215275837,Torun,2010,9,12,38.23,14.7
53.0077807883911,18.6076215275837,Torun,2010,9,13,37.8,15.3
53.0077807883911,18.6076215275837,Torun,2010,9,14,37.29,15.3
53.0077807883911,18.6076215275837,Torun,2010,9,15,36.93,15.2
53.0077807883911,18.6076215275837,Torun,2010,9,16,36.86,15.0
53.0077807883911,18.6076215275837,Torun,2010,9,17,36.98,14.8
53.0077807883911,18.6076215275837,Torun,2010,9,18,36.9,14.8
53.0077807883911,18.6076215275837,Torun,2010,9,19,36.62,14.3
53.0077807883911,18.6076215275837,Torun,2010,9,20,36.44,14.2
53.0077807883911,18.6076215275837,Torun,2010,9,21,36.26,14.4
53.0077807883911,18.6076215275837,Torun,2010,9,22,36.21,14.2
53.0077807883911,18.6076215275837,Torun,2010,9,23,36.02,14.2
53.0077807883911,18.6076215275837,Torun,2010,9,24,35.88,14.4
53.0077807883911,18.6076215275837,Torun,2010,9,25,35.87,14.9
53.0077807883911,18.6076215275837,Torun,2010,9,26,35.63,14.9
53.0077807883911,18.6076215275837,Torun,2010,9,27,35.41,15.1
53.0077807883911,18.6076215275837,Torun,2010,9,28,35.45,15.2
53.0077807883911,18.6076215275837,Torun,2010,9,29,35.36,14.8
53.0077807883911,18.6076215275837,Torun,2010,9,30,35.41,13.9
53.0077807883911,18.6076215275837,Torun,2010,10,1,35.58,13.7
53.0077807883911,18.6076215275837,Torun,2010,10,2,35.48,13.1
53.0077807883911,18.6076215275837,Torun,2010,10,3,35.47,12.3
53.0077807883911,18.6076215275837,Torun,2010,10,4,35.81,11.9
53.0077807883911,18.6076215275837,Torun,2010,10,5,35.97,11.1
53.0077807883911,18.6076215275837,Torun,2010,10,6,35.93,10.6
53.0077807883911,18.6076215275837,Torun,2010,10,7,35.82,10.5
53.0077807883911,18.6076215275837,Torun,2010,10,8,35.58,9.7
53.0077807883911,18.6076215275837,Torun,2010,10,9,35.49,9.2
53.0077807883911,18.6076215275837,Torun,2010,10,10,35.38,9.1
53.0077807883911,18.6076215275837,Torun,2010,10,11,35.4,9.1
53.0077807883911,18.6076215275837,Torun,2010,10,12,35.4,8.9
53.0077807883911,18.6076215275837,Torun,2010,10,13,35.6,8.9
53.0077807883911,18.6076215275837,Torun,2010,10,14,35.3,9.0
53.0077807883911,18.6076215275837,Torun,2010,10,15,34.91,8.9
53.0077807883911,18.6076215275837,Torun,2010,10,16,34.92,8.7
53.0077807883911,18.6076215275837,Torun,2010,10,17,35.03,8.3
53.0077807883911,18.6076215275837,Torun,2010,10,18,35.05,8.1
53.0077807883911,18.6076215275837,Torun,2010,10,19,35.39,8.1
53.0077807883911,18.6076215275837,Torun,2010,10,20,35.1,8.0
53.0077807883911,18.6076215275837,Torun,2010,10,21,34.82,7.7
53.0077807883911,18.6076215275837,Torun,2010,10,22,34.64,6.3
53.0077807883911,18.6076215275837,Torun,2010,10,23,34.64,7.1
53.0077807883911,18.6076215275837,Torun,2010,10,24,35.27,7.0
53.0077807883911,18.6076215275837,Torun,2010,10,25,34.85,6.9
53.0077807883911,18.6076215275837,Torun,2010,10,26,34.56,6.6
53.0077807883911,18.6076215275837,Torun,2010,10,27,34.53,6.1
53.0077807883911,18.6076215275837,Torun,2010,10,28,35.05,6.0
53.0077807883911,18.6076215275837,Torun,2010,10,29,34.82,6.6
53.0077807883911,18.6076215275837,Torun,2010,10,30,34.6,6.6
53.0077807883911,18.6076215275837,Torun,2010,10,31,34.47,6.5
53.0077807883911,18.6076215275837,Torun,2010,11,1,35.07,6.8
53.0077807883911,18.6076215275837,Torun,2010,11,2,34.93,7.1
53.0077807883911,18.6076215275837,Torun,2010,11,3,34.58,7.3
53.0077807883911,18.6076215275837,Torun,2010,11,4,34.56,6.8
53.0077807883911,18.6076215275837,Torun,2010,11,5,34.58,8.1
53.0077807883911,18.6076215275837,Torun,2010,11,6,34.57,8.7
53.0077807883911,18.6076215275837,Torun,2010,11,7,34.94,8.0
53.0077807883911,18.6076215275837,Torun,2010,11,8,34.95,8.6
53.0077807883911,18.6076215275837,Torun,2010,11,9,34.8,8.1
53.0077807883911,18.6076215275837,Torun,2010,11,10,35.25,8.1
53.0077807883911,18.6076215275837,Torun,2010,11,11,35.47,7.9
53.0077807883911,18.6076215275837,Torun,2010,11,12,35.76,7.5
53.0077807883911,18.6076215275837,Torun,2010,11,13,35.48,7.7
53.0077807883911,18.6076215275837,Torun,2010,11,14,35.5,8.2
53.0077807883911,18.6076215275837,Torun,2010,11,15,35.76,8.1
53.0077807883911,18.6076215275837,Torun,2010,11,16,35.75,8.3
53.0077807883911,18.6076215275837,Torun,2010,11,17,35.75,8.0
53.0077807883911,18.6076215275837,Torun,2010,11,18,35.79,8.1
53.0077807883911,18.6076215275837,Torun,2010,11,19,35.75,8.1
53.0077807883911,18.6076215275837,Torun,2010,11,20,35.68,7.9
53.0077807883911,18.6076215275837,Torun,2010,11,21,35.64,7.7
53.0077807883911,18.6076215275837,Torun,2010,11,22,35.49,7.6
53.0077807883911,18.6076215275837,Torun,2010,11,23,35.67,7.6
53.0077807883911,18.6076215275837,Torun,2010,11,24,35.73,7.0
53.0077807883911,18.6076215275837,Torun,2010,11,25,35.61,6.1
53.0077807883911,18.6076215275837,Torun,2010,11,26,35.69,5.8
53.0077807883911,18.6076215275837,Torun,2010,11,27,35.83,5.0
53.0077807883911,18.6076215275837,Torun,2010,11,28,35.8,4.6
53.0077807883911,18.6076215275837,Torun,2010,11,29,35.78,4.4
53.0077807883911,18.6076215275837,Torun,2010,11,30,35.82,3.4
53.0077807883911,18.6076215275837,Torun,2011,5,1,35.17,16.2
53.0077807883911,18.6076215275837,Torun,2011,5,2,35.24,15.9
53.0077807883911,18.6076215275837,Torun,2011,5,3,35.28,15.4
53.0077807883911,18.6076215275837,Torun,2011,5,4,35.28,21.8
53.0077807883911,18.6076215275837,Torun,2011,5,5,35.21,14.2
53.0077807883911,18.6076215275837,Torun,2011,5,6,35.03,13.6
53.0077807883911,18.6076215275837,Torun,2011,5,7,35.16,13.8
53.0077807883911,18.6076215275837,Torun,2011,5,8,35.21,13.8
53.0077807883911,18.6076215275837,Torun,2011,5,9,35.29,14.1
53.0077807883911,18.6076215275837,Torun,2011,5,10,35.05,15.0
53.0077807883911,18.6076215275837,Torun,2011,5,11,34.81,16.2
53.0077807883911,18.6076215275837,Torun,2011,5,12,35.12,16.8
53.0077807883911,18.6076215275837,Torun,2011,5,13,35.14,17.0
53.0077807883911,18.6076215275837,Torun,2011,5,14,35.05,16.1
53.0077807883911,18.6076215275837,Torun,2011,5,15,34.97,17.6
53.0077807883911,18.6076215275837,Torun,2011,5,16,34.9,16.7
53.0077807883911,18.6076215275837,Torun,2011,5,17,34.88,16.8
53.0077807883911,18.6076215275837,Torun,2011,5,18,34.8,16.9
53.0077807883911,18.6076215275837,Torun,2011,5,19,34.73,17.3
53.0077807883911,18.6076215275837,Torun,2011,5,20,34.74,17.9
53.0077807883911,18.6076215275837,Torun,2011,5,21,34.58,19.2
53.0077807883911,18.6076215275837,Torun,2011,5,22,34.74,18.8
53.0077807883911,18.6076215275837,Torun,2011,5,23,34.9,19.5
53.0077807883911,18.6076215275837,Torun,2011,5,24,34.72,20.2
53.0077807883911,18.6076215275837,Torun,2011,5,25,34.61,20.2
53.0077807883911,18.6076215275837,Torun,2011,5,26,34.54,19.7
53.0077807883911,18.6076215275837,Torun,2011,5,27,34.54,20.2
53.0077807883911,18.6076215275837,Torun,2011,5,28,34.31,19.7
53.0077807883911,18.6076215275837,Torun,2011,5,29,34.38,20.1
53.0077807883911,18.6076215275837,Torun,2011,5,30,34.53,20.2
53.0077807883911,18.6076215275837,Torun,2011,5,31,34.46,21.1
53.0077807883911,18.6076215275837,Torun,2011,6,1,34.4,21.8
53.0077807883911,18.6076215275837,Torun,2011,6,2,34.21,21.1
53.0077807883911,18.6076215275837,Torun,2011,6,3,34.31,21.1
53.0077807883911,18.6076215275837,Torun,2011,6,4,34.42,21.7
53.0077807883911,18.6076215275837,Torun,2011,6,5,34.38,22.8
53.0077807883911,18.6076215275837,Torun,2011,6,6,34.45,23.5
53.0077807883911,18.6076215275837,Torun,2011,6,7,34.28,23.6
53.0077807883911,18.6076215275837,Torun,2011,6,8,34.33,23.1
53.0077807883911,18.6076215275837,Torun,2011,6,9,34.2,23.5
53.0077807883911,18.6076215275837,Torun,2011,6,10,34.16,20.7
53.0077807883911,18.6076215275837,Torun,2011,6,11,33.89,20.7
53.0077807883911,18.6076215275837,Torun,2011,6,12,34.23,21.5
53.0077807883911,18.6076215275837,Torun,2011,6,13,34.29,21.6
53.0077807883911,18.6076215275837,Torun,2011,6,14,34.21,21.9
53.0077807883911,18.6076215275837,Torun,2011,6,15,34.21,21.5
53.0077807883911,18.6076215275837,Torun,2011,6,16,34.23,21.7
53.0077807883911,18.6076215275837,Torun,2011,6,17,34.34,22.4
53.0077807883911,18.6076215275837,Torun,2011,6,18,34.21,21.5
53.0077807883911,18.6076215275837,Torun,2011,6,19,34.06,21.1
53.0077807883911,18.6076215275837,Torun,2011,6,20,34.21,20.9
53.0077807883911,18.6076215275837,Torun,2011,6,21,34.15,20.2
53.0077807883911,18.6076215275837,Torun,2011,6,22,33.98,21.1
53.0077807883911,18.6076215275837,Torun,2011,6,23,34.2,21.7
53.0077807883911,18.6076215275837,Torun,2011,6,24,34.13,21.2
53.0077807883911,18.6076215275837,Torun,2011,6,25,33.97,21.3
53.0077807883911,18.6076215275837,Torun,2011,6,26,33.98,20.2
53.0077807883911,18.6076215275837,Torun,2011,6,27,34.09,20.1
53.0077807883911,18.6076215275837,Torun,2011,6,28,34.01,20.7
53.0077807883911,18.6076215275837,Torun,2011,6,29,33.87,21.1
53.0077807883911,18.6076215275837,Torun,2011,6,30,33.7,22.5
53.0077807883911,18.6076215275837,Torun,2011,7,1,34.12,22.5
53.0077807883911,18.6076215275837,Torun,2011,7,2,33.65,19.3
53.0077807883911,18.6076215275837,Torun,2011,7,3,34.19,18.7
53.0077807883911,18.6076215275837,Torun,2011,7,4,34.25,19.3
53.0077807883911,18.6076215275837,Torun,2011,7,5,34.17,16.5
53.0077807883911,18.6076215275837,Torun,2011,7,6,34.88,19.7
53.0077807883911,18.6076215275837,Torun,2011,7,7,35.17,18.1
53.0077807883911,18.6076215275837,Torun,2011,7,8,34.82,18.6
53.0077807883911,18.6076215275837,Torun,2011,7,9,35.52,20.0
53.0077807883911,18.6076215275837,Torun,2011,7,10,35.89,20.8
53.0077807883911,18.6076215275837,Torun,2011,7,11,35.83,21.5
53.0077807883911,18.6076215275837,Torun,2011,7,12,35.99,21.2
53.0077807883911,18.6076215275837,Torun,2011,7,13,36.45,22.0
53.0077807883911,18.6076215275837,Torun,2011,7,14,36.32,22.3
53.0077807883911,18.6076215275837,Torun,2011,7,15,36.1,22.2
53.0077807883911,18.6076215275837,Torun,2011,7,16,35.9,22.5
53.0077807883911,18.6076215275837,Torun,2011,7,17,35.74,22.7
53.0077807883911,18.6076215275837,Torun,2011,7,18,35.67,23.0
53.0077807883911,18.6076215275837,Torun,2011,7,19,35.63,22.7
53.0077807883911,18.6076215275837,Torun,2011,7,20,35.48,22.8
53.0077807883911,18.6076215275837,Torun,2011,7,21,35.42,23.1
53.0077807883911,18.6076215275837,Torun,2011,7,22,35.65,23.1
53.0077807883911,18.6076215275837,Torun,2011,7,23,35.67,22.7
53.0077807883911,18.6076215275837,Torun,2011,7,24,35.74,21.5
53.0077807883911,18.6076215275837,Torun,2011,7,25,35.99,21.7
53.0077807883911,18.6076215275837,Torun,2011,7,26,35.98,22.0
53.0077807883911,18.6076215275837,Torun,2011,7,27,36.58,22.0
53.0077807883911,18.6076215275837,Torun,2011,7,28,36.89,20.2
53.0077807883911,18.6076215275837,Torun,2011,7,29,36.87,20.2
53.0077807883911,18.6076215275837,Torun,2011,7,30,36.78,19.9
53.0077807883911,18.6076215275837,Torun,2011,7,31,36.7,20.1
53.0077807883911,18.6076215275837,Torun,2011,8,1,36.74,20.4
53.0077807883911,18.6076215275837,Torun,2011,8,2,36.94,22.7
53.0077807883911,18.6076215275837,Torun,2011,8,3,37.05,21.0
53.0077807883911,18.6076215275837,Torun,2011,8,4,37.08,21.1
53.0077807883911,18.6076215275837,Torun,2011,8,5,37.15,21.1
53.0077807883911,18.6076215275837,Torun,2011,8,6,37.27,21.3
53.0077807883911,18.6076215275837,Torun,2011,8,7,37.37,21.6
53.0077807883911,18.6076215275837,Torun,2011,8,8,37.2,21.7
53.0077807883911,18.6076215275837,Torun,2011,8,9,36.78,21.4
53.0077807883911,18.6076215275837,Torun,2011,8,10,36.37,20.9
53.0077807883911,18.6076215275837,Torun,2011,8,11,36.24,21.1
53.0077807883911,18.6076215275837,Torun,2011,8,12,36.13,20.9
53.0077807883911,18.6076215275837,Torun,2011,8,13,36.01,21.2
53.0077807883911,18.6076215275837,Torun,2011,8,14,36.0,20.3
53.0077807883911,18.6076215275837,Torun,2011,8,15,35.97,21.1
53.0077807883911,18.6076215275837,Torun,2011,8,16,35.89,20.9
53.0077807883911,18.6076215275837,Torun,2011,8,17,35.78,21.1
53.0077807883911,18.6076215275837,Torun,2011,8,18,35.56,21.2
53.0077807883911,18.6076215275837,Torun,2011,8,19,35.34,22.1
53.0077807883911,18.6076215275837,Torun,2011,8,20,35.37,21.5
53.0077807883911,18.6076215275837,Torun,2011,8,21,35.31,21.2
53.0077807883911,18.6076215275837,Torun,2011,8,22,35.61,21.5
53.0077807883911,18.6076215275837,Torun,2011,8,23,35.66,21.5
53.0077807883911,18.6076215275837,Torun,2011,8,24,35.39,21.3
53.0077807883911,18.6076215275837,Torun,2011,8,25,35.16,21.2
53.0077807883911,18.6076215275837,Torun,2011,8,26,35.26,21.3
53.0077807883911,18.6076215275837,Torun,2011,8,27,35.13,22.0
53.0077807883911,18.6076215275837,Torun,2011,8,28,35.06,22.1
53.0077807883911,18.6076215275837,Torun,2011,8,29,35.03,22.3
53.0077807883911,18.6076215275837,Torun,2011,8,30,34.97,21.2
53.0077807883911,18.6076215275837,Torun,2011,8,31,34.96,20.5
53.0077807883911,18.6076215275837,Torun,2011,9,1,34.88,20.4
53.0077807883911,18.6076215275837,Torun,2011,9,2,34.8,20.3
53.0077807883911,18.6076215275837,Torun,2011,9,3,34.79,19.9
53.0077807883911,18.6076215275837,Torun,2011,9,4,34.76,19.9
53.0077807883911,18.6076215275837,Torun,2011,9,5,34.53,19.8
53.0077807883911,18.6076215275837,Torun,2011,9,6,34.92,20.0
53.0077807883911,18.6076215275837,Torun,2011,9,7,34.55,19.5
53.0077807883911,18.6076215275837,Torun,2011,9,8,34.37,19.4
53.0077807883911,18.6076215275837,Torun,2011,9,9,34.24,18.1
53.0077807883911,18.6076215275837,Torun,2011,9,10,34.39,18.1
53.0077807883911,18.6076215275837,Torun,2011,9,11,34.53,18.0
53.0077807883911,18.6076215275837,Torun,2011,9,12,34.46,19.1
53.0077807883911,18.6076215275837,Torun,2011,9,13,34.35,18.5
53.0077807883911,18.6076215275837,Torun,2011,9,14,34.2,18.4
53.0077807883911,18.6076215275837,Torun,2011,9,15,34.41,18.5
53.0077807883911,18.6076215275837,Torun,2011,9,16,34.36,17.2
53.0077807883911,18.6076215275837,Torun,2011,9,17,34.3,16.9
53.0077807883911,18.6076215275837,Torun,2011,9,18,34.01,17.0
53.0077807883911,18.6076215275837,Torun,2011,9,19,34.25,17.5
53.0077807883911,18.6076215275837,Torun,2011,9,20,34.36,16.9
53.0077807883911,18.6076215275837,Torun,2011,9,21,34.11,16.5
53.0077807883911,18.6076215275837,Torun,2011,9,22,33.77,16.6
53.0077807883911,18.6076215275837,Torun,2011,9,23,33.9,16.3
53.0077807883911,18.6076215275837,Torun,2011,9,24,33.99,15.7
53.0077807883911,18.6076215275837,Torun,2011,9,25,34.06,16.0
53.0077807883911,18.6076215275837,Torun,2011,9,26,34.13,16.2
53.0077807883911,18.6076215275837,Torun,2011,9,27,34.03,16.5
53.0077807883911,18.6076215275837,Torun,2011,9,28,34.04,16.4
53.0077807883911,18.6076215275837,Torun,2011,9,29,33.89,16.2
53.0077807883911,18.6076215275837,Torun,2011,9,30,33.82,16.3
53.0077807883911,18.6076215275837,Torun,2011,10,1,33.94,16.5
53.0077807883911,18.6076215275837,Torun,2011,10,2,34.02,16.6
53.0077807883911,18.6076215275837,Torun,2011,10,3,33.95,16.3
53.0077807883911,18.6076215275837,Torun,2011,10,4,33.88,16.6
53.0077807883911,18.6076215275837,Torun,2011,10,5,34.0,16.5
53.0077807883911,18.6076215275837,Torun,2011,10,6,33.72,16.3
53.0077807883911,18.6076215275837,Torun,2011,10,7,33.81,16.4
53.0077807883911,18.6076215275837,Torun,2011,10,8,33.93,15.5
53.0077807883911,18.6076215275837,Torun,2011,10,9,34.04,14.8
53.0077807883911,18.6076215275837,Torun,2011,10,10,34.13,14.5
53.0077807883911,18.6076215275837,Torun,2011,10,11,33.93,14.4
53.0077807883911,18.6076215275837,Torun,2011,10,12,33.71,14.1
53.0077807883911,18.6076215275837,Torun,2011,10,13,33.84,13.2
53.0077807883911,18.6076215275837,Torun,2011,10,14,33.95,12.1
53.0077807883911,18.6076215275837,Torun,2011,10,15,34.09,11.8
53.0077807883911,18.6076215275837,Torun,2011,10,16,34.17,11.3
53.0077807883911,18.6076215275837,Torun,2011,10,17,34.16,10.6
53.0077807883911,18.6076215275837,Torun,2011,10,18,34.18,10.1
53.0077807883911,18.6076215275837,Torun,2011,10,19,34.1,10.3
53.0077807883911,18.6076215275837,Torun,2011,10,20,34.03,10.0
53.0077807883911,18.6076215275837,Torun,2011,10,21,34.06,9.1
53.0077807883911,18.6076215275837,Torun,2011,10,22,34.25,9.2
53.0077807883911,18.6076215275837,Torun,2011,10,23,34.12,8.5
53.0077807883911,18.6076215275837,Torun,2011,10,24,33.91,8.4
53.0077807883911,18.6076215275837,Torun,2011,10,25,34.08,8.3
53.0077807883911,18.6076215275837,Torun,2011,10,26,34.2,8.1
53.0077807883911,18.6076215275837,Torun,2011,10,27,34.22,8.1
53.0077807883911,18.6076215275837,Torun,2011,10,28,33.91,8.1
53.0077807883911,18.6076215275837,Torun,2011,10,29,33.85,8.3
53.0077807883911,18.6076215275837,Torun,2011,10,30,34.02,8.4
53.0077807883911,18.6076215275837,Torun,2011,10,31,34.08,8.4
53.0077807883911,18.6076215275837,Torun,2011,11,1,34.06,8.5
53.0077807883911,18.6076215275837,Torun,2011,11,2,33.97,8.4
53.0077807883911,18.6076215275837,Torun,2011,11,3,33.97,8.4
53.0077807883911,18.6076215275837,Torun,2011,11,4,34.11,8.3
53.0077807883911,18.6076215275837,Torun,2011,11,5,34.08,8.1
53.0077807883911,18.6076215275837,Torun,2011,11,6,33.92,8.0
53.0077807883911,18.6076215275837,Torun,2011,11,7,33.97,7.7
53.0077807883911,18.6076215275837,Torun,2011,11,8,34.06,7.4
53.0077807883911,18.6076215275837,Torun,2011,11,9,34.0,7.3
53.0077807883911,18.6076215275837,Torun,2011,11,10,33.91,7.2
53.0077807883911,18.6076215275837,Torun,2011,11,11,33.93,7.0
53.0077807883911,18.6076215275837,Torun,2011,11,12,33.99,6.3
53.0077807883911,18.6076215275837,Torun,2011,11,13,34.0,5.9
53.0077807883911,18.6076215275837,Torun,2011,11,14,33.82,5.4
53.0077807883911,18.6076215275837,Torun,2011,11,15,33.82,5.1
53.0077807883911,18.6076215275837,Torun,2011,11,16,33.96,5.5
53.0077807883911,18.6076215275837,Torun,2011,11,17,33.97,5.3
53.0077807883911,18.6076215275837,Torun,2011,11,18,33.9,4.9
53.0077807883911,18.6076215275837,Torun,2011,11,19,33.85,4.8
53.0077807883911,18.6076215275837,Torun,2011,11,20,33.76,4.4
53.0077807883911,18.6076215275837,Torun,2011,11,21,33.74,4.6
53.0077807883911,18.6076215275837,Torun,2011,11,22,34.48,4.4
53.0077807883911,18.6076215275837,Torun,2011,11,23,33.97,4.0
53.0077807883911,18.6076215275837,Torun,2011,11,24,33.61,3.9
53.0077807883911,18.6076215275837,Torun,2011,11,25,33.68,4.0
53.0077807883911,18.6076215275837,Torun,2011,11,26,33.84,4.0
53.0077807883911,18.6076215275837,Torun,2011,11,27,33.87,3.9
53.0077807883911,18.6076215275837,Torun,2011,11,28,33.77,4.3
53.0077807883911,18.6076215275837,Torun,2011,11,29,34.1,4.2
53.0077807883911,18.6076215275837,Torun,2011,11,30,34.52,4.0
53.0077807883911,18.6076215275837,Torun,2012,5,1,35.25,17.3
53.0077807883911,18.6076215275837,Torun,2012,5,2,35.05,18.5
53.0077807883911,18.6076215275837,Torun,2012,5,3,34.78,18.6
53.0077807883911,18.6076215275837,Torun,2012,5,4,34.87,19.1
53.0077807883911,18.6076215275837,Torun,2012,5,5,34.75,19.0
53.0077807883911,18.6076215275837,Torun,2012,5,6,34.63,19.4
53.0077807883911,18.6076215275837,Torun,2012,5,7,34.68,18.6
53.0077807883911,18.6076215275837,Torun,2012,5,8,34.67,17.7
53.0077807883911,18.6076215275837,Torun,2012,5,9,34.48,18.0
53.0077807883911,18.6076215275837,Torun,2012,5,10,34.98,18.3
53.0077807883911,18.6076215275837,Torun,2012,5,11,34.58,19.0
53.0077807883911,18.6076215275837,Torun,2012,5,12,34.74,19.3
53.0077807883911,18.6076215275837,Torun,2012,5,13,34.48,17.2
53.0077807883911,18.6076215275837,Torun,2012,5,14,34.49,17.1
53.0077807883911,18.6076215275837,Torun,2012,5,15,34.84,17.5
53.0077807883911,18.6076215275837,Torun,2012,5,16,34.81,16.9
53.0077807883911,18.6076215275837,Torun,2012,5,17,34.75,15.6
53.0077807883911,18.6076215275837,Torun,2012,5,18,34.68,15.2
53.0077807883911,18.6076215275837,Torun,2012,5,19,34.35,15.8
53.0077807883911,18.6076215275837,Torun,2012,5,20,34.47,16.5
53.0077807883911,18.6076215275837,Torun,2012,5,21,34.55,17.4
53.0077807883911,18.6076215275837,Torun,2012,5,22,34.67,17.7
53.0077807883911,18.6076215275837,Torun,2012,5,23,34.82,18.6
53.0077807883911,18.6076215275837,Torun,2012,5,24,34.82,19.0
53.0077807883911,18.6076215275837,Torun,2012,5,25,34.8,19.1
53.0077807883911,18.6076215275837,Torun,2012,5,26,34.63,19.3
53.0077807883911,18.6076215275837,Torun,2012,5,27,34.48,19.6
53.0077807883911,18.6076215275837,Torun,2012,5,28,34.32,20.0
53.0077807883911,18.6076215275837,Torun,2012,5,29,34.03,20.5
53.0077807883911,18.6076215275837,Torun,2012,5,30,33.95,21.0
53.0077807883911,18.6076215275837,Torun,2012,5,31,34.3,19.5
53.0077807883911,18.6076215275837,Torun,2012,6,1,34.29,18.9
53.0077807883911,18.6076215275837,Torun,2012,6,2,34.15,17.1
53.0077807883911,18.6076215275837,Torun,2012,6,3,34.07,16.7
53.0077807883911,18.6076215275837,Torun,2012,6,4,33.95,17.4
53.0077807883911,18.6076215275837,Torun,2012,6,5,34.05,17.7
53.0077807883911,18.6076215275837,Torun,2012,6,6,34.15,16.2
53.0077807883911,18.6076215275837,Torun,2012,6,7,34.13,16.7
53.0077807883911,18.6076215275837,Torun,2012,6,8,34.11,17.0
53.0077807883911,18.6076215275837,Torun,2012,6,9,34.16,18.1
53.0077807883911,18.6076215275837,Torun,2012,6,10,34.17,17.9
53.0077807883911,18.6076215275837,Torun,2012,6,11,34.17,18.0
53.0077807883911,18.6076215275837,Torun,2012,6,12,34.18,18.3
53.0077807883911,18.6076215275837,Torun,2012,6,13,34.37,19.1
53.0077807883911,18.6076215275837,Torun,2012,6,14,34.54,19.7
53.0077807883911,18.6076215275837,Torun,2012,6,15,34.59,18.6
53.0077807883911,18.6076215275837,Torun,2012,6,16,34.77,19.3
53.0077807883911,18.6076215275837,Torun,2012,6,17,34.82,20.2
53.0077807883911,18.6076215275837,Torun,2012,6,18,35.0,20.1
53.0077807883911,18.6076215275837,Torun,2012,6,19,35.54,20.0
53.0077807883911,18.6076215275837,Torun,2012,6,20,35.12,20.8
53.0077807883911,18.6076215275837,Torun,2012,6,21,35.31,20.5
53.0077807883911,18.6076215275837,Torun,2012,6,22,34.92,20.2
53.0077807883911,18.6076215275837,Torun,2012,6,23,34.93,19.9
53.0077807883911,18.6076215275837,Torun,2012,6,24,34.99,20.5
53.0077807883911,18.6076215275837,Torun,2012,6,25,35.01,20.8
53.0077807883911,18.6076215275837,Torun,2012,6,26,34.97,20.6
53.0077807883911,18.6076215275837,Torun,2012,6,27,34.98,19.1
53.0077807883911,18.6076215275837,Torun,2012,6,28,34.94,19.5
53.0077807883911,18.6076215275837,Torun,2012,6,29,34.91,19.9
53.0077807883911,18.6076215275837,Torun,2012,6,30,34.81,20.4
53.0077807883911,18.6076215275837,Torun,2012,7,1,34.61,21.1
53.0077807883911,18.6076215275837,Torun,2012,7,2,34.54,21.9
53.0077807883911,18.6076215275837,Torun,2012,7,3,34.35,22.0
53.0077807883911,18.6076215275837,Torun,2012,7,4,34.25,22.9
53.0077807883911,18.6076215275837,Torun,2012,7,5,34.41,23.2
53.0077807883911,18.6076215275837,Torun,2012,7,6,34.36,23.2
53.0077807883911,18.6076215275837,Torun,2012,7,7,34.38,25.3
53.0077807883911,18.6076215275837,Torun,2012,7,8,34.45,25.0
53.0077807883911,18.6076215275837,Torun,2012,7,9,34.25,25.0
53.0077807883911,18.6076215275837,Torun,2012,7,10,34.4,24.0
53.0077807883911,18.6076215275837,Torun,2012,7,11,34.57,24.7
53.0077807883911,18.6076215275837,Torun,2012,7,12,34.41,24.7
53.0077807883911,18.6076215275837,Torun,2012,7,13,34.12,23.1
53.0077807883911,18.6076215275837,Torun,2012,7,14,34.19,23.1
53.0077807883911,18.6076215275837,Torun,2012,7,15,34.34,22.8
53.0077807883911,18.6076215275837,Torun,2012,7,16,34.21,22.2
53.0077807883911,18.6076215275837,Torun,2012,7,17,33.93,21.0
53.0077807883911,18.6076215275837,Torun,2012,7,18,34.11,20.3
53.0077807883911,18.6076215275837,Torun,2012,7,19,34.17,20.2
53.0077807883911,18.6076215275837,Torun,2012,7,20,34.07,19.8
53.0077807883911,18.6076215275837,Torun,2012,7,21,33.83,19.3
53.0077807883911,18.6076215275837,Torun,2012,7,22,33.86,19.1
53.0077807883911,18.6076215275837,Torun,2012,7,23,34.03,19.6
53.0077807883911,18.6076215275837,Torun,2012,7,24,34.04,20.0
53.0077807883911,18.6076215275837,Torun,2012,7,25,33.98,20.5
53.0077807883911,18.6076215275837,Torun,2012,7,26,33.89,21.9
53.0077807883911,18.6076215275837,Torun,2012,7,27,33.7,22.5
53.0077807883911,18.6076215275837,Torun,2012,7,28,33.85,22.6
53.0077807883911,18.6076215275837,Torun,2012,7,29,33.75,23.5
53.0077807883911,18.6076215275837,Torun,2012,7,30,33.68,23.0
53.0077807883911,18.6076215275837,Torun,2012,7,31,33.76,23.2
53.0077807883911,18.6076215275837,Torun,2012,8,1,33.65,21.7
53.0077807883911,18.6076215275837,Torun,2012,8,2,33.69,22.4
53.0077807883911,18.6076215275837,Torun,2012,8,3,33.83,23.3
53.0077807883911,18.6076215275837,Torun,2012,8,4,33.79,22.8
53.0077807883911,18.6076215275837,Torun,2012,8,5,33.67,23.1
53.0077807883911,18.6076215275837,Torun,2012,8,6,33.77,23.6
53.0077807883911,18.6076215275837,Torun,2012,8,7,33.81,23.8
53.0077807883911,18.6076215275837,Torun,2012,8,8,33.72,22.5
53.0077807883911,18.6076215275837,Torun,2012,8,9,33.63,21.8
53.0077807883911,18.6076215275837,Torun,2012,8,10,33.63,21.0
53.0077807883911,18.6076215275837,Torun,2012,8,11,33.61,20.5
53.0077807883911,18.6076215275837,Torun,2012,8,12,33.62,20.2
53.0077807883911,18.6076215275837,Torun,2012,8,13,33.63,20.2
53.0077807883911,18.6076215275837,Torun,2012,8,14,33.7,20.1
53.0077807883911,18.6076215275837,Torun,2012,8,15,33.7,19.8
53.0077807883911,18.6076215275837,Torun,2012,8,16,33.63,19.5
53.0077807883911,18.6076215275837,Torun,2012,8,17,33.63,19.6
53.0077807883911,18.6076215275837,Torun,2012,8,18,33.73,19.7
53.0077807883911,18.6076215275837,Torun,2012,8,19,33.8,20.0
53.0077807883911,18.6076215275837,Torun,2012,8,20,33.88,20.7
53.0077807883911,18.6076215275837,Torun,2012,8,21,33.91,22.0
53.0077807883911,18.6076215275837,Torun,2012,8,22,33.78,22.3
53.0077807883911,18.6076215275837,Torun,2012,8,23,33.66,21.5
53.0077807883911,18.6076215275837,Torun,2012,8,24,33.76,20.1
53.0077807883911,18.6076215275837,Torun,2012,8,25,33.68,20.0
53.0077807883911,18.6076215275837,Torun,2012,8,26,33.7,20.6
53.0077807883911,18.6076215275837,Torun,2012,8,27,33.66,20.3
53.0077807883911,18.6076215275837,Torun,2012,8,28,33.68,18.8
53.0077807883911,18.6076215275837,Torun,2012,8,29,33.58,20.1
53.0077807883911,18.6076215275837,Torun,2012,8,30,33.6,20.3
53.0077807883911,18.6076215275837,Torun,2012,8,31,33.68,20.8
53.0077807883911,18.6076215275837,Torun,2012,9,1,33.68,20.5
53.0077807883911,18.6076215275837,Torun,2012,9,2,33.7,19.4
53.0077807883911,18.6076215275837,Torun,2012,9,3,33.71,19.9
53.0077807883911,18.6076215275837,Torun,2012,9,4,33.61,19.7
53.0077807883911,18.6076215275837,Torun,2012,9,5,33.58,19.6
53.0077807883911,18.6076215275837,Torun,2012,9,6,33.58,18.3
53.0077807883911,18.6076215275837,Torun,2012,9,7,33.55,17.6
53.0077807883911,18.6076215275837,Torun,2012,9,8,33.45,17.3
53.0077807883911,18.6076215275837,Torun,2012,9,9,33.44,17.5
53.0077807883911,18.6076215275837,Torun,2012,9,10,33.41,18.0
53.0077807883911,18.6076215275837,Torun,2012,9,11,33.43,18.7
53.0077807883911,18.6076215275837,Torun,2012,9,12,33.51,18.9
53.0077807883911,18.6076215275837,Torun,2012,9,13,33.53,18.2
53.0077807883911,18.6076215275837,Torun,2012,9,14,33.56,16.5
53.0077807883911,18.6076215275837,Torun,2012,9,15,33.56,16.2
53.0077807883911,18.6076215275837,Torun,2012,9,16,33.55,16.5
53.0077807883911,18.6076215275837,Torun,2012,9,17,33.49,16.4
53.0077807883911,18.6076215275837,Torun,2012,9,18,33.46,16.7
53.0077807883911,18.6076215275837,Torun,2012,9,19,33.47,17.0
53.0077807883911,18.6076215275837,Torun,2012,9,20,33.46,15.5
53.0077807883911,18.6076215275837,Torun,2012,9,21,33.48,15.1
53.0077807883911,18.6076215275837,Torun,2012,9,22,33.45,15.0
53.0077807883911,18.6076215275837,Torun,2012,9,23,33.47,14.1
53.0077807883911,18.6076215275837,Torun,2012,9,24,33.53,14.1
53.0077807883911,18.6076215275837,Torun,2012,9,25,33.51,14.2
53.0077807883911,18.6076215275837,Torun,2012,9,26,33.46,14.3
53.0077807883911,18.6076215275837,Torun,2012,9,27,33.49,15.0
53.0077807883911,18.6076215275837,Torun,2012,9,28,33.54,14.5
53.0077807883911,18.6076215275837,Torun,2012,9,29,33.56,14.2
53.0077807883911,18.6076215275837,Torun,2012,9,30,33.51,14.1
53.0077807883911,18.6076215275837,Torun,2012,10,1,33.49,13.7
53.0077807883911,18.6076215275837,Torun,2012,10,2,33.5,14.0
53.0077807883911,18.6076215275837,Torun,2012,10,3,33.54,14.2
53.0077807883911,18.6076215275837,Torun,2012,10,4,33.51,14.3
53.0077807883911,18.6076215275837,Torun,2012,10,5,33.52,14.1
53.0077807883911,18.6076215275837,Torun,2012,10,6,33.52,13.9
53.0077807883911,18.6076215275837,Torun,2012,10,7,33.55,13.4
53.0077807883911,18.6076215275837,Torun,2012,10,8,33.54,12.5
53.0077807883911,18.6076215275837,Torun,2012,10,9,33.65,12.2
53.0077807883911,18.6076215275837,Torun,2012,10,10,33.74,11.5
53.0077807883911,18.6076215275837,Torun,2012,10,11,33.79,11.5
53.0077807883911,18.6076215275837,Torun,2012,10,12,33.87,11.1
53.0077807883911,18.6076215275837,Torun,2012,10,13,33.91,11.0
53.0077807883911,18.6076215275837,Torun,2012,10,14,33.94,10.9
53.0077807883911,18.6076215275837,Torun,2012,10,15,33.81,10.7
53.0077807883911,18.6076215275837,Torun,2012,10,16,33.85,11.0
53.0077807883911,18.6076215275837,Torun,2012,10,17,33.89,10.3
53.0077807883911,18.6076215275837,Torun,2012,10,18,33.93,10.2
53.0077807883911,18.6076215275837,Torun,2012,10,19,33.99,10.4
53.0077807883911,18.6076215275837,Torun,2012,10,20,34.03,10.5
53.0077807883911,18.6076215275837,Torun,2012,10,21,33.94,10.5
53.0077807883911,18.6076215275837,Torun,2012,10,22,33.79,10.7
53.0077807883911,18.6076215275837,Torun,2012,10,23,33.78,10.9
53.0077807883911,18.6076215275837,Torun,2012,10,24,33.86,11.0
53.0077807883911,18.6076215275837,Torun,2012,10,25,33.88,10.7
53.0077807883911,18.6076215275837,Torun,2012,10,26,33.9,9.8
53.0077807883911,18.6076215275837,Torun,2012,10,27,33.81,9.1
53.0077807883911,18.6076215275837,Torun,2012,10,28,33.73,8.4
53.0077807883911,18.6076215275837,Torun,2012,10,29,33.73,7.5
53.0077807883911,18.6076215275837,Torun,2012,10,30,33.8,7.4
53.0077807883911,18.6076215275837,Torun,2012,10,31,33.87,7.5
53.0077807883911,18.6076215275837,Torun,2012,11,1,33.92,7.2
53.0077807883911,18.6076215275837,Torun,2012,11,2,33.93,7.1
53.0077807883911,18.6076215275837,Torun,2012,11,3,33.98,6.9
53.0077807883911,18.6076215275837,Torun,2012,11,4,34.08,6.8
53.0077807883911,18.6076215275837,Torun,2012,11,5,34.18,6.5
53.0077807883911,18.6076215275837,Torun,2012,11,6,34.17,6.2
53.0077807883911,18.6076215275837,Torun,2012,11,7,34.26,5.9
53.0077807883911,18.6076215275837,Torun,2012,11,8,34.25,6.1
53.0077807883911,18.6076215275837,Torun,2012,11,9,34.27,6.1
53.0077807883911,18.6076215275837,Torun,2012,11,10,34.35,5.9
53.0077807883911,18.6076215275837,Torun,2012,11,11,34.46,6.4
53.0077807883911,18.6076215275837,Torun,2012,11,12,34.52,6.7
53.0077807883911,18.6076215275837,Torun,2012,11,13,34.52,6.6
53.0077807883911,18.6076215275837,Torun,2012,11,14,34.49,6.3
53.0077807883911,18.6076215275837,Torun,2012,11,15,34.52,6.2
53.0077807883911,18.6076215275837,Torun,2012,11,16,34.96,6.2
53.0077807883911,18.6076215275837,Torun,2012,11,17,34.74,6.1
53.0077807883911,18.6076215275837,Torun,2012,11,18,34.26,5.8
53.0077807883911,18.6076215275837,Torun,2012,11,19,34.11,5.9
53.0077807883911,18.6076215275837,Torun,2012,11,20,33.73,5.9
53.0077807883911,18.6076215275837,Torun,2012,11,21,33.78,5.8
53.0077807883911,18.6076215275837,Torun,2012,11,22,34.02,5.5
53.0077807883911,18.6076215275837,Torun,2012,11,23,34.17,5.6
53.0077807883911,18.6076215275837,Torun,2012,11,24,34.14,5.4
53.0077807883911,18.6076215275837,Torun,2012,11,25,34.04,5.1
53.0077807883911,18.6076215275837,Torun,2012,11,26,34.0,5.3
53.0077807883911,18.6076215275837,Torun,2012,11,27,33.98,5.2
53.0077807883911,18.6076215275837,Torun,2012,11,28,34.1,5.4
53.0077807883911,18.6076215275837,Torun,2012,11,29,33.87,5.3
53.0077807883911,18.6076215275837,Torun,2012,11,30,34.01,5.2
53.0077807883911,18.6076215275837,Torun,2013,5,1,36.68,13.5
53.0077807883911,18.6076215275837,Torun,2013,5,2,36.62,13.8
53.0077807883911,18.6076215275837,Torun,2013,5,3,36.47,13.7
53.0077807883911,18.6076215275837,Torun,2013,5,4,36.39,13.6
53.0077807883911,18.6076215275837,Torun,2013,5,5,36.32,14.0
53.0077807883911,18.6076215275837,Torun,2013,5,6,36.31,14.9
53.0077807883911,18.6076215275837,Torun,2013,5,7,36.3,15.4
53.0077807883911,18.6076215275837,Torun,2013,5,8,36.4,16.1
53.0077807883911,18.6076215275837,Torun,2013,5,9,36.62,17.4
53.0077807883911,18.6076215275837,Torun,2013,5,10,36.66,18.5
53.0077807883911,18.6076215275837,Torun,2013,5,11,36.41,19.0
53.0077807883911,18.6076215275837,Torun,2013,5,12,36.26,18.3
53.0077807883911,18.6076215275837,Torun,2013,5,13,36.12,18.0
53.0077807883911,18.6076215275837,Torun,2013,5,14,36.04,18.3
53.0077807883911,18.6076215275837,Torun,2013,5,15,35.89,17.6
53.0077807883911,18.6076215275837,Torun,2013,5,16,35.75,18.0
53.0077807883911,18.6076215275837,Torun,2013,5,17,35.78,18.5
53.0077807883911,18.6076215275837,Torun,2013,5,18,35.7,19.2
53.0077807883911,18.6076215275837,Torun,2013,5,19,35.5,19.5
53.0077807883911,18.6076215275837,Torun,2013,5,20,35.33,20.1
53.0077807883911,18.6076215275837,Torun,2013,5,21,35.5,20.0
53.0077807883911,18.6076215275837,Torun,2013,5,22,35.22,20.2
53.0077807883911,18.6076215275837,Torun,2013,5,23,34.99,19.6
53.0077807883911,18.6076215275837,Torun,2013,5,24,34.92,18.9
53.0077807883911,18.6076215275837,Torun,2013,5,25,34.95,18.1
53.0077807883911,18.6076215275837,Torun,2013,5,26,35.11,16.9
53.0077807883911,18.6076215275837,Torun,2013,5,27,35.39,17.2
53.0077807883911,18.6076215275837,Torun,2013,5,28,35.4,16.7
53.0077807883911,18.6076215275837,Torun,2013,5,29,35.56,15.4
53.0077807883911,18.6076215275837,Torun,2013,5,30,35.75,16.1
53.0077807883911,18.6076215275837,Torun,2013,5,31,35.91,16.4
53.0077807883911,18.6076215275837,Torun,2013,6,1,36.09,16.5
53.0077807883911,18.6076215275837,Torun,2013,6,2,36.17,17.0
53.0077807883911,18.6076215275837,Torun,2013,6,3,35.86,18.2
53.0077807883911,18.6076215275837,Torun,2013,6,4,35.87,19.2
53.0077807883911,18.6076215275837,Torun,2013,6,5,35.9,18.3
53.0077807883911,18.6076215275837,Torun,2013,6,6,35.92,18.2
53.0077807883911,18.6076215275837,Torun,2013,6,7,36.12,18.5
53.0077807883911,18.6076215275837,Torun,2013,6,8,36.26,19.0
53.0077807883911,18.6076215275837,Torun,2013,6,9,36.66,19.5
53.0077807883911,18.6076215275837,Torun,2013,6,10,37.04,20.6
53.0077807883911,18.6076215275837,Torun,2013,6,11,37.08,21.1
53.0077807883911,18.6076215275837,Torun,2013,6,12,37.21,20.5
53.0077807883911,18.6076215275837,Torun,2013,6,13,37.26,20.4
53.0077807883911,18.6076215275837,Torun,2013,6,14,36.89,20.7
53.0077807883911,18.6076215275837,Torun,2013,6,15,36.89,20.5
53.0077807883911,18.6076215275837,Torun,2013,6,16,36.7,21.1
53.0077807883911,18.6076215275837,Torun,2013,6,17,37.02,21.2
53.0077807883911,18.6076215275837,Torun,2013,6,18,36.92,21.5
53.0077807883911,18.6076215275837,Torun,2013,6,19,36.84,21.9
53.0077807883911,18.6076215275837,Torun,2013,6,20,36.31,22.4
53.0077807883911,18.6076215275837,Torun,2013,6,21,36.03,22.7
53.0077807883911,18.6076215275837,Torun,2013,6,22,35.91,23.4
53.0077807883911,18.6076215275837,Torun,2013,6,23,35.77,24.0
53.0077807883911,18.6076215275837,Torun,2013,6,24,35.73,24.2
53.0077807883911,18.6076215275837,Torun,2013,6,25,35.66,23.3
53.0077807883911,18.6076215275837,Torun,2013,6,26,35.61,23.8
53.0077807883911,18.6076215275837,Torun,2013,6,27,35.63,21.1
53.0077807883911,18.6076215275837,Torun,2013,6,28,35.7,22.0
53.0077807883911,18.6076215275837,Torun,2013,6,29,35.63,21.3
53.0077807883911,18.6076215275837,Torun,2013,6,30,36.01,21.2
53.0077807883911,18.6076215275837,Torun,2013,7,1,36.18,20.9
53.0077807883911,18.6076215275837,Torun,2013,7,2,36.16,20.2
53.0077807883911,18.6076215275837,Torun,2013,7,3,36.0,20.0
53.0077807883911,18.6076215275837,Torun,2013,7,4,36.0,20.8
53.0077807883911,18.6076215275837,Torun,2013,7,5,35.83,21.5
53.0077807883911,18.6076215275837,Torun,2013,7,6,35.57,21.8
53.0077807883911,18.6076215275837,Torun,2013,7,7,35.4,22.1
53.0077807883911,18.6076215275837,Torun,2013,7,8,35.28,22.7
53.0077807883911,18.6076215275837,Torun,2013,7,9,35.15,23.2
53.0077807883911,18.6076215275837,Torun,2013,7,10,34.99,23.5
53.0077807883911,18.6076215275837,Torun,2013,7,11,34.81,22.8
53.0077807883911,18.6076215275837,Torun,2013,7,12,34.92,23.1
53.0077807883911,18.6076215275837,Torun,2013,7,13,34.88,21.2
53.0077807883911,18.6076215275837,Torun,2013,7,14,34.82,20.8
53.0077807883911,18.6076215275837,Torun,2013,7,15,34.76,20.8
53.0077807883911,18.6076215275837,Torun,2013,7,16,34.72,20.7
53.0077807883911,18.6076215275837,Torun,2013,7,17,34.74,20.4
53.0077807883911,18.6076215275837,Torun,2013,7,18,34.83,20.9
53.0077807883911,18.6076215275837,Torun,2013,7,19,34.98,21.2
53.0077807883911,18.6076215275837,Torun,2013,7,20,35.08,20.7
53.0077807883911,18.6076215275837,Torun,2013,7,21,35.17,21.3
53.0077807883911,18.6076215275837,Torun,2013,7,22,35.16,21.8
53.0077807883911,18.6076215275837,Torun,2013,7,23,34.91,21.9
53.0077807883911,18.6076215275837,Torun,2013,7,24,34.56,21.5
53.0077807883911,18.6076215275837,Torun,2013,7,25,34.4,21.2
53.0077807883911,18.6076215275837,Torun,2013,7,26,34.66,21.9
53.0077807883911,18.6076215275837,Torun,2013,7,27,34.6,22.2
53.0077807883911,18.6076215275837,Torun,2013,7,28,34.54,22.5
53.0077807883911,18.6076215275837,Torun,2013,7,29,34.45,23.1
53.0077807883911,18.6076215275837,Torun,2013,7,30,34.4,23.6
53.0077807883911,18.6076215275837,Torun,2013,7,31,34.34,22.7
53.0077807883911,18.6076215275837,Torun,2013,8,1,34.23,22.0
53.0077807883911,18.6076215275837,Torun,2013,8,2,34.32,22.6
53.0077807883911,18.6076215275837,Torun,2013,8,3,34.51,23.1
53.0077807883911,18.6076215275837,Torun,2013,8,4,34.47,23.7
53.0077807883911,18.6076215275837,Torun,2013,8,5,34.26,23.5
53.0077807883911,18.6076215275837,Torun,2013,8,6,34.21,24.8
53.0077807883911,18.6076215275837,Torun,2013,8,7,33.96,24.7
53.0077807883911,18.6076215275837,Torun,2013,8,8,33.95,24.7
53.0077807883911,18.6076215275837,Torun,2013,8,9,33.94,24.6
53.0077807883911,18.6076215275837,Torun,2013,8,10,33.9,23.5
53.0077807883911,18.6076215275837,Torun,2013,8,11,33.9,22.3
53.0077807883911,18.6076215275837,Torun,2013,8,12,34.01,22.8
53.0077807883911,18.6076215275837,Torun,2013,8,13,33.82,22.8
53.0077807883911,18.6076215275837,Torun,2013,8,14,33.89,22.2
53.0077807883911,18.6076215275837,Torun,2013,8,15,33.98,20.2
53.0077807883911,18.6076215275837,Torun,2013,8,16,33.93,20.9
53.0077807883911,18.6076215275837,Torun,2013,8,17,33.82,21.0
53.0077807883911,18.6076215275837,Torun,2013,8,18,33.81,21.2
53.0077807883911,18.6076215275837,Torun,2013,8,19,33.8,21.4
53.0077807883911,18.6076215275837,Torun,2013,8,20,33.79,21.5
53.0077807883911,18.6076215275837,Torun,2013,8,21,33.8,20.3
53.0077807883911,18.6076215275837,Torun,2013,8,22,33.87,20.2
53.0077807883911,18.6076215275837,Torun,2013,8,23,33.81,20.4
53.0077807883911,18.6076215275837,Torun,2013,8,24,33.73,20.1
53.0077807883911,18.6076215275837,Torun,2013,8,25,33.78,20.2
53.0077807883911,18.6076215275837,Torun,2013,8,26,33.81,19.8
53.0077807883911,18.6076215275837,Torun,2013,8,27,33.75,20.1
53.0077807883911,18.6076215275837,Torun,2013,8,28,33.75,19.8
53.0077807883911,18.6076215275837,Torun,2013,8,29,33.74,19.5
53.0077807883911,18.6076215275837,Torun,2013,8,30,33.72,18.7
53.0077807883911,18.6076215275837,Torun,2013,8,31,33.69,19.8
53.0077807883911,18.6076215275837,Torun,2013,9,1,33.69,19.6
53.0077807883911,18.6076215275837,Torun,2013,9,2,33.57,18.3
53.0077807883911,18.6076215275837,Torun,2013,9,3,33.6,17.0
53.0077807883911,18.6076215275837,Torun,2013,9,4,33.76,17.3
53.0077807883911,18.6076215275837,Torun,2013,9,5,33.61,18.0
53.0077807883911,18.6076215275837,Torun,2013,9,6,33.61,17.9
53.0077807883911,18.6076215275837,Torun,2013,9,7,33.69,18.1
53.0077807883911,18.6076215275837,Torun,2013,9,8,33.7,18.0
53.0077807883911,18.6076215275837,Torun,2013,9,9,33.64,17.8
53.0077807883911,18.6076215275837,Torun,2013,9,10,33.55,17.2
53.0077807883911,18.6076215275837,Torun,2013,9,11,33.71,16.9
53.0077807883911,18.6076215275837,Torun,2013,9,12,33.65,16.4
53.0077807883911,18.6076215275837,Torun,2013,9,13,33.68,16.1
53.0077807883911,18.6076215275837,Torun,2013,9,14,33.79,15.9
53.0077807883911,18.6076215275837,Torun,2013,9,15,33.8,15.9
53.0077807883911,18.6076215275837,Torun,2013,9,16,33.76,16.1
53.0077807883911,18.6076215275837,Torun,2013,9,17,33.82,16.2
53.0077807883911,18.6076215275837,Torun,2013,9,18,34.01,15.1
53.0077807883911,18.6076215275837,Torun,2013,9,19,34.21,15.4
53.0077807883911,18.6076215275837,Torun,2013,9,20,34.2,14.7
53.0077807883911,18.6076215275837,Torun,2013,9,21,34.18,14.7
53.0077807883911,18.6076215275837,Torun,2013,9,22,34.18,14.9
53.0077807883911,18.6076215275837,Torun,2013,9,23,34.28,14.6
53.0077807883911,18.6076215275837,Torun,2013,9,24,34.33,14.3
53.0077807883911,18.6076215275837,Torun,2013,9,25,34.51,13.5
53.0077807883911,18.6076215275837,Torun,2013,9,26,34.55,13.4
53.0077807883911,18.6076215275837,Torun,2013,9,27,34.43,12.6
53.0077807883911,18.6076215275837,Torun,2013,9,28,34.34,12.1
53.0077807883911,18.6076215275837,Torun,2013,9,29,34.36,11.8
53.0077807883911,18.6076215275837,Torun,2013,9,30,34.35,11.3
53.0077807883911,18.6076215275837,Torun,2013,10,1,34.36,11.2
53.0077807883911,18.6076215275837,Torun,2013,10,2,34.35,11.0
53.0077807883911,18.6076215275837,Torun,2013,10,3,34.39,10.5
53.0077807883911,18.6076215275837,Torun,2013,10,4,34.39,9.8
53.0077807883911,18.6076215275837,Torun,2013,10,5,34.38,9.6
53.0077807883911,18.6076215275837,Torun,2013,10,6,34.35,9.5
53.0077807883911,18.6076215275837,Torun,2013,10,7,34.34,9.9
53.0077807883911,18.6076215275837,Torun,2013,10,8,34.36,10.2
53.0077807883911,18.6076215275837,Torun,2013,10,9,34.29,9.8
53.0077807883911,18.6076215275837,Torun,2013,10,10,34.23,9.8
53.0077807883911,18.6076215275837,Torun,2013,10,11,34.21,9.5
53.0077807883911,18.6076215275837,Torun,2013,10,12,34.23,10.9
53.0077807883911,18.6076215275837,Torun,2013,10,13,34.26,11.0
53.0077807883911,18.6076215275837,Torun,2013,10,14,34.24,10.8
53.0077807883911,18.6076215275837,Torun,2013,10,15,34.22,10.7
53.0077807883911,18.6076215275837,Torun,2013,10,16,34.19,11.0
53.0077807883911,18.6076215275837,Torun,2013,10,17,34.2,10.9
53.0077807883911,18.6076215275837,Torun,2013,10,18,34.2,10.9
53.0077807883911,18.6076215275837,Torun,2013,10,19,34.21,10.2
53.0077807883911,18.6076215275837,Torun,2013,10,20,34.19,10.2
53.0077807883911,18.6076215275837,Torun,2013,10,21,34.07,10.8
53.0077807883911,18.6076215275837,Torun,2013,10,22,34.15,10.5
53.0077807883911,18.6076215275837,Torun,2013,10,23,34.21,10.6
53.0077807883911,18.6076215275837,Torun,2013,10,24,34.31,10.9
53.0077807883911,18.6076215275837,Torun,2013,10,25,34.25,10.6
53.0077807883911,18.6076215275837,Torun,2013,10,26,34.31,10.8
53.0077807883911,18.6076215275837,Torun,2013,10,27,34.3,11.1
53.0077807883911,18.6076215275837,Torun,2013,10,28,34.17,11.4
53.0077807883911,18.6076215275837,Torun,2013,10,29,34.14,11.5
53.0077807883911,18.6076215275837,Torun,2013,10,30,34.23,11.0
53.0077807883911,18.6076215275837,Torun,2013,10,31,34.29,10.7
53.0077807883911,18.6076215275837,Torun,2013,11,1,34.05,10.5
53.0077807883911,18.6076215275837,Torun,2013,11,2,33.7,10.0
53.0077807883911,18.6076215275837,Torun,2013,11,3,33.73,10.1
53.0077807883911,18.6076215275837,Torun,2013,11,4,33.97,10.0
53.0077807883911,18.6076215275837,Torun,2013,11,5,34.14,9.9
53.0077807883911,18.6076215275837,Torun,2013,11,6,34.08,9.6
53.0077807883911,18.6076215275837,Torun,2013,11,7,34.06,9.1
53.0077807883911,18.6076215275837,Torun,2013,11,8,34.2,9.2
53.0077807883911,18.6076215275837,Torun,2013,11,9,34.22,9.2
53.0077807883911,18.6076215275837,Torun,2013,11,10,34.26,8.9
53.0077807883911,18.6076215275837,Torun,2013,11,11,34.35,8.4
53.0077807883911,18.6076215275837,Torun,2013,11,12,34.49,8.4
53.0077807883911,18.6076215275837,Torun,2013,11,13,34.78,8.1
53.0077807883911,18.6076215275837,Torun,2013,11,14,34.84,7.7
53.0077807883911,18.6076215275837,Torun,2013,11,15,34.75,7.4
53.0077807883911,18.6076215275837,Torun,2013,11,16,34.67,7.1
53.0077807883911,18.6076215275837,Torun,2013,11,17,34.99,7.0
53.0077807883911,18.6076215275837,Torun,2013,11,18,34.87,6.7
53.0077807883911,18.6076215275837,Torun,2013,11,19,34.85,6.6
53.0077807883911,18.6076215275837,Torun,2013,11,20,34.69,6.4
53.0077807883911,18.6076215275837,Torun,2013,11,21,34.51,6.1
53.0077807883911,18.6076215275837,Torun,2013,11,22,34.32,6.2
53.0077807883911,18.6076215275837,Torun,2013,11,23,34.39,6.2
53.0077807883911,18.6076215275837,Torun,2013,11,24,34.47,6.3
53.0077807883911,18.6076215275837,Torun,2013,11,25,34.45,6.0
53.0077807883911,18.6076215275837,Torun,2013,11,26,34.42,5.4
53.0077807883911,18.6076215275837,Torun,2013,11,27,34.44,4.9
53.0077807883911,18.6076215275837,Torun,2013,11,28,34.45,4.9
53.0077807883911,18.6076215275837,Torun,2013,11,29,34.51,5.0
53.0077807883911,18.6076215275837,Torun,2013,11,30,34.55,4.8
53.0077807883911,18.6076215275837,Torun,2014,5,1,34.76,15.3
53.0077807883911,18.6076215275837,Torun,2014,5,2,34.89,15.3
53.0077807883911,18.6076215275837,Torun,2014,5,3,34.87,14.8
53.0077807883911,18.6076215275837,Torun,2014,5,4,34.86,14.6
53.0077807883911,18.6076215275837,Torun,2014,5,5,34.85,14.1
53.0077807883911,18.6076215275837,Torun,2014,5,6,34.82,14.2
53.0077807883911,18.6076215275837,Torun,2014,5,7,34.96,14.5
53.0077807883911,18.6076215275837,Torun,2014,5,8,34.93,14.5
53.0077807883911,18.6076215275837,Torun,2014,5,9,34.58,14.8
53.0077807883911,18.6076215275837,Torun,2014,5,10,34.42,14.5
53.0077807883911,18.6076215275837,Torun,2014,5,11,34.33,14.6
53.0077807883911,18.6076215275837,Torun,2014,5,12,34.38,14.9
53.0077807883911,18.6076215275837,Torun,2014,5,13,34.49,15.2
53.0077807883911,18.6076215275837,Torun,2014,5,14,34.45,15.1
53.0077807883911,18.6076215275837,Torun,2014,5,15,34.37,15.1
53.0077807883911,18.6076215275837,Torun,2014,5,16,34.34,14.9
53.0077807883911,18.6076215275837,Torun,2014,5,17,34.44,14.6
53.0077807883911,18.6076215275837,Torun,2014,5,18,34.85,14.9
53.0077807883911,18.6076215275837,Torun,2014,5,19,35.71,15.2
53.0077807883911,18.6076215275837,Torun,2014,5,20,35.89,16.0
53.0077807883911,18.6076215275837,Torun,2014,5,21,36.93,17.1
53.0077807883911,18.6076215275837,Torun,2014,5,22,38.55,18.0
53.0077807883911,18.6076215275837,Torun,2014,5,23,38.92,18.1
53.0077807883911,18.6076215275837,Torun,2014,5,24,38.41,18.2
53.0077807883911,18.6076215275837,Torun,2014,5,25,37.82,18.5
53.0077807883911,18.6076215275837,Torun,2014,5,26,37.21,19.2
53.0077807883911,18.6076215275837,Torun,2014,5,27,36.32,19.9
53.0077807883911,18.6076215275837,Torun,2014,5,28,35.95,20.4
53.0077807883911,18.6076215275837,Torun,2014,5,29,35.62,19.7
53.0077807883911,18.6076215275837,Torun,2014,5,30,35.62,19.8
53.0077807883911,18.6076215275837,Torun,2014,5,31,35.66,18.9
53.0077807883911,18.6076215275837,Torun,2014,6,1,35.68,18.7
53.0077807883911,18.6076215275837,Torun,2014,6,2,35.66,18.2
53.0077807883911,18.6076215275837,Torun,2014,6,3,35.65,17.6
53.0077807883911,18.6076215275837,Torun,2014,6,4,35.68,17.3
53.0077807883911,18.6076215275837,Torun,2014,6,5,35.6,16.5
53.0077807883911,18.6076215275837,Torun,2014,6,6,35.29,17.8
53.0077807883911,18.6076215275837,Torun,2014,6,7,35.27,18.2
53.0077807883911,18.6076215275837,Torun,2014,6,8,35.2,18.7
53.0077807883911,18.6076215275837,Torun,2014,6,9,35.18,20.1
53.0077807883911,18.6076215275837,Torun,2014,6,10,35.09,21.2
53.0077807883911,18.6076215275837,Torun,2014,6,11,35.0,21.8
53.0077807883911,18.6076215275837,Torun,2014,6,12,34.87,22.5
53.0077807883911,18.6076215275837,Torun,2014,6,13,34.77,21.8
53.0077807883911,18.6076215275837,Torun,2014,6,14,34.86,21.0
53.0077807883911,18.6076215275837,Torun,2014,6,15,34.7,20.4
53.0077807883911,18.6076215275837,Torun,2014,6,16,34.72,20.1
53.0077807883911,18.6076215275837,Torun,2014,6,17,34.67,20.0
53.0077807883911,18.6076215275837,Torun,2014,6,18,34.59,19.6
53.0077807883911,18.6076215275837,Torun,2014,6,19,34.48,19.7
53.0077807883911,18.6076215275837,Torun,2014,6,20,34.57,18.8
53.0077807883911,18.6076215275837,Torun,2014,6,21,34.39,18.9
53.0077807883911,18.6076215275837,Torun,2014,6,22,34.32,18.4
53.0077807883911,18.6076215275837,Torun,2014,6,23,34.39,18.2
53.0077807883911,18.6076215275837,Torun,2014,6,24,34.27,17.6
53.0077807883911,18.6076215275837,Torun,2014,6,25,34.21,17.7
53.0077807883911,18.6076215275837,Torun,2014,6,26,34.17,17.8
53.0077807883911,18.6076215275837,Torun,2014,6,27,34.13,18.2
53.0077807883911,18.6076215275837,Torun,2014,6,28,34.11,18.8
53.0077807883911,18.6076215275837,Torun,2014,6,29,34.11,19.1
53.0077807883911,18.6076215275837,Torun,2014,6,30,34.12,19.2
53.0077807883911,18.6076215275837,Torun,2014,7,1,34.16,19.6
53.0077807883911,18.6076215275837,Torun,2014,7,2,34.22,19.4
53.0077807883911,18.6076215275837,Torun,2014,7,3,34.15,19.7
53.0077807883911,18.6076215275837,Torun,2014,7,4,34.16,20.2
53.0077807883911,18.6076215275837,Torun,2014,7,5,34.17,21.0
53.0077807883911,18.6076215275837,Torun,2014,7,6,34.22,21.8
53.0077807883911,18.6076215275837,Torun,2014,7,7,34.55,21.8
53.0077807883911,18.6076215275837,Torun,2014,7,8,34.63,22.6
53.0077807883911,18.6076215275837,Torun,2014,7,9,34.67,23.2
53.0077807883911,18.6076215275837,Torun,2014,7,10,34.54,23.6
53.0077807883911,18.6076215275837,Torun,2014,7,11,34.44,23.7
53.0077807883911,18.6076215275837,Torun,2014,7,12,34.19,23.3
53.0077807883911,18.6076215275837,Torun,2014,7,13,34.17,21.8
53.0077807883911,18.6076215275837,Torun,2014,7,14,34.27,22.5
53.0077807883911,18.6076215275837,Torun,2014,7,15,34.39,22.9
53.0077807883911,18.6076215275837,Torun,2014,7,16,34.69,23.0
53.0077807883911,18.6076215275837,Torun,2014,7,17,35.2,22.8
53.0077807883911,18.6076215275837,Torun,2014,7,18,35.81,23.4
53.0077807883911,18.6076215275837,Torun,2014,7,19,35.83,24.1
53.0077807883911,18.6076215275837,Torun,2014,7,20,35.27,24.6
53.0077807883911,18.6076215275837,Torun,2014,7,21,35.05,23.7
53.0077807883911,18.6076215275837,Torun,2014,7,22,34.91,23.7
53.0077807883911,18.6076215275837,Torun,2014,7,23,34.91,23.7
53.0077807883911,18.6076215275837,Torun,2014,7,24,34.9,23.2
53.0077807883911,18.6076215275837,Torun,2014,7,25,34.92,22.9
53.0077807883911,18.6076215275837,Torun,2014,7,26,34.62,22.6
53.0077807883911,18.6076215275837,Torun,2014,7,27,34.55,22.8
53.0077807883911,18.6076215275837,Torun,2014,7,28,34.61,23.1
53.0077807883911,18.6076215275837,Torun,2014,7,29,34.84,23.7
53.0077807883911,18.6076215275837,Torun,2014,7,30,35.06,24.1
53.0077807883911,18.6076215275837,Torun,2014,7,31,35.05,24.6
53.0077807883911,18.6076215275837,Torun,2014,8,1,34.87,24.1
53.0077807883911,18.6076215275837,Torun,2014,8,2,34.95,24.2
53.0077807883911,18.6076215275837,Torun,2014,8,3,34.7,24.5
53.0077807883911,18.6076215275837,Torun,2014,8,4,34.67,24.4
53.0077807883911,18.6076215275837,Torun,2014,8,5,34.57,24.3
53.0077807883911,18.6076215275837,Torun,2014,8,6,34.58,23.7
53.0077807883911,18.6076215275837,Torun,2014,8,7,34.89,24.0
53.0077807883911,18.6076215275837,Torun,2014,8,8,34.83,24.6
53.0077807883911,18.6076215275837,Torun,2014,8,9,34.61,24.3
53.0077807883911,18.6076215275837,Torun,2014,8,10,34.54,24.5
53.0077807883911,18.6076215275837,Torun,2014,8,11,34.54,24.8
53.0077807883911,18.6076215275837,Torun,2014,8,12,34.85,23.7
53.0077807883911,18.6076215275837,Torun,2014,8,13,35.03,23.3
53.0077807883911,18.6076215275837,Torun,2014,8,14,34.96,23.5
53.0077807883911,18.6076215275837,Torun,2014,8,15,34.65,23.3
53.0077807883911,18.6076215275837,Torun,2014,8,16,34.68,22.3
53.0077807883911,18.6076215275837,Torun,2014,8,17,34.7,21.2
53.0077807883911,18.6076215275837,Torun,2014,8,18,34.83,21.0
53.0077807883911,18.6076215275837,Torun,2014,8,19,34.72,20.3
53.0077807883911,18.6076215275837,Torun,2014,8,20,34.87,19.8
53.0077807883911,18.6076215275837,Torun,2014,8,21,34.84,19.1
53.0077807883911,18.6076215275837,Torun,2014,8,22,34.7,19.0
53.0077807883911,18.6076215275837,Torun,2014,8,23,34.59,18.7
53.0077807883911,18.6076215275837,Torun,2014,8,24,34.43,19.0
53.0077807883911,18.6076215275837,Torun,2014,8,25,34.37,17.8
53.0077807883911,18.6076215275837,Torun,2014,8,26,34.34,17.4
53.0077807883911,18.6076215275837,Torun,2014,8,27,34.43,17.6
53.0077807883911,18.6076215275837,Torun,2014,8,28,34.52,17.1
53.0077807883911,18.6076215275837,Torun,2014,8,29,34.54,17.3
53.0077807883911,18.6076215275837,Torun,2014,8,30,34.55,18.0
53.0077807883911,18.6076215275837,Torun,2014,8,31,34.63,18.0
53.0077807883911,18.6076215275837,Torun,2014,9,1,34.7,18.0
53.0077807883911,18.6076215275837,Torun,2014,9,2,34.73,18.0
53.0077807883911,18.6076215275837,Torun,2014,9,3,34.67,17.7
53.0077807883911,18.6076215275837,Torun,2014,9,4,34.55,18.0
53.0077807883911,18.6076215275837,Torun,2014,9,5,34.51,18.0
53.0077807883911,18.6076215275837,Torun,2014,9,6,34.43,17.7
53.0077807883911,18.6076215275837,Torun,2014,9,7,34.37,18.1
53.0077807883911,18.6076215275837,Torun,2014,9,8,34.41,18.5
53.0077807883911,18.6076215275837,Torun,2014,9,9,34.38,18.6
53.0077807883911,18.6076215275837,Torun,2014,9,10,34.27,18.3
53.0077807883911,18.6076215275837,Torun,2014,9,11,34.12,18.0
53.0077807883911,18.6076215275837,Torun,2014,9,12,34.06,18.5
53.0077807883911,18.6076215275837,Torun,2014,9,13,33.94,19.1
53.0077807883911,18.6076215275837,Torun,2014,9,14,33.96,19.2
53.0077807883911,18.6076215275837,Torun,2014,9,15,34.03,18.9
53.0077807883911,18.6076215275837,Torun,2014,9,16,34.1,18.4
53.0077807883911,18.6076215275837,Torun,2014,9,17,34.16,18.1
53.0077807883911,18.6076215275837,Torun,2014,9,18,34.18,18.2
53.0077807883911,18.6076215275837,Torun,2014,9,19,34.13,18.0
53.0077807883911,18.6076215275837,Torun,2014,9,20,34.1,17.8
53.0077807883911,18.6076215275837,Torun,2014,9,21,34.07,18.2
53.0077807883911,18.6076215275837,Torun,2014,9,22,34.01,17.8
53.0077807883911,18.6076215275837,Torun,2014,9,23,33.85,17.0
53.0077807883911,18.6076215275837,Torun,2014,9,24,33.85,14.8
53.0077807883911,18.6076215275837,Torun,2014,9,25,33.85,15.3
53.0077807883911,18.6076215275837,Torun,2014,9,26,33.83,14.9
53.0077807883911,18.6076215275837,Torun,2014,9,27,33.97,15.2
53.0077807883911,18.6076215275837,Torun,2014,9,28,34.38,15.3
53.0077807883911,18.6076215275837,Torun,2014,9,29,34.5,14.4
53.0077807883911,18.6076215275837,Torun,2014,9,30,34.5,14.3
53.0077807883911,18.6076215275837,Torun,2014,10,1,34.45,14.7
53.0077807883911,18.6076215275837,Torun,2014,10,2,34.37,14.5
53.0077807883911,18.6076215275837,Torun,2014,10,3,34.36,14.4
53.0077807883911,18.6076215275837,Torun,2014,10,4,34.27,14.2
53.0077807883911,18.6076215275837,Torun,2014,10,5,34.21,13.7
53.0077807883911,18.6076215275837,Torun,2014,10,6,34.2,13.4
53.0077807883911,18.6076215275837,Torun,2014,10,7,34.25,13.1
53.0077807883911,18.6076215275837,Torun,2014,10,8,34.28,12.8
53.0077807883911,18.6076215275837,Torun,2014,10,9,34.26,13.3
53.0077807883911,18.6076215275837,Torun,2014,10,10,34.25,13.7
53.0077807883911,18.6076215275837,Torun,2014,10,11,34.24,13.8
53.0077807883911,18.6076215275837,Torun,2014,10,12,34.23,13.9
53.0077807883911,18.6076215275837,Torun,2014,10,13,34.22,13.7
53.0077807883911,18.6076215275837,Torun,2014,10,14,34.24,14.2
53.0077807883911,18.6076215275837,Torun,2014,10,15,34.29,14.1
53.0077807883911,18.6076215275837,Torun,2014,10,16,34.29,14.1
53.0077807883911,18.6076215275837,Torun,2014,10,17,34.22,14.1
53.0077807883911,18.6076215275837,Torun,2014,10,18,34.08,13.8
53.0077807883911,18.6076215275837,Torun,2014,10,19,33.97,13.7
53.0077807883911,18.6076215275837,Torun,2014,10,20,33.95,13.9
53.0077807883911,18.6076215275837,Torun,2014,10,21,33.93,13.9
53.0077807883911,18.6076215275837,Torun,2014,10,22,33.92,13.7
53.0077807883911,18.6076215275837,Torun,2014,10,23,33.98,13.0
53.0077807883911,18.6076215275837,Torun,2014,10,24,34.12,11.6
53.0077807883911,18.6076215275837,Torun,2014,10,25,34.27,10.4
53.0077807883911,18.6076215275837,Torun,2014,10,26,34.24,10.0
53.0077807883911,18.6076215275837,Torun,2014,10,27,34.16,9.8
53.0077807883911,18.6076215275837,Torun,2014,10,28,34.27,9.4
53.0077807883911,18.6076215275837,Torun,2014,10,29,34.74,8.9
53.0077807883911,18.6076215275837,Torun,2014,10,30,34.93,8.0
53.0077807883911,18.6076215275837,Torun,2014,10,31,34.63,7.7
53.0077807883911,18.6076215275837,Torun,2014,11,1,34.28,7.2
53.0077807883911,18.6076215275837,Torun,2014,11,2,34.08,6.9
53.0077807883911,18.6076215275837,Torun,2014,11,3,34.15,6.8
53.0077807883911,18.6076215275837,Torun,2014,11,4,34.28,6.8
53.0077807883911,18.6076215275837,Torun,2014,11,5,34.11,6.9
53.0077807883911,18.6076215275837,Torun,2014,11,6,34.12,7.0
53.0077807883911,18.6076215275837,Torun,2014,11,7,34.17,7.2
53.0077807883911,18.6076215275837,Torun,2014,11,8,34.07,6.8
53.0077807883911,18.6076215275837,Torun,2014,11,9,34.08,6.5
53.0077807883911,18.6076215275837,Torun,2014,11,10,34.16,6.9
53.0077807883911,18.6076215275837,Torun,2014,11,11,34.08,7.3
53.0077807883911,18.6076215275837,Torun,2014,11,12,34.07,7.4
53.0077807883911,18.6076215275837,Torun,2014,11,13,34.08,7.3
53.0077807883911,18.6076215275837,Torun,2014,11,14,34.09,7.4
53.0077807883911,18.6076215275837,Torun,2014,11,15,34.15,7.2
53.0077807883911,18.6076215275837,Torun,2014,11,16,34.26,7.2
53.0077807883911,18.6076215275837,Torun,2014,11,17,34.11,7.1
53.0077807883911,18.6076215275837,Torun,2014,11,18,33.95,6.9
53.0077807883911,18.6076215275837,Torun,2014,11,19,33.93,6.6
53.0077807883911,18.6076215275837,Torun,2014,11,20,33.92,6.3
53.0077807883911,18.6076215275837,Torun,2014,11,21,33.92,6.2
53.0077807883911,18.6076215275837,Torun,2014,11,22,33.91,6.3
53.0077807883911,18.6076215275837,Torun,2014,11,23,34.15,6.0
53.0077807883911,18.6076215275837,Torun,2014,11,24,33.92,5.7
53.0077807883911,18.6076215275837,Torun,2014,11,25,33.93,5.4
53.0077807883911,18.6076215275837,Torun,2014,11,26,34.15,5.2
53.0077807883911,18.6076215275837,Torun,2014,11,27,34.17,5.1
53.0077807883911,18.6076215275837,Torun,2014,11,28,33.88,4.7
53.0077807883911,18.6076215275837,Torun,2014,11,29,34.04,4.5
53.0077807883911,18.6076215275837,Torun,2014,11,30,33.96,3.3
53.0077807883911,18.6076215275837,Torun,2015,5,1,34.3,13.7
53.0077807883911,18.6076215275837,Torun,2015,5,2,34.3,13.6
53.0077807883911,18.6076215275837,Torun,2015,5,3,34.29,13.8
53.0077807883911,18.6076215275837,Torun,2015,5,4,34.36,14.3
53.0077807883911,18.6076215275837,Torun,2015,5,5,34.5,14.1
53.0077807883911,18.6076215275837,Torun,2015,5,6,34.49,15.0
53.0077807883911,18.6076215275837,Torun,2015,5,7,34.36,14.7
53.0077807883911,18.6076215275837,Torun,2015,5,8,34.33,14.9
53.0077807883911,18.6076215275837,Torun,2015,5,9,34.32,14.7
53.0077807883911,18.6076215275837,Torun,2015,5,10,34.39,16.0
53.0077807883911,18.6076215275837,Torun,2015,5,11,34.42,15.7
53.0077807883911,18.6076215275837,Torun,2015,5,12,34.45,15.5
53.0077807883911,18.6076215275837,Torun,2015,5,13,34.46,16.5
53.0077807883911,18.6076215275837,Torun,2015,5,14,34.45,15.6
53.0077807883911,18.6076215275837,Torun,2015,5,15,34.4,15.7
53.0077807883911,18.6076215275837,Torun,2015,5,16,34.35,15.3
53.0077807883911,18.6076215275837,Torun,2015,5,17,34.35,15.6
53.0077807883911,18.6076215275837,Torun,2015,5,18,34.37,15.1
53.0077807883911,18.6076215275837,Torun,2015,5,19,34.31,15.7
53.0077807883911,18.6076215275837,Torun,2015,5,20,34.28,16.1
53.0077807883911,18.6076215275837,Torun,2015,5,21,34.27,15.2
53.0077807883911,18.6076215275837,Torun,2015,5,22,34.22,15.8
53.0077807883911,18.6076215275837,Torun,2015,5,23,34.16,16.1
53.0077807883911,18.6076215275837,Torun,2015,5,24,34.17,16.4
53.0077807883911,18.6076215275837,Torun,2015,5,25,34.17,16.9
53.0077807883911,18.6076215275837,Torun,2015,5,26,34.25,17.2
53.0077807883911,18.6076215275837,Torun,2015,5,27,34.59,16.6
53.0077807883911,18.6076215275837,Torun,2015,5,28,34.97,16.1
53.0077807883911,18.6076215275837,Torun,2015,5,29,35.04,16.1
53.0077807883911,18.6076215275837,Torun,2015,5,30,34.95,17.2
53.0077807883911,18.6076215275837,Torun,2015,5,31,34.93,16.5
53.0077807883911,18.6076215275837,Torun,2015,6,1,35.73,16.5
53.0077807883911,18.6076215275837,Torun,2015,6,2,36.16,16.7
53.0077807883911,18.6076215275837,Torun,2015,6,3,36.08,18.0
53.0077807883911,18.6076215275837,Torun,2015,6,4,35.62,18.5
53.0077807883911,18.6076215275837,Torun,2015,6,5,34.88,18.8
53.0077807883911,18.6076215275837,Torun,2015,6,6,35.13,19.5
53.0077807883911,18.6076215275837,Torun,2015,6,7,35.02,20.2
53.0077807883911,18.6076215275837,Torun,2015,6,8,34.85,19.6
53.0077807883911,18.6076215275837,Torun,2015,6,9,34.62,20.1
53.0077807883911,18.6076215275837,Torun,2015,6,10,34.49,19.2
53.0077807883911,18.6076215275837,Torun,2015,6,11,34.47,20.1
53.0077807883911,18.6076215275837,Torun,2015,6,12,34.23,20.8
53.0077807883911,18.6076215275837,Torun,2015,6,13,34.15,20.9
53.0077807883911,18.6076215275837,Torun,2015,6,14,34.14,21.3
53.0077807883911,18.6076215275837,Torun,2015,6,15,34.06,21.2
53.0077807883911,18.6076215275837,Torun,2015,6,16,34.05,20.2
53.0077807883911,18.6076215275837,Torun,2015,6,17,34.04,20.0
53.0077807883911,18.6076215275837,Torun,2015,6,18,33.84,20.3
53.0077807883911,18.6076215275837,Torun,2015,6,19,33.82,19.8
53.0077807883911,18.6076215275837,Torun,2015,6,20,33.79,19.3
53.0077807883911,18.6076215275837,Torun,2015,6,21,33.79,19.8
53.0077807883911,18.6076215275837,Torun,2015,6,22,33.82,19.5
53.0077807883911,18.6076215275837,Torun,2015,6,23,33.88,19.0
53.0077807883911,18.6076215275837,Torun,2015,6,24,33.89,18.2
53.0077807883911,18.6076215275837,Torun,2015,6,25,33.85,18.1
53.0077807883911,18.6076215275837,Torun,2015,6,26,33.75,18.8
53.0077807883911,18.6076215275837,Torun,2015,6,27,33.66,18.5
53.0077807883911,18.6076215275837,Torun,2015,6,28,33.66,19.1
53.0077807883911,18.6076215275837,Torun,2015,6,29,33.64,19.0
53.0077807883911,18.6076215275837,Torun,2015,6,30,33.59,19.1
53.0077807883911,18.6076215275837,Torun,2015,7,1,33.53,19.4
53.0077807883911,18.6076215275837,Torun,2015,7,2,33.57,20.3
53.0077807883911,18.6076215275837,Torun,2015,7,3,33.52,21.0
53.0077807883911,18.6076215275837,Torun,2015,7,4,33.47,22.1
53.0077807883911,18.6076215275837,Torun,2015,7,5,33.47,23.6
53.0077807883911,18.6076215275837,Torun,2015,7,6,33.52,24.2
53.0077807883911,18.6076215275837,Torun,2015,7,7,33.52,23.0
53.0077807883911,18.6076215275837,Torun,2015,7,8,33.43,22.8
53.0077807883911,18.6076215275837,Torun,2015,7,9,33.4,21.9
53.0077807883911,18.6076215275837,Torun,2015,7,10,33.38,21.6
53.0077807883911,18.6076215275837,Torun,2015,7,11,33.35,19.7
53.0077807883911,18.6076215275837,Torun,2015,7,12,33.26,19.2
53.0077807883911,18.6076215275837,Torun,2015,7,13,33.25,21.0
53.0077807883911,18.6076215275837,Torun,2015,7,14,33.28,21.2
53.0077807883911,18.6076215275837,Torun,2015,7,15,33.36,20.9
53.0077807883911,18.6076215275837,Torun,2015,7,16,33.39,20.2
53.0077807883911,18.6076215275837,Torun,2015,7,17,33.35,20.8
53.0077807883911,18.6076215275837,Torun,2015,7,18,33.34,21.2
53.0077807883911,18.6076215275837,Torun,2015,7,19,33.39,21.8
53.0077807883911,18.6076215275837,Torun,2015,7,20,33.41,21.3
53.0077807883911,18.6076215275837,Torun,2015,7,21,33.38,20.6
53.0077807883911,18.6076215275837,Torun,2015,7,22,33.37,21.0
53.0077807883911,18.6076215275837,Torun,2015,7,23,33.42,22.1
53.0077807883911,18.6076215275837,Torun,2015,7,24,33.39,21.8
53.0077807883911,18.6076215275837,Torun,2015,7,25,33.38,22.1
53.0077807883911,18.6076215275837,Torun,2015,7,26,33.35,21.2
53.0077807883911,18.6076215275837,Torun,2015,7,27,33.3,20.0
53.0077807883911,18.6076215275837,Torun,2015,7,28,33.3,20.1
53.0077807883911,18.6076215275837,Torun,2015,7,29,33.29,20.6
53.0077807883911,18.6076215275837,Torun,2015,7,30,33.29,19.8
53.0077807883911,18.6076215275837,Torun,2015,7,31,33.29,18.9
53.0077807883911,18.6076215275837,Torun,2015,8,1,33.27,18.4
53.0077807883911,18.6076215275837,Torun,2015,8,2,33.26,20.0
53.0077807883911,18.6076215275837,Torun,2015,8,3,33.26,20.9
53.0077807883911,18.6076215275837,Torun,2015,8,4,33.27,21.8
53.0077807883911,18.6076215275837,Torun,2015,8,5,33.27,22.4
53.0077807883911,18.6076215275837,Torun,2015,8,6,33.25,23.1
53.0077807883911,18.6076215275837,Torun,2015,8,7,33.21,23.1
53.0077807883911,18.6076215275837,Torun,2015,8,8,33.17,23.9
53.0077807883911,18.6076215275837,Torun,2015,8,9,33.15,24.6
53.0077807883911,18.6076215275837,Torun,2015,8,10,33.16,23.9
53.0077807883911,18.6076215275837,Torun,2015,8,11,33.17,23.9
53.0077807883911,18.6076215275837,Torun,2015,8,12,33.18,24.6
53.0077807883911,18.6076215275837,Torun,2015,8,13,33.13,24.9
53.0077807883911,18.6076215275837,Torun,2015,8,14,33.14,23.9
53.0077807883911,18.6076215275837,Torun,2015,8,15,33.04,23.4
53.0077807883911,18.6076215275837,Torun,2015,8,16,33.04,23.8
53.0077807883911,18.6076215275837,Torun,2015,8,17,33.03,23.6
53.0077807883911,18.6076215275837,Torun,2015,8,18,33.0,22.3
53.0077807883911,18.6076215275837,Torun,2015,8,19,33.0,21.0
53.0077807883911,18.6076215275837,Torun,2015,8,20,33.0,20.7
53.0077807883911,18.6076215275837,Torun,2015,8,21,32.99,20.8
53.0077807883911,18.6076215275837,Torun,2015,8,22,32.99,21.0
53.0077807883911,18.6076215275837,Torun,2015,8,23,32.95,20.8
53.0077807883911,18.6076215275837,Torun,2015,8,24,32.93,20.6
53.0077807883911,18.6076215275837,Torun,2015,8,25,32.94,21.0
53.0077807883911,18.6076215275837,Torun,2015,8,26,32.99,19.6
53.0077807883911,18.6076215275837,Torun,2015,8,27,33.08,20.3
53.0077807883911,18.6076215275837,Torun,2015,8,28,33.03,20.8
53.0077807883911,18.6076215275837,Torun,2015,8,29,32.97,19.7
53.0077807883911,18.6076215275837,Torun,2015,8,30,32.92,20.0
53.0077807883911,18.6076215275837,Torun,2015,8,31,32.92,21.1
53.0077807883911,18.6076215275837,Torun,2015,9,1,32.91,20.0
53.0077807883911,18.6076215275837,Torun,2015,9,2,32.9,21.8
53.0077807883911,18.6076215275837,Torun,2015,9,3,32.9,21.0
53.0077807883911,18.6076215275837,Torun,2015,9,4,32.91,19.5
53.0077807883911,18.6076215275837,Torun,2015,9,5,32.9,18.7
53.0077807883911,18.6076215275837,Torun,2015,9,6,32.9,17.8
53.0077807883911,18.6076215275837,Torun,2015,9,7,32.91,16.5
53.0077807883911,18.6076215275837,Torun,2015,9,8,32.9,15.8
53.0077807883911,18.6076215275837,Torun,2015,9,9,32.92,16.1
53.0077807883911,18.6076215275837,Torun,2015,9,10,33.0,16.9
53.0077807883911,18.6076215275837,Torun,2015,9,11,33.03,16.6
53.0077807883911,18.6076215275837,Torun,2015,9,12,33.09,16.7
53.0077807883911,18.6076215275837,Torun,2015,9,13,33.08,16.0
53.0077807883911,18.6076215275837,Torun,2015,9,14,33.04,15.8
53.0077807883911,18.6076215275837,Torun,2015,9,15,33.01,15.7
53.0077807883911,18.6076215275837,Torun,2015,9,16,32.99,16.5
53.0077807883911,18.6076215275837,Torun,2015,9,17,32.95,16.9
53.0077807883911,18.6076215275837,Torun,2015,9,18,33.0,18.0
53.0077807883911,18.6076215275837,Torun,2015,9,19,33.04,17.4
53.0077807883911,18.6076215275837,Torun,2015,9,20,33.05,16.9
53.0077807883911,18.6076215275837,Torun,2015,9,21,32.96,15.8
53.0077807883911,18.6076215275837,Torun,2015,9,22,32.94,15.1
53.0077807883911,18.6076215275837,Torun,2015,9,23,32.96,15.3
53.0077807883911,18.6076215275837,Torun,2015,9,24,32.99,15.3
53.0077807883911,18.6076215275837,Torun,2015,9,25,33.0,15.9
53.0077807883911,18.6076215275837,Torun,2015,9,26,33.0,16.1
53.0077807883911,18.6076215275837,Torun,2015,9,27,33.01,15.1
53.0077807883911,18.6076215275837,Torun,2015,9,28,33.05,14.6
53.0077807883911,18.6076215275837,Torun,2015,9,29,33.17,14.5
53.0077807883911,18.6076215275837,Torun,2015,9,30,33.33,14.7
53.0077807883911,18.6076215275837,Torun,2015,10,1,33.33,14.6
53.0077807883911,18.6076215275837,Torun,2015,10,2,33.32,14.1
53.0077807883911,18.6076215275837,Torun,2015,10,3,33.33,14.0
53.0077807883911,18.6076215275837,Torun,2015,10,4,33.29,14.2
53.0077807883911,18.6076215275837,Torun,2015,10,5,33.33,14.6
53.0077807883911,18.6076215275837,Torun,2015,10,6,33.34,14.5
53.0077807883911,18.6076215275837,Torun,2015,10,7,33.33,13.1
53.0077807883911,18.6076215275837,Torun,2015,10,8,33.34,11.6
53.0077807883911,18.6076215275837,Torun,2015,10,9,33.32,11.0
53.0077807883911,18.6076215275837,Torun,2015,10,10,33.33,10.7
53.0077807883911,18.6076215275837,Torun,2015,10,11,33.29,10.0
53.0077807883911,18.6076215275837,Torun,2015,10,12,33.2,9.0
53.0077807883911,18.6076215275837,Torun,2015,10,13,33.19,8.3
53.0077807883911,18.6076215275837,Torun,2015,10,14,33.2,8.0
53.0077807883911,18.6076215275837,Torun,2015,10,15,33.22,6.9
53.0077807883911,18.6076215275837,Torun,2015,10,16,33.2,6.8
53.0077807883911,18.6076215275837,Torun,2015,10,17,33.22,7.5
53.0077807883911,18.6076215275837,Torun,2015,10,18,33.24,7.6
53.0077807883911,18.6076215275837,Torun,2015,10,19,33.25,8.3
53.0077807883911,18.6076215275837,Torun,2015,10,20,33.37,8.4
53.0077807883911,18.6076215275837,Torun,2015,10,21,33.53,8.4
53.0077807883911,18.6076215275837,Torun,2015,10,22,33.63,8.3
53.0077807883911,18.6076215275837,Torun,2015,10,23,33.5,8.4
53.0077807883911,18.6076215275837,Torun,2015,10,24,33.34,8.4
53.0077807883911,18.6076215275837,Torun,2015,10,25,33.46,8.1
53.0077807883911,18.6076215275837,Torun,2015,10,26,33.56,7.8
53.0077807883911,18.6076215275837,Torun,2015,10,27,33.57,7.6
53.0077807883911,18.6076215275837,Torun,2015,10,28,33.69,7.5
53.0077807883911,18.6076215275837,Torun,2015,10,29,33.79,7.5
53.0077807883911,18.6076215275837,Torun,2015,10,30,33.79,7.8
53.0077807883911,18.6076215275837,Torun,2015,10,31,33.65,7.7
53.0077807883911,18.6076215275837,Torun,2015,11,1,33.37,7.6
53.0077807883911,18.6076215275837,Torun,2015,11,2,33.38,7.3
53.0077807883911,18.6076215275837,Torun,2015,11,3,33.48,7.6
53.0077807883911,18.6076215275837,Torun,2015,11,4,33.43,7.4
53.0077807883911,18.6076215275837,Torun,2015,11,5,33.43,6.7
53.0077807883911,18.6076215275837,Torun,2015,11,6,33.5,6.4
53.0077807883911,18.6076215275837,Torun,2015,11,7,33.43,6.6
53.0077807883911,18.6076215275837,Torun,2015,11,8,33.44,7.3
53.0077807883911,18.6076215275837,Torun,2015,11,9,33.5,7.6
53.0077807883911,18.6076215275837,Torun,2015,11,10,33.45,7.7
53.0077807883911,18.6076215275837,Torun,2015,11,11,33.39,8.0
53.0077807883911,18.6076215275837,Torun,2015,11,12,33.48,8.5
53.0077807883911,18.6076215275837,Torun,2015,11,13,33.52,8.3
53.0077807883911,18.6076215275837,Torun,2015,11,14,33.48,8.1
53.0077807883911,18.6076215275837,Torun,2015,11,15,33.47,7.9
53.0077807883911,18.6076215275837,Torun,2015,11,16,33.5,7.8
53.0077807883911,18.6076215275837,Torun,2015,11,17,33.54,7.9
53.0077807883911,18.6076215275837,Torun,2015,11,18,33.62,8.3
53.0077807883911,18.6076215275837,Torun,2015,11,19,33.68,8.6
53.0077807883911,18.6076215275837,Torun,2015,11,20,33.68,8.3
53.0077807883911,18.6076215275837,Torun,2015,11,21,33.65,7.9
53.0077807883911,18.6076215275837,Torun,2015,11,22,33.63,7.5
53.0077807883911,18.6076215275837,Torun,2015,11,23,33.68,7.0
53.0077807883911,18.6076215275837,Torun,2015,11,24,33.8,6.5
53.0077807883911,18.6076215275837,Torun,2015,11,25,33.93,5.7
53.0077807883911,18.6076215275837,Torun,2015,11,26,34.14,5.3
53.0077807883911,18.6076215275837,Torun,2015,11,27,34.27,4.8
53.0077807883911,18.6076215275837,Torun,2015,11,28,34.56,4.7
53.0077807883911,18.6076215275837,Torun,2015,11,29,34.35,4.5
53.0077807883911,18.6076215275837,Torun,2015,11,30,34.2,4.4
53.0077807883911,18.6076215275837,Torun,2016,5,1,32.3047,11.4
53.0077807883911,18.6076215275837,Torun,2016,5,2,32.3051,12.0
53.0077807883911,18.6076215275837,Torun,2016,5,3,32.3057,12.5
53.0077807883911,18.6076215275837,Torun,2016,5,4,32.3063,13.3
53.0077807883911,18.6076215275837,Torun,2016,5,5,32.3065,13.6
53.0077807883911,18.6076215275837,Torun,2016,5,6,32.3064,14.1
53.0077807883911,18.6076215275837,Torun,2016,5,7,32.3064,15.0
53.0077807883911,18.6076215275837,Torun,2016,5,8,32.3062,15.5
53.0077807883911,18.6076215275837,Torun,2016,5,9,32.3056,16.4
53.0077807883911,18.6076215275837,Torun,2016,5,10,32.3041,16.1
53.0077807883911,18.6076215275837,Torun,2016,5,11,32.3024,17.6
53.0077807883911,18.6076215275837,Torun,2016,5,12,32.3027,18.0
53.0077807883911,18.6076215275837,Torun,2016,5,13,32.3034,18.6
53.0077807883911,18.6076215275837,Torun,2016,5,14,32.3028,18.9
53.0077807883911,18.6076215275837,Torun,2016,5,15,32.3024,17.3
53.0077807883911,18.6076215275837,Torun,2016,5,16,32.302,16.4
53.0077807883911,18.6076215275837,Torun,2016,5,17,32.3014,15.8
53.0077807883911,18.6076215275837,Torun,2016,5,18,32.3018,15.7
53.0077807883911,18.6076215275837,Torun,2016,5,19,32.3034,15.9
53.0077807883911,18.6076215275837,Torun,2016,5,20,32.3062,15.5
53.0077807883911,18.6076215275837,Torun,2016,5,21,32.3079,16.0
53.0077807883911,18.6076215275837,Torun,2016,5,22,32.3071,16.1
53.0077807883911,18.6076215275837,Torun,2016,5,23,32.3056,17.1
53.0077807883911,18.6076215275837,Torun,2016,5,24,32.3044,18.5
53.0077807883911,18.6076215275837,Torun,2016,5,25,32.3035,18.8
53.0077807883911,18.6076215275837,Torun,2016,5,26,32.3034,19.3
53.0077807883911,18.6076215275837,Torun,2016,5,27,32.3031,20.0
53.0077807883911,18.6076215275837,Torun,2016,5,28,32.3019,20.2
53.0077807883911,18.6076215275837,Torun,2016,5,29,32.3001,20.5
53.0077807883911,18.6076215275837,Torun,2016,5,30,32.2992,21.1
53.0077807883911,18.6076215275837,Torun,2016,5,31,32.2998,21.8
53.0077807883911,18.6076215275837,Torun,2016,6,1,32.2992,21.8
53.0077807883911,18.6076215275837,Torun,2016,6,2,32.299,21.9
53.0077807883911,18.6076215275837,Torun,2016,6,3,32.299,22.1
53.0077807883911,18.6076215275837,Torun,2016,6,4,32.2983,22.3
53.0077807883911,18.6076215275837,Torun,2016,6,5,32.2977,22.1
53.0077807883911,18.6076215275837,Torun,2016,6,6,32.2989,21.6
53.0077807883911,18.6076215275837,Torun,2016,6,7,32.3,21.1
53.0077807883911,18.6076215275837,Torun,2016,6,8,32.3004,21.7
53.0077807883911,18.6076215275837,Torun,2016,6,9,32.3005,21.8
53.0077807883911,18.6076215275837,Torun,2016,6,10,32.2997,21.3
53.0077807883911,18.6076215275837,Torun,2016,6,11,32.2979,20.1
53.0077807883911,18.6076215275837,Torun,2016,6,12,32.2969,20.0
53.0077807883911,18.6076215275837,Torun,2016,6,13,32.2961,20.2
53.0077807883911,18.6076215275837,Torun,2016,6,14,32.296,20.2
53.0077807883911,18.6076215275837,Torun,2016,6,15,32.2958,19.9
53.0077807883911,18.6076215275837,Torun,2016,6,16,32.2951,20.2
53.0077807883911,18.6076215275837,Torun,2016,6,17,32.2946,21.0
53.0077807883911,18.6076215275837,Torun,2016,6,18,32.2946,19.4
53.0077807883911,18.6076215275837,Torun,2016,6,19,32.295,20.0
53.0077807883911,18.6076215275837,Torun,2016,6,20,32.295,20.3
53.0077807883911,18.6076215275837,Torun,2016,6,21,32.2949,18.9
53.0077807883911,18.6076215275837,Torun,2016,6,22,32.2952,19.8
53.0077807883911,18.6076215275837,Torun,2016,6,23,32.2961,21.3
53.0077807883911,18.6076215275837,Torun,2016,6,24,32.2956,22.9
53.0077807883911,18.6076215275837,Torun,2016,6,25,32.2946,24.6
53.0077807883911,18.6076215275837,Torun,2016,6,26,32.2945,24.4
53.0077807883911,18.6076215275837,Torun,2016,6,27,32.2944,24.4
53.0077807883911,18.6076215275837,Torun,2016,6,28,32.2944,23.3
53.0077807883911,18.6076215275837,Torun,2016,6,29,32.2944,22.7
53.0077807883911,18.6076215275837,Torun,2016,6,30,32.2943,23.0
53.0077807883911,18.6076215275837,Torun,2016,7,1,32.2944,23.6
53.0077807883911,18.6076215275837,Torun,2016,7,2,32.2944,24.5
53.0077807883911,18.6076215275837,Torun,2016,7,3,32.2944,23.8
53.0077807883911,18.6076215275837,Torun,2016,7,4,32.2939,23.6
53.0077807883911,18.6076215275837,Torun,2016,7,5,32.2938,22.2
53.0077807883911,18.6076215275837,Torun,2016,7,6,32.2936,22.2
53.0077807883911,18.6076215275837,Torun,2016,7,7,32.2935,19.4
53.0077807883911,18.6076215275837,Torun,2016,7,8,32.2935,19.6
53.0077807883911,18.6076215275837,Torun,2016,7,9,32.2935,20.7
53.0077807883911,18.6076215275837,Torun,2016,7,10,32.2935,20.1
53.0077807883911,18.6076215275837,Torun,2016,7,11,32.2936,22.2
53.0077807883911,18.6076215275837,Torun,2016,7,12,32.2936,22.3
53.0077807883911,18.6076215275837,Torun,2016,7,13,32.2928,21.2
53.0077807883911,18.6076215275837,Torun,2016,7,14,32.2946,21.0
53.0077807883911,18.6076215275837,Torun,2016,7,15,32.2972,19.5
53.0077807883911,18.6076215275837,Torun,2016,7,16,32.2962,19.8
53.0077807883911,18.6076215275837,Torun,2016,7,17,32.2958,20.1
53.0077807883911,18.6076215275837,Torun,2016,7,18,32.2946,22.3
53.0077807883911,18.6076215275837,Torun,2016,7,19,32.2945,19.8
53.0077807883911,18.6076215275837,Torun,2016,7,20,32.2942,20.2
53.0077807883911,18.6076215275837,Torun,2016,7,21,32.2962,20.7
53.0077807883911,18.6076215275837,Torun,2016,7,22,32.2982,20.8
53.0077807883911,18.6076215275837,Torun,2016,7,23,32.3008,21.2
53.0077807883911,18.6076215275837,Torun,2016,7,24,32.3038,21.2
53.0077807883911,18.6076215275837,Torun,2016,7,25,32.3041,22.1
53.0077807883911,18.6076215275837,Torun,2016,7,26,32.303,22.4
53.0077807883911,18.6076215275837,Torun,2016,7,27,32.298,23.2
53.0077807883911,18.6076215275837,Torun,2016,7,28,32.2961,23.3
53.0077807883911,18.6076215275837,Torun,2016,7,29,32.2966,23.5
53.0077807883911,18.6076215275837,Torun,2016,7,30,32.2975,23.1
53.0077807883911,18.6076215275837,Torun,2016,7,31,32.2966,23.4
53.0077807883911,18.6076215275837,Torun,2016,8,1,32.2968,23.8
53.0077807883911,18.6076215275837,Torun,2016,8,2,32.2977,23.0
53.0077807883911,18.6076215275837,Torun,2016,8,3,32.2987,22.6
53.0077807883911,18.6076215275837,Torun,2016,8,4,32.3011,23.1
53.0077807883911,18.6076215275837,Torun,2016,8,5,32.3029,23.5
53.0077807883911,18.6076215275837,Torun,2016,8,6,32.3012,23.0
53.0077807883911,18.6076215275837,Torun,2016,8,7,32.3,21.8
53.0077807883911,18.6076215275837,Torun,2016,8,8,32.3013,22.2
53.0077807883911,18.6076215275837,Torun,2016,8,9,32.3001,22.8
53.0077807883911,18.6076215275837,Torun,2016,8,10,32.2985,21.5
53.0077807883911,18.6076215275837,Torun,2016,8,11,32.2976,20.6
53.0077807883911,18.6076215275837,Torun,2016,8,12,32.2973,20.3
53.0077807883911,18.6076215275837,Torun,2016,8,13,32.2971,20.7
53.0077807883911,18.6076215275837,Torun,2016,8,14,32.2969,21.0
53.0077807883911,18.6076215275837,Torun,2016,8,15,32.2966,20.5
53.0077807883911,18.6076215275837,Torun,2016,8,16,32.2965,20.6
53.0077807883911,18.6076215275837,Torun,2016,8,17,32.2963,19.6
53.0077807883911,18.6076215275837,Torun,2016,8,18,32.2989,19.3
53.0077807883911,18.6076215275837,Torun,2016,8,19,32.3002,19.2
53.0077807883911,18.6076215275837,Torun,2016,8,20,32.2987,19.9
53.0077807883911,18.6076215275837,Torun,2016,8,21,32.2965,20.5
53.0077807883911,18.6076215275837,Torun,2016,8,22,32.296,20.1
53.0077807883911,18.6076215275837,Torun,2016,8,23,32.297,19.8
53.0077807883911,18.6076215275837,Torun,2016,8,24,32.2968,19.9
53.0077807883911,18.6076215275837,Torun,2016,8,25,32.2964,20.9
53.0077807883911,18.6076215275837,Torun,2016,8,26,32.2959,21.4
53.0077807883911,18.6076215275837,Torun,2016,8,27,32.2952,21.7
53.0077807883911,18.6076215275837,Torun,2016,8,28,32.2951,22.2
53.0077807883911,18.6076215275837,Torun,2016,8,29,32.2956,22.2
53.0077807883911,18.6076215275837,Torun,2016,8,30,32.296,20.1
53.0077807883911,18.6076215275837,Torun,2016,8,31,32.296,20.0
53.0077807883911,18.6076215275837,Torun,2016,9,1,32.2957,21.1
53.0077807883911,18.6076215275837,Torun,2016,9,2,32.2953,21.2
53.0077807883911,18.6076215275837,Torun,2016,9,3,32.2947,20.8
53.0077807883911,18.6076215275837,Torun,2016,9,4,32.2939,20.8
53.0077807883911,18.6076215275837,Torun,2016,9,5,32.2938,20.6
53.0077807883911,18.6076215275837,Torun,2016,9,6,32.2939,19.9
53.0077807883911,18.6076215275837,Torun,2016,9,7,32.2938,20.1
53.0077807883911,18.6076215275837,Torun,2016,9,8,32.2938,20.6
53.0077807883911,18.6076215275837,Torun,2016,9,9,32.2937,21.1
53.0077807883911,18.6076215275837,Torun,2016,9,10,32.2934,21.4
53.0077807883911,18.6076215275837,Torun,2016,9,11,32.2935,21.7
53.0077807883911,18.6076215275837,Torun,2016,9,12,32.2942,21.6
53.0077807883911,18.6076215275837,Torun,2016,9,13,32.295,21.4
53.0077807883911,18.6076215275837,Torun,2016,9,14,32.2971,21.4
53.0077807883911,18.6076215275837,Torun,2016,9,15,32.2966,20.1
53.0077807883911,18.6076215275837,Torun,2016,9,16,32.2953,20.4
53.0077807883911,18.6076215275837,Torun,2016,9,17,32.2938,20.2
53.0077807883911,18.6076215275837,Torun,2016,9,18,32.2932,20.1
53.0077807883911,18.6076215275837,Torun,2016,9,19,32.2931,18.5
53.0077807883911,18.6076215275837,Torun,2016,9,20,32.2926,18.0
53.0077807883911,18.6076215275837,Torun,2016,9,21,32.2918,17.5
53.0077807883911,18.6076215275837,Torun,2016,9,22,32.2917,17.0
53.0077807883911,18.6076215275837,Torun,2016,9,23,32.2919,16.4
53.0077807883911,18.6076215275837,Torun,2016,9,24,32.292,16.3
53.0077807883911,18.6076215275837,Torun,2016,9,25,32.2923,15.2
53.0077807883911,18.6076215275837,Torun,2016,9,26,32.2928,15.9
53.0077807883911,18.6076215275837,Torun,2016,9,27,32.2929,15.7
53.0077807883911,18.6076215275837,Torun,2016,9,28,32.293,15.3
53.0077807883911,18.6076215275837,Torun,2016,9,29,32.2922,15.0
53.0077807883911,18.6076215275837,Torun,2016,9,30,32.2921,15.5
53.0077807883911,18.6076215275837,Torun,2016,10,1,32.2921,15.0
53.0077807883911,18.6076215275837,Torun,2016,10,2,32.2923,15.3
53.0077807883911,18.6076215275837,Torun,2016,10,3,32.2926,15.3
53.0077807883911,18.6076215275837,Torun,2016,10,4,32.2928,14.8
53.0077807883911,18.6076215275837,Torun,2016,10,5,32.2931,13.0
53.0077807883911,18.6076215275837,Torun,2016,10,6,32.2935,11.8
53.0077807883911,18.6076215275837,Torun,2016,10,7,32.2934,11.9
53.0077807883911,18.6076215275837,Torun,2016,10,8,32.2951,11.8
53.0077807883911,18.6076215275837,Torun,2016,10,9,32.302,11.8
53.0077807883911,18.6076215275837,Torun,2016,10,10,32.3055,11.7
53.0077807883911,18.6076215275837,Torun,2016,10,11,32.311,11.6
53.0077807883911,18.6076215275837,Torun,2016,10,12,32.3102,10.5
53.0077807883911,18.6076215275837,Torun,2016,10,13,32.3118,10.0
53.0077807883911,18.6076215275837,Torun,2016,10,14,32.3069,9.7
53.0077807883911,18.6076215275837,Torun,2016,10,15,32.306,9.4
53.0077807883911,18.6076215275837,Torun,2016,10,16,32.3058,8.7
53.0077807883911,18.6076215275837,Torun,2016,10,17,32.3048,8.0
53.0077807883911,18.6076215275837,Torun,2016,10,18,32.3037,8.0
53.0077807883911,18.6076215275837,Torun,2016,10,19,32.304,8.1
53.0077807883911,18.6076215275837,Torun,2016,10,20,32.3049,8.0
53.0077807883911,18.6076215275837,Torun,2016,10,21,32.304,8.0
53.0077807883911,18.6076215275837,Torun,2016,10,22,32.3022,7.8
53.0077807883911,18.6076215275837,Torun,2016,10,23,32.303,7.7
53.0077807883911,18.6076215275837,Torun,2016,10,24,32.3039,7.6
53.0077807883911,18.6076215275837,Torun,2016,10,25,32.3036,7.8
53.0077807883911,18.6076215275837,Torun,2016,10,26,32.3048,7.7
53.0077807883911,18.6076215275837,Torun,2016,10,27,32.3078,8.0
53.0077807883911,18.6076215275837,Torun,2016,10,28,32.3091,7.8
53.0077807883911,18.6076215275837,Torun,2016,10,29,32.3083,7.9
53.0077807883911,18.6076215275837,Torun,2016,10,30,32.3071,7.7
53.0077807883911,18.6076215275837,Torun,2016,10,31,32.3081,7.6
53.0077807883911,18.6076215275837,Torun,2016,11,1,32.308,7.7
53.0077807883911,18.6076215275837,Torun,2016,11,2,32.3067,7.5
53.0077807883911,18.6076215275837,Torun,2016,11,3,32.304,6.9
53.0077807883911,18.6076215275837,Torun,2016,11,4,32.3052,6.0
53.0077807883911,18.6076215275837,Torun,2016,11,5,32.3075,6.2
53.0077807883911,18.6076215275837,Torun,2016,11,6,32.3048,6.2
53.0077807883911,18.6076215275837,Torun,2016,11,7,32.3036,6.3
53.0077807883911,18.6076215275837,Torun,2016,11,8,32.3052,5.8
53.0077807883911,18.6076215275837,Torun,2016,11,9,32.3053,5.5
53.0077807883911,18.6076215275837,Torun,2016,11,10,32.3054,5.3
53.0077807883911,18.6076215275837,Torun,2016,11,11,32.3053,5.0
53.0077807883911,18.6076215275837,Torun,2016,11,12,32.3066,4.7
53.0077807883911,18.6076215275837,Torun,2016,11,13,32.3102,4.5
53.0077807883911,18.6076215275837,Torun,2016,11,14,32.3124,4.0
53.0077807883911,18.6076215275837,Torun,2016,11,15,32.3111,3.9
53.0077807883911,18.6076215275837,Torun,2016,11,16,32.3097,3.8
53.0077807883911,18.6076215275837,Torun,2016,11,17,32.309,3.9
53.0077807883911,18.6076215275837,Torun,2016,11,18,32.3077,4.3
53.0077807883911,18.6076215275837,Torun,2016,11,19,32.3065,4.4
53.0077807883911,18.6076215275837,Torun,2016,11,20,32.3065,4.5
53.0077807883911,18.6076215275837,Torun,2016,11,21,32.307,4.6
53.0077807883911,18.6076215275837,Torun,2016,11,22,32.3072,4.8
53.0077807883911,18.6076215275837,Torun,2016,11,23,32.3071,4.7
53.0077807883911,18.6076215275837,Torun,2016,11,24,32.3079,4.6
53.0077807883911,18.6076215275837,Torun,2016,11,25,32.3087,4.5
53.0077807883911,18.6076215275837,Torun,2016,11,26,32.3103,4.2
53.0077807883911,18.6076215275837,Torun,2016,11,27,32.3121,4.2
53.0077807883911,18.6076215275837,Torun,2016,11,28,32.3116,3.9
53.0077807883911,18.6076215275837,Torun,2016,11,29,32.308,4.4
53.0077807883911,18.6076215275837,Torun,2016,11,30,32.3032,3.6
53.0077807883911,18.6076215275837,Torun,2017,5,1,32.3131,9.4
53.0077807883911,18.6076215275837,Torun,2017,5,2,32.3157,9.9
53.0077807883911,18.6076215275837,Torun,2017,5,3,32.3194,10.2
53.0077807883911,18.6076215275837,Torun,2017,5,4,32.3228,10.5
53.0077807883911,18.6076215275837,Torun,2017,5,5,32.3257,11.0
53.0077807883911,18.6076215275837,Torun,2017,5,6,32.3256,11.5
53.0077807883911,18.6076215275837,Torun,2017,5,7,32.3231,12.2
53.0077807883911,18.6076215275837,Torun,2017,5,8,32.3221,12.2
53.0077807883911,18.6076215275837,Torun,2017,5,9,32.3238,11.9
53.0077807883911,18.6076215275837,Torun,2017,5,10,32.3254,11.8
53.0077807883911,18.6076215275837,Torun,2017,5,11,32.3253,11.9
53.0077807883911,18.6076215275837,Torun,2017,5,12,32.325,12.0
53.0077807883911,18.6076215275837,Torun,2017,5,13,32.3235,12.3
53.0077807883911,18.6076215275837,Torun,2017,5,14,32.3209,13.5
53.0077807883911,18.6076215275837,Torun,2017,5,15,32.3186,14.6
53.0077807883911,18.6076215275837,Torun,2017,5,16,32.3172,15.3
53.0077807883911,18.6076215275837,Torun,2017,5,17,32.316,15.9
53.0077807883911,18.6076215275837,Torun,2017,5,18,32.3148,16.6
53.0077807883911,18.6076215275837,Torun,2017,5,19,32.3141,17.5
53.0077807883911,18.6076215275837,Torun,2017,5,20,32.3126,18.5
53.0077807883911,18.6076215275837,Torun,2017,5,21,32.3117,19.6
53.0077807883911,18.6076215275837,Torun,2017,5,22,32.3107,18.7
53.0077807883911,18.6076215275837,Torun,2017,5,23,32.3103,19.2
53.0077807883911,18.6076215275837,Torun,2017,5,24,32.3091,19.4
53.0077807883911,18.6076215275837,Torun,2017,5,25,32.3078,18.4
53.0077807883911,18.6076215275837,Torun,2017,5,26,32.3075,19.1
53.0077807883911,18.6076215275837,Torun,2017,5,27,32.306,19.1
53.0077807883911,18.6076215275837,Torun,2017,5,28,32.3053,19.7
53.0077807883911,18.6076215275837,Torun,2017,5,29,32.3054,20.4
53.0077807883911,18.6076215275837,Torun,2017,5,30,32.3061,21.2
53.0077807883911,18.6076215275837,Torun,2017,5,31,32.3061,21.4
53.0077807883911,18.6076215275837,Torun,2017,6,1,32.3044,20.1
53.0077807883911,18.6076215275837,Torun,2017,6,2,32.3038,19.8
53.0077807883911,18.6076215275837,Torun,2017,6,3,32.3018,19.8
53.0077807883911,18.6076215275837,Torun,2017,6,4,32.2992,19.8
53.0077807883911,18.6076215275837,Torun,2017,6,5,32.301,19.3
53.0077807883911,18.6076215275837,Torun,2017,6,6,32.3029,19.4
53.0077807883911,18.6076215275837,Torun,2017,6,7,32.3023,19.0
53.0077807883911,18.6076215275837,Torun,2017,6,8,32.3021,19.0
53.0077807883911,18.6076215275837,Torun,2017,6,9,32.3025,19.6
53.0077807883911,18.6076215275837,Torun,2017,6,10,32.3011,20.5
53.0077807883911,18.6076215275837,Torun,2017,6,11,32.2998,19.6
53.0077807883911,18.6076215275837,Torun,2017,6,12,32.3002,19.9
53.0077807883911,18.6076215275837,Torun,2017,6,13,32.3003,19.6
53.0077807883911,18.6076215275837,Torun,2017,6,14,32.2997,18.7
53.0077807883911,18.6076215275837,Torun,2017,6,15,32.2985,19.2
53.0077807883911,18.6076215275837,Torun,2017,6,16,32.2986,20.3
53.0077807883911,18.6076215275837,Torun,2017,6,17,32.2987,20.4
53.0077807883911,18.6076215275837,Torun,2017,6,18,32.2985,19.5
53.0077807883911,18.6076215275837,Torun,2017,6,19,32.2978,20.3
53.0077807883911,18.6076215275837,Torun,2017,6,20,32.2967,21.4
53.0077807883911,18.6076215275837,Torun,2017,6,21,32.2969,22.0
53.0077807883911,18.6076215275837,Torun,2017,6,22,32.2974,20.7
53.0077807883911,18.6076215275837,Torun,2017,6,23,32.2975,20.8
53.0077807883911,18.6076215275837,Torun,2017,6,24,32.2971,20.6
53.0077807883911,18.6076215275837,Torun,2017,6,25,32.2968,20.6
53.0077807883911,18.6076215275837,Torun,2017,6,26,32.2979,20.8
53.0077807883911,18.6076215275837,Torun,2017,6,27,32.2975,20.3
53.0077807883911,18.6076215275837,Torun,2017,6,28,32.2975,21.3
53.0077807883911,18.6076215275837,Torun,2017,6,29,32.2979,21.6
53.0077807883911,18.6076215275837,Torun,2017,6,30,32.2996,20.9
53.0077807883911,18.6076215275837,Torun,2017,7,1,32.2983,19.6
53.0077807883911,18.6076215275837,Torun,2017,7,2,32.2978,20.2
53.0077807883911,18.6076215275837,Torun,2017,7,3,32.2971,20.0
53.0077807883911,18.6076215275837,Torun,2017,7,4,32.2984,19.7
53.0077807883911,18.6076215275837,Torun,2017,7,5,32.2999,19.4
53.0077807883911,18.6076215275837,Torun,2017,7,6,32.2993,19.1
53.0077807883911,18.6076215275837,Torun,2017,7,7,32.2976,18.8
53.0077807883911,18.6076215275837,Torun,2017,7,8,32.297,19.8
53.0077807883911,18.6076215275837,Torun,2017,7,9,32.2977,20.1
53.0077807883911,18.6076215275837,Torun,2017,7,10,32.2979,21.1
53.0077807883911,18.6076215275837,Torun,2017,7,11,32.2978,21.2
53.0077807883911,18.6076215275837,Torun,2017,7,12,32.2979,20.9
53.0077807883911,18.6076215275837,Torun,2017,7,13,32.298,20.0
53.0077807883911,18.6076215275837,Torun,2017,7,14,32.2978,19.8
53.0077807883911,18.6076215275837,Torun,2017,7,15,32.2978,20.3
53.0077807883911,18.6076215275837,Torun,2017,7,16,32.2978,20.6
53.0077807883911,18.6076215275837,Torun,2017,7,17,32.2975,21.1
53.0077807883911,18.6076215275837,Torun,2017,7,18,32.2972,21.7
53.0077807883911,18.6076215275837,Torun,2017,7,19,32.2977,21.0
53.0077807883911,18.6076215275837,Torun,2017,7,20,32.2978,22.1
53.0077807883911,18.6076215275837,Torun,2017,7,21,32.297,19.9
53.0077807883911,18.6076215275837,Torun,2017,7,22,32.2964,21.8
53.0077807883911,18.6076215275837,Torun,2017,7,23,32.2972,22.6
53.0077807883911,18.6076215275837,Torun,2017,7,24,32.2976,22.2
53.0077807883911,18.6076215275837,Torun,2017,7,25,32.2967,22.3
53.0077807883911,18.6076215275837,Torun,2017,7,26,32.2955,22.4
53.0077807883911,18.6076215275837,Torun,2017,7,27,32.2961,21.1
53.0077807883911,18.6076215275837,Torun,2017,7,28,32.2965,21.2
53.0077807883911,18.6076215275837,Torun,2017,7,29,32.2976,21.2
53.0077807883911,18.6076215275837,Torun,2017,7,30,32.2978,21.8
53.0077807883911,18.6076215275837,Torun,2017,7,31,32.2967,22.9
53.0077807883911,18.6076215275837,Torun,2017,8,1,32.2959,23.6
53.0077807883911,18.6076215275837,Torun,2017,8,2,32.297,23.8
53.0077807883911,18.6076215275837,Torun,2017,8,3,32.2971,23.9
53.0077807883911,18.6076215275837,Torun,2017,8,4,32.2965,23.6
53.0077807883911,18.6076215275837,Torun,2017,8,5,32.2952,23.2
53.0077807883911,18.6076215275837,Torun,2017,8,6,32.2941,23.0
53.0077807883911,18.6076215275837,Torun,2017,8,7,32.294,22.4
53.0077807883911,18.6076215275837,Torun,2017,8,8,32.2941,22.9
53.0077807883911,18.6076215275837,Torun,2017,8,9,32.295,22.7
53.0077807883911,18.6076215275837,Torun,2017,8,10,32.2945,23.0
53.0077807883911,18.6076215275837,Torun,2017,8,11,32.2938,23.2
53.0077807883911,18.6076215275837,Torun,2017,8,12,32.2947,23.7
53.0077807883911,18.6076215275837,Torun,2017,8,13,32.2944,21.9
53.0077807883911,18.6076215275837,Torun,2017,8,14,32.2944,21.8
53.0077807883911,18.6076215275837,Torun,2017,8,15,32.2943,22.0
53.0077807883911,18.6076215275837,Torun,2017,8,16,32.2939,21.8
53.0077807883911,18.6076215275837,Torun,2017,8,17,32.2936,21.8
53.0077807883911,18.6076215275837,Torun,2017,8,18,32.2934,22.0
53.0077807883911,18.6076215275837,Torun,2017,8,19,32.2935,22.5
53.0077807883911,18.6076215275837,Torun,2017,8,20,32.2936,22.2
53.0077807883911,18.6076215275837,Torun,2017,8,21,32.2939,21.3
53.0077807883911,18.6076215275837,Torun,2017,8,22,32.2939,21.1
53.0077807883911,18.6076215275837,Torun,2017,8,23,32.2939,19.7
53.0077807883911,18.6076215275837,Torun,2017,8,24,32.2938,19.4
53.0077807883911,18.6076215275837,Torun,2017,8,25,32.294,20.1
53.0077807883911,18.6076215275837,Torun,2017,8,26,32.2961,19.9
53.0077807883911,18.6076215275837,Torun,2017,8,27,32.3023,20.2
53.0077807883911,18.6076215275837,Torun,2017,8,28,32.3004,19.6
53.0077807883911,18.6076215275837,Torun,2017,8,29,32.2951,18.8
53.0077807883911,18.6076215275837,Torun,2017,8,30,32.2943,19.4
53.0077807883911,18.6076215275837,Torun,2017,8,31,32.2945,19.9
53.0077807883911,18.6076215275837,Torun,2017,9,1,32.2936,20.6
53.0077807883911,18.6076215275837,Torun,2017,9,2,32.2948,18.1
53.0077807883911,18.6076215275837,Torun,2017,9,3,32.2947,17.1
53.0077807883911,18.6076215275837,Torun,2017,9,4,32.2956,17.2
53.0077807883911,18.6076215275837,Torun,2017,9,5,32.2951,17.3
53.0077807883911,18.6076215275837,Torun,2017,9,6,32.2939,17.4
53.0077807883911,18.6076215275837,Torun,2017,9,7,32.2952,17.5
53.0077807883911,18.6076215275837,Torun,2017,9,8,32.2965,16.6
53.0077807883911,18.6076215275837,Torun,2017,9,9,32.2964,16.7
53.0077807883911,18.6076215275837,Torun,2017,9,10,32.2968,17.0
53.0077807883911,18.6076215275837,Torun,2017,9,11,32.2975,16.7
53.0077807883911,18.6076215275837,Torun,2017,9,12,32.2989,16.7
53.0077807883911,18.6076215275837,Torun,2017,9,13,32.3002,16.2
53.0077807883911,18.6076215275837,Torun,2017,9,14,32.301,16.1
53.0077807883911,18.6076215275837,Torun,2017,9,15,32.3001,15.6
53.0077807883911,18.6076215275837,Torun,2017,9,16,32.2979,15.5
53.0077807883911,18.6076215275837,Torun,2017,9,17,32.2978,15.8
53.0077807883911,18.6076215275837,Torun,2017,9,18,32.2998,15.5
53.0077807883911,18.6076215275837,Torun,2017,9,19,32.3016,14.9
53.0077807883911,18.6076215275837,Torun,2017,9,20,32.3043,15.2
53.0077807883911,18.6076215275837,Torun,2017,9,21,32.3067,14.7
53.0077807883911,18.6076215275837,Torun,2017,9,22,32.3074,14.7
53.0077807883911,18.6076215275837,Torun,2017,9,23,32.3064,14.8
53.0077807883911,18.6076215275837,Torun,2017,9,24,32.3088,14.6
53.0077807883911,18.6076215275837,Torun,2017,9,25,32.3126,14.5
53.0077807883911,18.6076215275837,Torun,2017,9,26,32.315,14.3
53.0077807883911,18.6076215275837,Torun,2017,9,27,32.3178,14.5
53.0077807883911,18.6076215275837,Torun,2017,9,28,32.3214,14.0
53.0077807883911,18.6076215275837,Torun,2017,9,29,32.3241,14.4
53.0077807883911,18.6076215275837,Torun,2017,9,30,32.3239,14.1
53.0077807883911,18.6076215275837,Torun,2017,10,1,32.3193,13.8
53.0077807883911,18.6076215275837,Torun,2017,10,2,32.315,13.4
53.0077807883911,18.6076215275837,Torun,2017,10,3,32.3119,13.3
53.0077807883911,18.6076215275837,Torun,2017,10,4,32.3119,12.9
53.0077807883911,18.6076215275837,Torun,2017,10,5,32.3107,12.5
53.0077807883911,18.6076215275837,Torun,2017,10,6,32.3089,12.3
53.0077807883911,18.6076215275837,Torun,2017,10,7,32.3082,12.0
53.0077807883911,18.6076215275837,Torun,2017,10,8,32.3108,11.6
53.0077807883911,18.6076215275837,Torun,2017,10,9,32.3109,11.1
53.0077807883911,18.6076215275837,Torun,2017,10,10,32.3102,11.0
53.0077807883911,18.6076215275837,Torun,2017,10,11,32.3097,10.9
53.0077807883911,18.6076215275837,Torun,2017,10,12,32.3106,10.9
53.0077807883911,18.6076215275837,Torun,2017,10,13,32.3115,10.6
53.0077807883911,18.6076215275837,Torun,2017,10,14,32.3113,10.6
53.0077807883911,18.6076215275837,Torun,2017,10,15,32.3104,11.1
53.0077807883911,18.6076215275837,Torun,2017,10,16,32.3115,11.4
53.0077807883911,18.6076215275837,Torun,2017,10,17,32.312,11.6
53.0077807883911,18.6076215275837,Torun,2017,10,18,32.312,11.7
53.0077807883911,18.6076215275837,Torun,2017,10,19,32.31,12.1
53.0077807883911,18.6076215275837,Torun,2017,10,20,32.3084,12.2
53.0077807883911,18.6076215275837,Torun,2017,10,21,32.3073,12.4
53.0077807883911,18.6076215275837,Torun,2017,10,22,32.3063,12.1
53.0077807883911,18.6076215275837,Torun,2017,10,23,32.307,12.1
53.0077807883911,18.6076215275837,Torun,2017,10,24,32.3068,11.7
53.0077807883911,18.6076215275837,Torun,2017,10,25,32.306,11.4
53.0077807883911,18.6076215275837,Torun,2017,10,26,32.3065,11.3
53.0077807883911,18.6076215275837,Torun,2017,10,27,32.3062,11.2
53.0077807883911,18.6076215275837,Torun,2017,10,28,32.3072,10.9
53.0077807883911,18.6076215275837,Torun,2017,10,29,32.3104,10.6
53.0077807883911,18.6076215275837,Torun,2017,10,30,32.3124,10.1
53.0077807883911,18.6076215275837,Torun,2017,10,31,32.3129,9.8
53.0077807883911,18.6076215275837,Torun,2017,11,1,32.3143,8.6
53.0077807883911,18.6076215275837,Torun,2017,11,2,32.3173,8.1
53.0077807883911,18.6076215275837,Torun,2017,11,3,32.3176,7.9
53.0077807883911,18.6076215275837,Torun,2017,11,4,32.3199,7.6
53.0077807883911,18.6076215275837,Torun,2017,11,5,32.3235,7.3
53.0077807883911,18.6076215275837,Torun,2017,11,6,32.3223,7.0
53.0077807883911,18.6076215275837,Torun,2017,11,7,32.3213,7.3
53.0077807883911,18.6076215275837,Torun,2017,11,8,32.3233,7.5
53.0077807883911,18.6076215275837,Torun,2017,11,9,32.325,7.4
53.0077807883911,18.6076215275837,Torun,2017,11,10,32.3213,7.4
53.0077807883911,18.6076215275837,Torun,2017,11,11,32.317,7.3
53.0077807883911,18.6076215275837,Torun,2017,11,12,32.3166,6.6
53.0077807883911,18.6076215275837,Torun,2017,11,13,32.3163,6.4
53.0077807883911,18.6076215275837,Torun,2017,11,14,32.3149,6.1
53.0077807883911,18.6076215275837,Torun,2017,11,15,32.3152,6.1
53.0077807883911,18.6076215275837,Torun,2017,11,16,32.3137,5.9
53.0077807883911,18.6076215275837,Torun,2017,11,17,32.3153,5.9
53.0077807883911,18.6076215275837,Torun,2017,11,18,32.3148,5.5
53.0077807883911,18.6076215275837,Torun,2017,11,19,32.3143,5.2
53.0077807883911,18.6076215275837,Torun,2017,11,20,32.3146,5.1
53.0077807883911,18.6076215275837,Torun,2017,11,21,32.3144,4.8
53.0077807883911,18.6076215275837,Torun,2017,11,22,32.3134,4.6
53.0077807883911,18.6076215275837,Torun,2017,11,23,32.3143,4.6
53.0077807883911,18.6076215275837,Torun,2017,11,24,32.3139,4.7
53.0077807883911,18.6076215275837,Torun,2017,11,25,32.3144,4.7
53.0077807883911,18.6076215275837,Torun,2017,11,26,32.3148,4.6
53.0077807883911,18.6076215275837,Torun,2017,11,27,32.3143,4.5
53.0077807883911,18.6076215275837,Torun,2017,11,28,32.314,4.3
53.0077807883911,18.6076215275837,Torun,2017,11,29,32.314,4.2
53.0077807883911,18.6076215275837,Torun,2017,11,30,32.3126,4.0
53.0077807883911,18.6076215275837,Torun,2018,5,1,32.3068,17.0
53.0077807883911,18.6076215275837,Torun,2018,5,2,32.3063,16.7
53.0077807883911,18.6076215275837,Torun,2018,5,3,32.3049,17.2
53.0077807883911,18.6076215275837,Torun,2018,5,4,32.3041,17.7
53.0077807883911,18.6076215275837,Torun,2018,5,5,32.3053,17.2
53.0077807883911,18.6076215275837,Torun,2018,5,6,32.3045,17.4
53.0077807883911,18.6076215275837,Torun,2018,5,7,32.3032,18.0
53.0077807883911,18.6076215275837,Torun,2018,5,8,32.3022,18.3
53.0077807883911,18.6076215275837,Torun,2018,5,9,32.302,19.0
53.0077807883911,18.6076215275837,Torun,2018,5,10,32.302,19.4
53.0077807883911,18.6076215275837,Torun,2018,5,11,32.302,20.1
53.0077807883911,18.6076215275837,Torun,2018,5,12,32.3011,20.3
53.0077807883911,18.6076215275837,Torun,2018,5,13,32.2994,20.5
53.0077807883911,18.6076215275837,Torun,2018,5,14,32.2994,20.4
53.0077807883911,18.6076215275837,Torun,2018,5,15,32.2994,20.2
53.0077807883911,18.6076215275837,Torun,2018,5,16,32.3004,20.0
53.0077807883911,18.6076215275837,Torun,2018,5,17,32.3,19.9
53.0077807883911,18.6076215275837,Torun,2018,5,18,32.2997,19.2
53.0077807883911,18.6076215275837,Torun,2018,5,19,32.2994,18.7
53.0077807883911,18.6076215275837,Torun,2018,5,20,32.2995,17.0
53.0077807883911,18.6076215275837,Torun,2018,5,21,32.3003,18.9
53.0077807883911,18.6076215275837,Torun,2018,5,22,32.3007,19.2
53.0077807883911,18.6076215275837,Torun,2018,5,23,32.3011,19.3
53.0077807883911,18.6076215275837,Torun,2018,5,24,32.3001,19.4
53.0077807883911,18.6076215275837,Torun,2018,5,25,32.2994,19.5
53.0077807883911,18.6076215275837,Torun,2018,5,26,32.3057,20.0
53.0077807883911,18.6076215275837,Torun,2018,5,27,32.3008,20.4
53.0077807883911,18.6076215275837,Torun,2018,5,28,32.297,21.4
53.0077807883911,18.6076215275837,Torun,2018,5,29,32.2969,22.3
53.0077807883911,18.6076215275837,Torun,2018,5,30,32.2991,22.2
53.0077807883911,18.6076215275837,Torun,2018,5,31,32.2987,22.6
53.0077807883911,18.6076215275837,Torun,2018,6,1,32.2982,23.3
53.0077807883911,18.6076215275837,Torun,2018,6,2,32.2984,22.4
53.0077807883911,18.6076215275837,Torun,2018,6,3,32.2978,24.5
53.0077807883911,18.6076215275837,Torun,2018,6,4,32.2974,24.1
53.0077807883911,18.6076215275837,Torun,2018,6,5,32.2964,23.7
53.0077807883911,18.6076215275837,Torun,2018,6,6,32.2952,21.6
53.0077807883911,18.6076215275837,Torun,2018,6,7,32.2952,21.8
53.0077807883911,18.6076215275837,Torun,2018,6,8,32.2951,22.1
53.0077807883911,18.6076215275837,Torun,2018,6,9,32.2951,23.2
53.0077807883911,18.6076215275837,Torun,2018,6,10,32.2956,23.5
53.0077807883911,18.6076215275837,Torun,2018,6,11,32.2959,24.1
53.0077807883911,18.6076215275837,Torun,2018,6,12,32.2955,23.2
53.0077807883911,18.6076215275837,Torun,2018,6,13,32.2955,22.3
53.0077807883911,18.6076215275837,Torun,2018,6,14,32.2951,21.8
53.0077807883911,18.6076215275837,Torun,2018,6,15,32.2944,22.2
53.0077807883911,18.6076215275837,Torun,2018,6,16,32.2966,22.5
53.0077807883911,18.6076215275837,Torun,2018,6,17,32.2972,23.0
53.0077807883911,18.6076215275837,Torun,2018,6,18,32.2978,23.6
53.0077807883911,18.6076215275837,Torun,2018,6,19,32.2948,23.3
53.0077807883911,18.6076215275837,Torun,2018,6,20,32.2938,23.4
53.0077807883911,18.6076215275837,Torun,2018,6,21,32.2934,23.6
53.0077807883911,18.6076215275837,Torun,2018,6,22,32.2933,21.1
53.0077807883911,18.6076215275837,Torun,2018,6,23,32.2938,20.2
53.0077807883911,18.6076215275837,Torun,2018,6,24,32.2938,20.0
53.0077807883911,18.6076215275837,Torun,2018,6,25,32.2939,20.2
53.0077807883911,18.6076215275837,Torun,2018,6,26,32.2934,20.0
53.0077807883911,18.6076215275837,Torun,2018,6,27,32.2938,23.1
53.0077807883911,18.6076215275837,Torun,2018,6,28,32.294,23.6
53.0077807883911,18.6076215275837,Torun,2018,6,29,32.2942,23.3
53.0077807883911,18.6076215275837,Torun,2018,6,30,32.2936,20.1
53.0077807883911,18.6076215275837,Torun,2018,7,1,32.2933,17.9
53.0077807883911,18.6076215275837,Torun,2018,7,2,32.2936,17.2
53.0077807883911,18.6076215275837,Torun,2018,7,3,32.2939,17.0
53.0077807883911,18.6076215275837,Torun,2018,7,4,32.2952,18.3
53.0077807883911,18.6076215275837,Torun,2018,7,5,32.2971,19.9
53.0077807883911,18.6076215275837,Torun,2018,7,6,32.2974,20.1
53.0077807883911,18.6076215275837,Torun,2018,7,7,32.2967,19.4
53.0077807883911,18.6076215275837,Torun,2018,7,8,32.2962,20.2
53.0077807883911,18.6076215275837,Torun,2018,7,9,32.2958,20.5
53.0077807883911,18.6076215275837,Torun,2018,7,10,32.2949,21.9
53.0077807883911,18.6076215275837,Torun,2018,7,11,32.2947,22.1
53.0077807883911,18.6076215275837,Torun,2018,7,12,32.2948,21.8
53.0077807883911,18.6076215275837,Torun,2018,7,13,32.294,21.6
53.0077807883911,18.6076215275837,Torun,2018,7,14,32.2938,21.1
53.0077807883911,18.6076215275837,Torun,2018,7,15,32.2939,21.0
53.0077807883911,18.6076215275837,Torun,2018,7,16,32.2946,21.7
53.0077807883911,18.6076215275837,Torun,2018,7,17,32.2961,21.8
53.0077807883911,18.6076215275837,Torun,2018,7,18,32.2973,21.6
53.0077807883911,18.6076215275837,Torun,2018,7,19,32.2979,22.1
53.0077807883911,18.6076215275837,Torun,2018,7,20,32.2975,22.0
53.0077807883911,18.6076215275837,Torun,2018,7,21,32.2956,22.3
53.0077807883911,18.6076215275837,Torun,2018,7,22,32.2986,22.6
53.0077807883911,18.6076215275837,Torun,2018,7,23,32.2991,22.1
53.0077807883911,18.6076215275837,Torun,2018,7,24,32.3036,23.5
53.0077807883911,18.6076215275837,Torun,2018,7,25,32.3126,23.9
53.0077807883911,18.6076215275837,Torun,2018,7,26,32.3164,24.7
53.0077807883911,18.6076215275837,Torun,2018,7,27,32.3141,24.9
53.0077807883911,18.6076215275837,Torun,2018,7,28,32.3095,24.8
53.0077807883911,18.6076215275837,Torun,2018,7,29,32.3077,25.1
53.0077807883911,18.6076215275837,Torun,2018,7,30,32.3053,25.1
53.0077807883911,18.6076215275837,Torun,2018,7,31,32.3051,25.4
53.0077807883911,18.6076215275837,Torun,2018,8,1,32.304,25.3
53.0077807883911,18.6076215275837,Torun,2018,8,2,32.303,25.5
53.0077807883911,18.6076215275837,Torun,2018,8,3,32.3019,26.4
53.0077807883911,18.6076215275837,Torun,2018,8,4,32.3017,26.8
53.0077807883911,18.6076215275837,Torun,2018,8,5,32.3017,26.5
53.0077807883911,18.6076215275837,Torun,2018,8,6,32.3007,25.7
53.0077807883911,18.6076215275837,Torun,2018,8,7,32.3,25.3
53.0077807883911,18.6076215275837,Torun,2018,8,8,32.2997,25.0
53.0077807883911,18.6076215275837,Torun,2018,8,9,32.3002,25.8
53.0077807883911,18.6076215275837,Torun,2018,8,10,32.2987,25.9
53.0077807883911,18.6076215275837,Torun,2018,8,11,32.2958,25.3
53.0077807883911,18.6076215275837,Torun,2018,8,12,32.2957,23.4
53.0077807883911,18.6076215275837,Torun,2018,8,13,32.2969,23.2
53.0077807883911,18.6076215275837,Torun,2018,8,14,32.2983,24.0
53.0077807883911,18.6076215275837,Torun,2018,8,15,32.2958,23.3
53.0077807883911,18.6076215275837,Torun,2018,8,16,32.2957,22.4
53.0077807883911,18.6076215275837,Torun,2018,8,17,32.2958,23.1
53.0077807883911,18.6076215275837,Torun,2018,8,18,32.2971,23.5
53.0077807883911,18.6076215275837,Torun,2018,8,19,32.2976,23.4
53.0077807883911,18.6076215275837,Torun,2018,8,20,32.2979,23.0
53.0077807883911,18.6076215275837,Torun,2018,8,21,32.2957,22.7
53.0077807883911,18.6076215275837,Torun,2018,8,22,32.2958,22.0
53.0077807883911,18.6076215275837,Torun,2018,8,23,32.2975,22.4
53.0077807883911,18.6076215275837,Torun,2018,8,24,32.2969,22.9
53.0077807883911,18.6076215275837,Torun,2018,8,25,32.2961,22.6
53.0077807883911,18.6076215275837,Torun,2018,8,26,32.2948,21.4
53.0077807883911,18.6076215275837,Torun,2018,8,27,32.2945,20.7
53.0077807883911,18.6076215275837,Torun,2018,8,28,32.2951,20.9
53.0077807883911,18.6076215275837,Torun,2018,8,29,32.2939,20.5
53.0077807883911,18.6076215275837,Torun,2018,8,30,32.2938,20.7
53.0077807883911,18.6076215275837,Torun,2018,8,31,32.2943,21.1
53.0077807883911,18.6076215275837,Torun,2018,9,1,32.2944,21.0
53.0077807883911,18.6076215275837,Torun,2018,9,2,32.2945,21.7
53.0077807883911,18.6076215275837,Torun,2018,9,3,32.2945,20.7
53.0077807883911,18.6076215275837,Torun,2018,9,4,32.2941,20.6
53.0077807883911,18.6076215275837,Torun,2018,9,5,32.2936,20.4
53.0077807883911,18.6076215275837,Torun,2018,9,6,32.2932,20.1
53.0077807883911,18.6076215275837,Torun,2018,9,7,32.2931,20.2
53.0077807883911,18.6076215275837,Torun,2018,9,8,32.293,20.5
53.0077807883911,18.6076215275837,Torun,2018,9,9,32.2928,20.9
53.0077807883911,18.6076215275837,Torun,2018,9,10,32.2931,20.2
53.0077807883911,18.6076215275837,Torun,2018,9,11,32.2931,20.4
53.0077807883911,18.6076215275837,Torun,2018,9,12,32.2931,20.9
53.0077807883911,18.6076215275837,Torun,2018,9,13,32.293,20.6
53.0077807883911,18.6076215275837,Torun,2018,9,14,32.2934,19.7
53.0077807883911,18.6076215275837,Torun,2018,9,15,32.2941,19.9
53.0077807883911,18.6076215275837,Torun,2018,9,16,32.2933,19.4
53.0077807883911,18.6076215275837,Torun,2018,9,17,32.293,19.3
53.0077807883911,18.6076215275837,Torun,2018,9,18,32.293,19.4
53.0077807883911,18.6076215275837,Torun,2018,9,19,32.293,19.6
53.0077807883911,18.6076215275837,Torun,2018,9,20,32.293,20.1
53.0077807883911,18.6076215275837,Torun,2018,9,21,32.293,20.2
53.0077807883911,18.6076215275837,Torun,2018,9,22,32.2931,19.1
53.0077807883911,18.6076215275837,Torun,2018,9,23,32.2931,17.5
53.0077807883911,18.6076215275837,Torun,2018,9,24,32.2929,16.8
53.0077807883911,18.6076215275837,Torun,2018,9,25,32.2913,15.0
53.0077807883911,18.6076215275837,Torun,2018,9,26,32.2922,14.5
53.0077807883911,18.6076215275837,Torun,2018,9,27,32.2928,14.2
53.0077807883911,18.6076215275837,Torun,2018,9,28,32.2928,14.6
53.0077807883911,18.6076215275837,Torun,2018,9,29,32.2927,13.2
53.0077807883911,18.6076215275837,Torun,2018,9,30,32.2926,12.9
53.0077807883911,18.6076215275837,Torun,2018,10,1,32.2926,12.6
53.0077807883911,18.6076215275837,Torun,2018,10,2,32.2927,12.7
53.0077807883911,18.6076215275837,Torun,2018,10,3,32.2927,11.8
53.0077807883911,18.6076215275837,Torun,2018,10,4,32.2926,11.2
53.0077807883911,18.6076215275837,Torun,2018,10,5,32.2925,10.9
53.0077807883911,18.6076215275837,Torun,2018,10,6,32.2925,12.0
53.0077807883911,18.6076215275837,Torun,2018,10,7,32.2924,12.2
53.0077807883911,18.6076215275837,Torun,2018,10,8,32.2928,12.1
53.0077807883911,18.6076215275837,Torun,2018,10,9,32.2928,11.7
53.0077807883911,18.6076215275837,Torun,2018,10,10,32.293,11.6
53.0077807883911,18.6076215275837,Torun,2018,10,11,32.2933,11.9
53.0077807883911,18.6076215275837,Torun,2018,10,12,32.293,12.2
53.0077807883911,18.6076215275837,Torun,2018,10,13,32.2928,12.2
53.0077807883911,18.6076215275837,Torun,2018,10,14,32.2926,12.3
53.0077807883911,18.6076215275837,Torun,2018,10,15,32.2926,12.6
53.0077807883911,18.6076215275837,Torun,2018,10,16,32.2926,12.4
53.0077807883911,18.6076215275837,Torun,2018,10,17,32.2926,12.2
53.0077807883911,18.6076215275837,Torun,2018,10,18,32.2926,12.2
53.0077807883911,18.6076215275837,Torun,2018,10,19,32.2927,12.4
53.0077807883911,18.6076215275837,Torun,2018,10,20,32.2928,12.2
53.0077807883911,18.6076215275837,Torun,2018,10,21,32.2922,11.8
53.0077807883911,18.6076215275837,Torun,2018,10,22,32.2918,11.5
53.0077807883911,18.6076215275837,Torun,2018,10,23,32.2921,10.9
53.0077807883911,18.6076215275837,Torun,2018,10,24,32.2918,10.1
53.0077807883911,18.6076215275837,Torun,2018,10,25,32.2924,9.2
53.0077807883911,18.6076215275837,Torun,2018,10,26,32.2925,9.4
53.0077807883911,18.6076215275837,Torun,2018,10,27,32.2914,9.5
53.0077807883911,18.6076215275837,Torun,2018,10,28,32.2939,9.4
53.0077807883911,18.6076215275837,Torun,2018,10,29,32.2958,8.7
53.0077807883911,18.6076215275837,Torun,2018,10,30,32.2929,8.4
53.0077807883911,18.6076215275837,Torun,2018,10,31,32.2965,8.5
53.0077807883911,18.6076215275837,Torun,2018,11,1,32.2949,8.6
53.0077807883911,18.6076215275837,Torun,2018,11,2,32.2967,8.9
53.0077807883911,18.6076215275837,Torun,2018,11,3,32.2981,8.6
53.0077807883911,18.6076215275837,Torun,2018,11,4,32.298,8.6
53.0077807883911,18.6076215275837,Torun,2018,11,5,32.2969,8.8
53.0077807883911,18.6076215275837,Torun,2018,11,6,32.2972,9.0
53.0077807883911,18.6076215275837,Torun,2018,11,7,32.298,8.7
53.0077807883911,18.6076215275837,Torun,2018,11,8,32.2979,8.9
53.0077807883911,18.6076215275837,Torun,2018,11,9,32.2941,9.0
53.0077807883911,18.6076215275837,Torun,2018,11,10,32.294,9.0
53.0077807883911,18.6076215275837,Torun,2018,11,11,32.2955,9.1
53.0077807883911,18.6076215275837,Torun,2018,11,12,32.2993,8.8
53.0077807883911,18.6076215275837,Torun,2018,11,13,32.2975,8.9
53.0077807883911,18.6076215275837,Torun,2018,11,14,32.2929,8.9
53.0077807883911,18.6076215275837,Torun,2018,11,15,32.2931,8.7
53.0077807883911,18.6076215275837,Torun,2018,11,16,32.2939,8.4
53.0077807883911,18.6076215275837,Torun,2018,11,17,32.2954,7.8
53.0077807883911,18.6076215275837,Torun,2018,11,18,32.2958,7.2
53.0077807883911,18.6076215275837,Torun,2018,11,19,32.2965,6.8
53.0077807883911,18.6076215275837,Torun,2018,11,20,32.2954,6.5
53.0077807883911,18.6076215275837,Torun,2018,11,21,32.2952,5.4
53.0077807883911,18.6076215275837,Torun,2018,11,22,32.2952,4.9
53.0077807883911,18.6076215275837,Torun,2018,11,23,32.295,4.4
53.0077807883911,18.6076215275837,Torun,2018,11,24,32.2936,4.0
53.0077807883911,18.6076215275837,Torun,2018,11,25,32.2935,4.0
53.0077807883911,18.6076215275837,Torun,2018,11,26,32.2949,3.9
53.0077807883911,18.6076215275837,Torun,2018,11,27,32.295,3.7
53.0077807883911,18.6076215275837,Torun,2018,11,28,32.2951,3.0
53.0077807883911,18.6076215275837,Torun,2018,11,29,32.295,2.9
53.0077807883911,18.6076215275837,Torun,2018,11,30,32.2945,2.5
53.0077807883911,18.6076215275837,Torun,2019,5,1,32.2965,14.4
53.0077807883911,18.6076215275837,Torun,2019,5,2,32.2976,14.7
53.0077807883911,18.6076215275837,Torun,2019,5,3,32.2981,13.0
53.0077807883911,18.6076215275837,Torun,2019,5,4,32.299,13.3
53.0077807883911,18.6076215275837,Torun,2019,5,5,32.3048,13.0
53.0077807883911,18.6076215275837,Torun,2019,5,6,32.3081,13.5
53.0077807883911,18.6076215275837,Torun,2019,5,7,32.3085,13.2
53.0077807883911,18.6076215275837,Torun,2019,5,8,32.306,13.1
53.0077807883911,18.6076215275837,Torun,2019,5,9,32.3048,13.0
53.0077807883911,18.6076215275837,Torun,2019,5,10,32.3043,13.2
53.0077807883911,18.6076215275837,Torun,2019,5,11,32.3044,13.6
53.0077807883911,18.6076215275837,Torun,2019,5,12,32.3064,13.6
53.0077807883911,18.6076215275837,Torun,2019,5,13,32.3078,13.0
53.0077807883911,18.6076215275837,Torun,2019,5,14,32.3055,13.1
53.0077807883911,18.6076215275837,Torun,2019,5,15,32.3022,12.8
53.0077807883911,18.6076215275837,Torun,2019,5,16,32.3023,12.9
53.0077807883911,18.6076215275837,Torun,2019,5,17,32.3035,13.2
53.0077807883911,18.6076215275837,Torun,2019,5,18,32.3027,13.4
53.0077807883911,18.6076215275837,Torun,2019,5,19,32.3033,14.2
53.0077807883911,18.6076215275837,Torun,2019,5,20,32.3087,15.1
53.0077807883911,18.6076215275837,Torun,2019,5,21,32.3151,16.0
53.0077807883911,18.6076215275837,Torun,2019,5,22,32.3155,17.1
53.0077807883911,18.6076215275837,Torun,2019,5,23,32.3152,18.1
53.0077807883911,18.6076215275837,Torun,2019,5,24,32.3153,17.6
53.0077807883911,18.6076215275837,Torun,2019,5,25,32.3126,17.2
53.0077807883911,18.6076215275837,Torun,2019,5,26,32.3124,17.7
53.0077807883911,18.6076215275837,Torun,2019,5,27,32.3185,18.2
53.0077807883911,18.6076215275837,Torun,2019,5,28,32.3241,18.6
53.0077807883911,18.6076215275837,Torun,2019,5,29,32.3324,18.3
53.0077807883911,18.6076215275837,Torun,2019,5,30,32.338,17.2
53.0077807883911,18.6076215275837,Torun,2019,5,31,32.34,16.9
53.0077807883911,18.6076215275837,Torun,2019,6,1,32.334,17.4
53.0077807883911,18.6076215275837,Torun,2019,6,2,32.3269,18.4
53.0077807883911,18.6076215275837,Torun,2019,6,3,32.3198,19.5
53.0077807883911,18.6076215275837,Torun,2019,6,4,32.3156,20.6
53.0077807883911,18.6076215275837,Torun,2019,6,5,32.3164,21.3
53.0077807883911,18.6076215275837,Torun,2019,6,6,32.3163,22.1
53.0077807883911,18.6076215275837,Torun,2019,6,7,32.3135,22.4
53.0077807883911,18.6076215275837,Torun,2019,6,8,32.3088,23.0
53.0077807883911,18.6076215275837,Torun,2019,6,9,32.3062,22.7
53.0077807883911,18.6076215275837,Torun,2019,6,10,32.3071,22.8
53.0077807883911,18.6076215275837,Torun,2019,6,11,32.3065,23.7
53.0077807883911,18.6076215275837,Torun,2019,6,12,32.3046,24.5
53.0077807883911,18.6076215275837,Torun,2019,6,13,32.3042,25.0
53.0077807883911,18.6076215275837,Torun,2019,6,14,32.3036,25.1
53.0077807883911,18.6076215275837,Torun,2019,6,15,32.3025,25.1
53.0077807883911,18.6076215275837,Torun,2019,6,16,32.3021,24.7
53.0077807883911,18.6076215275837,Torun,2019,6,17,32.3006,24.4
53.0077807883911,18.6076215275837,Torun,2019,6,18,32.3011,24.5
53.0077807883911,18.6076215275837,Torun,2019,6,19,32.3001,24.8
53.0077807883911,18.6076215275837,Torun,2019,6,20,32.3005,25.1
53.0077807883911,18.6076215275837,Torun,2019,6,21,32.3001,24.8
53.0077807883911,18.6076215275837,Torun,2019,6,22,32.2994,24.0
53.0077807883911,18.6076215275837,Torun,2019,6,23,32.2988,24.1
53.0077807883911,18.6076215275837,Torun,2019,6,24,32.2991,23.9
53.0077807883911,18.6076215275837,Torun,2019,6,25,32.3002,24.7
53.0077807883911,18.6076215275837,Torun,2019,6,26,32.3009,25.4
53.0077807883911,18.6076215275837,Torun,2019,6,27,32.2988,25.3
53.0077807883911,18.6076215275837,Torun,2019,6,28,32.2982,23.1
53.0077807883911,18.6076215275837,Torun,2019,6,29,32.2982,23.2
53.0077807883911,18.6076215275837,Torun,2019,6,30,32.298,23.9
53.0077807883911,18.6076215275837,Torun,2019,7,1,32.2976,24.7
53.0077807883911,18.6076215275837,Torun,2019,7,2,32.2966,23.4
53.0077807883911,18.6076215275837,Torun,2019,7,3,32.2959,21.5
53.0077807883911,18.6076215275837,Torun,2019,7,4,32.2958,20.2
53.0077807883911,18.6076215275837,Torun,2019,7,5,32.2953,20.2
53.0077807883911,18.6076215275837,Torun,2019,7,6,32.295,20.0
53.0077807883911,18.6076215275837,Torun,2019,7,7,32.2968,19.8
53.0077807883911,18.6076215275837,Torun,2019,7,8,32.297,19.0
53.0077807883911,18.6076215275837,Torun,2019,7,9,32.2943,18.2
53.0077807883911,18.6076215275837,Torun,2019,7,10,32.2937,17.9
53.0077807883911,18.6076215275837,Torun,2019,7,11,32.2936,17.9
53.0077807883911,18.6076215275837,Torun,2019,7,12,32.2938,18.6
53.0077807883911,18.6076215275837,Torun,2019,7,13,32.2937,19.5
53.0077807883911,18.6076215275837,Torun,2019,7,14,32.2933,18.6
53.0077807883911,18.6076215275837,Torun,2019,7,15,32.2929,19.6
53.0077807883911,18.6076215275837,Torun,2019,7,16,32.2928,19.3
53.0077807883911,18.6076215275837,Torun,2019,7,17,32.2926,18.4
53.0077807883911,18.6076215275837,Torun,2019,7,18,32.2924,18.1
53.0077807883911,18.6076215275837,Torun,2019,7,19,32.2928,19.5
53.0077807883911,18.6076215275837,Torun,2019,7,20,32.2927,20.4
53.0077807883911,18.6076215275837,Torun,2019,7,21,32.2926,21.5
53.0077807883911,18.6076215275837,Torun,2019,7,22,32.2923,21.1
53.0077807883911,18.6076215275837,Torun,2019,7,23,32.2924,20.8
53.0077807883911,18.6076215275837,Torun,2019,7,24,32.2924,20.6
53.0077807883911,18.6076215275837,Torun,2019,7,25,32.292,21.4
53.0077807883911,18.6076215275837,Torun,2019,7,26,32.2919,22.0
53.0077807883911,18.6076215275837,Torun,2019,7,27,32.2921,21.8
53.0077807883911,18.6076215275837,Torun,2019,7,28,32.2922,21.3
53.0077807883911,18.6076215275837,Torun,2019,7,29,32.2927,23.0
53.0077807883911,18.6076215275837,Torun,2019,7,30,32.2928,24.4
53.0077807883911,18.6076215275837,Torun,2019,7,31,32.2925,23.6
53.0077807883911,18.6076215275837,Torun,2019,8,1,32.2925,22.6
53.0077807883911,18.6076215275837,Torun,2019,8,2,32.2922,21.7
53.0077807883911,18.6076215275837,Torun,2019,8,3,32.292,21.2
53.0077807883911,18.6076215275837,Torun,2019,8,4,32.2915,21.4
53.0077807883911,18.6076215275837,Torun,2019,8,5,32.291,21.6
53.0077807883911,18.6076215275837,Torun,2019,8,6,32.2914,22.3
53.0077807883911,18.6076215275837,Torun,2019,8,7,32.2914,22.8
53.0077807883911,18.6076215275837,Torun,2019,8,8,32.2917,22.7
53.0077807883911,18.6076215275837,Torun,2019,8,9,32.2911,22.2
53.0077807883911,18.6076215275837,Torun,2019,8,10,32.2915,21.9
53.0077807883911,18.6076215275837,Torun,2019,8,11,32.2918,22.0
53.0077807883911,18.6076215275837,Torun,2019,8,12,32.2909,22.6
53.0077807883911,18.6076215275837,Torun,2019,8,13,32.291,22.3
53.0077807883911,18.6076215275837,Torun,2019,8,14,32.291,21.4
53.0077807883911,18.6076215275837,Torun,2019,8,15,32.2911,21.5
53.0077807883911,18.6076215275837,Torun,2019,8,16,32.2923,21.6
53.0077807883911,18.6076215275837,Torun,2019,8,17,32.2922,21.2
53.0077807883911,18.6076215275837,Torun,2019,8,18,32.2925,21.6
53.0077807883911,18.6076215275837,Torun,2019,8,19,32.2924,22.1
53.0077807883911,18.6076215275837,Torun,2019,8,20,32.2928,21.2
53.0077807883911,18.6076215275837,Torun,2019,8,21,32.2956,21.5
53.0077807883911,18.6076215275837,Torun,2019,8,22,32.3004,21.0
53.0077807883911,18.6076215275837,Torun,2019,8,23,32.2973,20.9
53.0077807883911,18.6076215275837,Torun,2019,8,24,32.2933,21.6
53.0077807883911,18.6076215275837,Torun,2019,8,25,32.2935,22.0
53.0077807883911,18.6076215275837,Torun,2019,8,26,32.2939,22.3
53.0077807883911,18.6076215275837,Torun,2019,8,27,32.2934,22.7
53.0077807883911,18.6076215275837,Torun,2019,8,28,32.2938,23.0
53.0077807883911,18.6076215275837,Torun,2019,8,29,32.2933,23.1
53.0077807883911,18.6076215275837,Torun,2019,8,30,32.293,23.6
53.0077807883911,18.6076215275837,Torun,2019,8,31,32.2928,23.3
53.0077807883911,18.6076215275837,Torun,2019,9,1,32.2927,23.4
53.0077807883911,18.6076215275837,Torun,2019,9,2,32.2924,23.4
53.0077807883911,18.6076215275837,Torun,2019,9,3,32.2916,21.4
53.0077807883911,18.6076215275837,Torun,2019,9,4,32.2922,21.2
53.0077807883911,18.6076215275837,Torun,2019,9,5,32.2919,21.3
53.0077807883911,18.6076215275837,Torun,2019,9,6,32.2917,20.6
53.0077807883911,18.6076215275837,Torun,2019,9,7,32.2912,20.2
53.0077807883911,18.6076215275837,Torun,2019,9,8,32.2921,19.5
53.0077807883911,18.6076215275837,Torun,2019,9,9,32.2925,19.4
53.0077807883911,18.6076215275837,Torun,2019,9,10,32.294,19.4
53.0077807883911,18.6076215275837,Torun,2019,9,11,32.295,18.5
53.0077807883911,18.6076215275837,Torun,2019,9,12,32.2942,19.1
53.0077807883911,18.6076215275837,Torun,2019,9,13,32.2924,18.8
53.0077807883911,18.6076215275837,Torun,2019,9,14,32.2919,17.6
53.0077807883911,18.6076215275837,Torun,2019,9,15,32.2917,17.0
53.0077807883911,18.6076215275837,Torun,2019,9,16,32.2924,16.1
53.0077807883911,18.6076215275837,Torun,2019,9,17,32.2931,16.0
53.0077807883911,18.6076215275837,Torun,2019,9,18,32.2919,14.4
53.0077807883911,18.6076215275837,Torun,2019,9,19,32.2926,14.3
53.0077807883911,18.6076215275837,Torun,2019,9,20,32.2929,14.2
53.0077807883911,18.6076215275837,Torun,2019,9,21,32.2919,14.6
53.0077807883911,18.6076215275837,Torun,2019,9,22,32.2913,14.1
53.0077807883911,18.6076215275837,Torun,2019,9,23,32.292,14.6
53.0077807883911,18.6076215275837,Torun,2019,9,24,32.2919,13.7
53.0077807883911,18.6076215275837,Torun,2019,9,25,32.2914,13.4
53.0077807883911,18.6076215275837,Torun,2019,9,26,32.2909,13.5
53.0077807883911,18.6076215275837,Torun,2019,9,27,32.2906,14.2
53.0077807883911,18.6076215275837,Torun,2019,9,28,32.2907,14.4
53.0077807883911,18.6076215275837,Torun,2019,9,29,32.2911,14.3
53.0077807883911,18.6076215275837,Torun,2019,9,30,32.2916,14.2
53.0077807883911,18.6076215275837,Torun,2019,10,1,32.2916,13.0
53.0077807883911,18.6076215275837,Torun,2019,10,2,32.2918,13.3
53.0077807883911,18.6076215275837,Torun,2019,10,3,32.2922,12.4
53.0077807883911,18.6076215275837,Torun,2019,10,4,32.2914,12.4
53.0077807883911,18.6076215275837,Torun,2019,10,5,32.2922,12.5
53.0077807883911,18.6076215275837,Torun,2019,10,6,32.2919,11.4
53.0077807883911,18.6076215275837,Torun,2019,10,7,32.2922,11.2
53.0077807883911,18.6076215275837,Torun,2019,10,8,32.2917,11.1
53.0077807883911,18.6076215275837,Torun,2019,10,9,32.2928,11.3
53.0077807883911,18.6076215275837,Torun,2019,10,10,32.2923,11.7
53.0077807883911,18.6076215275837,Torun,2019,10,11,32.2933,12.1
53.0077807883911,18.6076215275837,Torun,2019,10,12,32.2942,12.0
53.0077807883911,18.6076215275837,Torun,2019,10,13,32.294,12.3
53.0077807883911,18.6076215275837,Torun,2019,10,14,32.2942,12.4
53.0077807883911,18.6076215275837,Torun,2019,10,15,32.2942,11.6
53.0077807883911,18.6076215275837,Torun,2019,10,16,32.2948,12.1
53.0077807883911,18.6076215275837,Torun,2019,10,17,32.2947,11.9
53.0077807883911,18.6076215275837,Torun,2019,10,18,32.2946,12.3
53.0077807883911,18.6076215275837,Torun,2019,10,19,32.2949,12.4
53.0077807883911,18.6076215275837,Torun,2019,10,20,32.2948,12.6
53.0077807883911,18.6076215275837,Torun,2019,10,21,32.2942,12.9
53.0077807883911,18.6076215275837,Torun,2019,10,22,32.2935,12.1
53.0077807883911,18.6076215275837,Torun,2019,10,23,32.2938,12.7
53.0077807883911,18.6076215275837,Torun,2019,10,24,32.2943,12.6
53.0077807883911,18.6076215275837,Torun,2019,10,25,32.2937,12.5
53.0077807883911,18.6076215275837,Torun,2019,10,26,32.2932,12.1
53.0077807883911,18.6076215275837,Torun,2019,10,27,32.293,11.9
53.0077807883911,18.6076215275837,Torun,2019,10,28,32.293,11.7
53.0077807883911,18.6076215275837,Torun,2019,10,29,32.2929,11.5
53.0077807883911,18.6076215275837,Torun,2019,10,30,32.2927,10.6
53.0077807883911,18.6076215275837,Torun,2019,10,31,32.2923,10.0
53.0077807883911,18.6076215275837,Torun,2019,11,1,32.2929,9.6
53.0077807883911,18.6076215275837,Torun,2019,11,2,32.2934,9.3
53.0077807883911,18.6076215275837,Torun,2019,11,3,32.2927,9.0
53.0077807883911,18.6076215275837,Torun,2019,11,4,32.2923,8.9
53.0077807883911,18.6076215275837,Torun,2019,11,5,32.2923,8.6
53.0077807883911,18.6076215275837,Torun,2019,11,6,32.2923,8.8
53.0077807883911,18.6076215275837,Torun,2019,11,7,32.2925,8.9
53.0077807883911,18.6076215275837,Torun,2019,11,8,32.2932,8.8
53.0077807883911,18.6076215275837,Torun,2019,11,9,32.2931,9.0
53.0077807883911,18.6076215275837,Torun,2019,11,10,32.2928,9.0
53.0077807883911,18.6076215275837,Torun,2019,11,11,32.2925,8.7
53.0077807883911,18.6076215275837,Torun,2019,11,12,32.2927,8.4
53.0077807883911,18.6076215275837,Torun,2019,11,13,32.2941,8.3
53.0077807883911,18.6076215275837,Torun,2019,11,14,32.2963,7.9
53.0077807883911,18.6076215275837,Torun,2019,11,15,32.2968,7.8
53.0077807883911,18.6076215275837,Torun,2019,11,16,32.2972,7.7
53.0077807883911,18.6076215275837,Torun,2019,11,17,32.2971,7.7
53.0077807883911,18.6076215275837,Torun,2019,11,18,32.2969,7.4
53.0077807883911,18.6076215275837,Torun,2019,11,19,32.2994,7.1
53.0077807883911,18.6076215275837,Torun,2019,11,20,32.2988,6.9
53.0077807883911,18.6076215275837,Torun,2019,11,21,32.2976,7.2
53.0077807883911,18.6076215275837,Torun,2019,11,22,32.2982,7.0
53.0077807883911,18.6076215275837,Torun,2019,11,23,32.2973,6.7
53.0077807883911,18.6076215275837,Torun,2019,11,24,32.2965,6.3
53.0077807883911,18.6076215275837,Torun,2019,11,25,32.2956,5.8
53.0077807883911,18.6076215275837,Torun,2019,11,26,32.2951,5.4
53.0077807883911,18.6076215275837,Torun,2019,11,27,32.295,5.5
53.0077807883911,18.6076215275837,Torun,2019,11,28,32.2944,5.3
53.0077807883911,18.6076215275837,Torun,2019,11,29,32.2957,5.4
53.0077807883911,18.6076215275837,Torun,2019,11,30,32.2951,5.2
53.0077807883911,18.6076215275837,Torun,2020,5,1,32.2946,13.3
53.0077807883911,18.6076215275837,Torun,2020,5,2,32.294,13.7
53.0077807883911,18.6076215275837,Torun,2020,5,3,32.2938,14.0
53.0077807883911,18.6076215275837,Torun,2020,5,4,32.2938,14.2
53.0077807883911,18.6076215275837,Torun,2020,5,5,32.2942,13.9
53.0077807883911,18.6076215275837,Torun,2020,5,6,32.2939,13.9
53.0077807883911,18.6076215275837,Torun,2020,5,7,32.2942,14.1
53.0077807883911,18.6076215275837,Torun,2020,5,8,32.2959,13.9
53.0077807883911,18.6076215275837,Torun,2020,5,9,32.2956,14.0
53.0077807883911,18.6076215275837,Torun,2020,5,10,32.2949,14.6
53.0077807883911,18.6076215275837,Torun,2020,5,11,32.2942,15.4
53.0077807883911,18.6076215275837,Torun,2020,5,12,32.2959,15.2
53.0077807883911,18.6076215275837,Torun,2020,5,13,32.2977,15.0
53.0077807883911,18.6076215275837,Torun,2020,5,14,32.2989,15.0
53.0077807883911,18.6076215275837,Torun,2020,5,15,32.2983,14.1
53.0077807883911,18.6076215275837,Torun,2020,5,16,32.2968,14.4
53.0077807883911,18.6076215275837,Torun,2020,5,17,32.2961,13.8
53.0077807883911,18.6076215275837,Torun,2020,5,18,32.2955,14.0
53.0077807883911,18.6076215275837,Torun,2020,5,19,32.2959,14.2
53.0077807883911,18.6076215275837,Torun,2020,5,20,32.2968,14.0
53.0077807883911,18.6076215275837,Torun,2020,5,21,32.2972,14.3
53.0077807883911,18.6076215275837,Torun,2020,5,22,32.2966,14.4
53.0077807883911,18.6076215275837,Torun,2020,5,23,32.2974,14.6
53.0077807883911,18.6076215275837,Torun,2020,5,24,32.2972,14.2
53.0077807883911,18.6076215275837,Torun,2020,5,25,32.2963,14.5
53.0077807883911,18.6076215275837,Torun,2020,5,26,32.2956,14.7
53.0077807883911,18.6076215275837,Torun,2020,5,27,32.2954,14.6
53.0077807883911,18.6076215275837,Torun,2020,5,28,32.2953,15.2
53.0077807883911,18.6076215275837,Torun,2020,5,29,32.2955,15.2
53.0077807883911,18.6076215275837,Torun,2020,5,30,32.2953,15.1
53.0077807883911,18.6076215275837,Torun,2020,5,31,32.2959,15.2
53.0077807883911,18.6076215275837,Torun,2020,6,1,32.2966,15.5
53.0077807883911,18.6076215275837,Torun,2020,6,2,32.2979,16.3
53.0077807883911,18.6076215275837,Torun,2020,6,3,32.2994,16.7
53.0077807883911,18.6076215275837,Torun,2020,6,4,32.2998,16.6
53.0077807883911,18.6076215275837,Torun,2020,6,5,32.3012,16.8
53.0077807883911,18.6076215275837,Torun,2020,6,6,32.306,16.8
53.0077807883911,18.6076215275837,Torun,2020,6,7,32.3101,16.6
53.0077807883911,18.6076215275837,Torun,2020,6,8,32.3099,18.4
53.0077807883911,18.6076215275837,Torun,2020,6,9,32.308,18.0
53.0077807883911,18.6076215275837,Torun,2020,6,10,32.3052,17.7
53.0077807883911,18.6076215275837,Torun,2020,6,11,32.3029,17.9
53.0077807883911,18.6076215275837,Torun,2020,6,12,32.3024,18.6
53.0077807883911,18.6076215275837,Torun,2020,6,13,32.3017,20.2
53.0077807883911,18.6076215275837,Torun,2020,6,14,32.3026,21.3
53.0077807883911,18.6076215275837,Torun,2020,6,15,32.3031,20.8
53.0077807883911,18.6076215275837,Torun,2020,6,16,32.3021,20.6
53.0077807883911,18.6076215275837,Torun,2020,6,17,32.3011,21.9
53.0077807883911,18.6076215275837,Torun,2020,6,18,32.3024,22.6
53.0077807883911,18.6076215275837,Torun,2020,6,19,32.3021,23.0
53.0077807883911,18.6076215275837,Torun,2020,6,20,32.3013,23.1
53.0077807883911,18.6076215275837,Torun,2020,6,21,32.3014,22.8
53.0077807883911,18.6076215275837,Torun,2020,6,22,32.3018,22.8
53.0077807883911,18.6076215275837,Torun,2020,6,23,32.3021,21.6
53.0077807883911,18.6076215275837,Torun,2020,6,24,32.3057,21.6
53.0077807883911,18.6076215275837,Torun,2020,6,25,32.3136,22.1
53.0077807883911,18.6076215275837,Torun,2020,6,26,32.3145,22.6
53.0077807883911,18.6076215275837,Torun,2020,6,27,32.3176,22.7
53.0077807883911,18.6076215275837,Torun,2020,6,28,32.3228,23.0
53.0077807883911,18.6076215275837,Torun,2020,6,29,32.3286,23.0
53.0077807883911,18.6076215275837,Torun,2020,6,30,32.331,21.9
53.0077807883911,18.6076215275837,Torun,2020,7,1,32.3258,21.0
53.0077807883911,18.6076215275837,Torun,2020,7,2,32.323,21.2
53.0077807883911,18.6076215275837,Torun,2020,7,3,32.321,21.9
53.0077807883911,18.6076215275837,Torun,2020,7,4,32.3184,22.2
53.0077807883911,18.6076215275837,Torun,2020,7,5,32.3168,22.8
53.0077807883911,18.6076215275837,Torun,2020,7,6,32.3154,23.4
53.0077807883911,18.6076215275837,Torun,2020,7,7,32.3136,22.5
53.0077807883911,18.6076215275837,Torun,2020,7,8,32.3118,22.0
53.0077807883911,18.6076215275837,Torun,2020,7,9,32.312,21.3
53.0077807883911,18.6076215275837,Torun,2020,7,10,32.3108,21.3
53.0077807883911,18.6076215275837,Torun,2020,7,11,32.3089,21.0
53.0077807883911,18.6076215275837,Torun,2020,7,12,32.3068,20.4
53.0077807883911,18.6076215275837,Torun,2020,7,13,32.307,20.4
53.0077807883911,18.6076215275837,Torun,2020,7,14,32.3069,20.1
53.0077807883911,18.6076215275837,Torun,2020,7,15,32.3061,21.0
53.0077807883911,18.6076215275837,Torun,2020,7,16,32.3052,20.9
53.0077807883911,18.6076215275837,Torun,2020,7,17,32.3053,20.2
53.0077807883911,18.6076215275837,Torun,2020,7,18,32.3072,20.6
53.0077807883911,18.6076215275837,Torun,2020,7,19,32.3076,21.4
53.0077807883911,18.6076215275837,Torun,2020,7,20,32.3044,22.3
53.0077807883911,18.6076215275837,Torun,2020,7,21,32.3034,21.9
53.0077807883911,18.6076215275837,Torun,2020,7,22,32.3035,21.0
53.0077807883911,18.6076215275837,Torun,2020,7,23,32.3034,21.2
53.0077807883911,18.6076215275837,Torun,2020,7,24,32.3048,21.3
53.0077807883911,18.6076215275837,Torun,2020,7,25,32.3068,22.0
53.0077807883911,18.6076215275837,Torun,2020,7,26,32.3074,22.2
53.0077807883911,18.6076215275837,Torun,2020,7,27,32.3048,22.2
53.0077807883911,18.6076215275837,Torun,2020,7,28,32.3015,22.8
53.0077807883911,18.6076215275837,Torun,2020,7,29,32.3014,22.8
53.0077807883911,18.6076215275837,Torun,2020,7,30,32.3007,22.1
53.0077807883911,18.6076215275837,Torun,2020,7,31,32.3002,21.8
53.0077807883911,18.6076215275837,Torun,2020,8,1,32.3,21.6
53.0077807883911,18.6076215275837,Torun,2020,8,2,32.2999,22.0
53.0077807883911,18.6076215275837,Torun,2020,8,3,32.2991,22.7
53.0077807883911,18.6076215275837,Torun,2020,8,4,32.2977,21.6
53.0077807883911,18.6076215275837,Torun,2020,8,5,32.2973,20.7
53.0077807883911,18.6076215275837,Torun,2020,8,6,32.2975,21.6
53.0077807883911,18.6076215275837,Torun,2020,8,7,32.2978,22.3
53.0077807883911,18.6076215275837,Torun,2020,8,8,32.2968,22.9
53.0077807883911,18.6076215275837,Torun,2020,8,9,32.2941,24.0
53.0077807883911,18.6076215275837,Torun,2020,8,10,32.2944,24.4
53.0077807883911,18.6076215275837,Torun,2020,8,11,32.2956,24.1
53.0077807883911,18.6076215275837,Torun,2020,8,12,32.295,24.0
53.0077807883911,18.6076215275837,Torun,2020,8,13,32.2947,23.8
53.0077807883911,18.6076215275837,Torun,2020,8,14,32.2949,23.7
53.0077807883911,18.6076215275837,Torun,2020,8,15,32.294,24.0
53.0077807883911,18.6076215275837,Torun,2020,8,16,32.2935,24.4
53.0077807883911,18.6076215275837,Torun,2020,8,17,32.2936,24.0
53.0077807883911,18.6076215275837,Torun,2020,8,18,32.2931,23.4
53.0077807883911,18.6076215275837,Torun,2020,8,19,32.2927,23.5
53.0077807883911,18.6076215275837,Torun,2020,8,20,32.2925,23.0
53.0077807883911,18.6076215275837,Torun,2020,8,21,32.2925,23.0
53.0077807883911,18.6076215275837,Torun,2020,8,22,32.2927,23.8
53.0077807883911,18.6076215275837,Torun,2020,8,23,32.2923,23.1
53.0077807883911,18.6076215275837,Torun,2020,8,24,32.2922,22.6
53.0077807883911,18.6076215275837,Torun,2020,8,25,32.292,22.3
53.0077807883911,18.6076215275837,Torun,2020,8,26,32.2929,21.7
53.0077807883911,18.6076215275837,Torun,2020,8,27,32.2942,21.0
53.0077807883911,18.6076215275837,Torun,2020,8,28,32.2942,20.1
53.0077807883911,18.6076215275837,Torun,2020,8,29,32.2941,20.1
53.0077807883911,18.6076215275837,Torun,2020,8,30,32.2943,20.6
53.0077807883911,18.6076215275837,Torun,2020,8,31,32.2954,21.0
53.0077807883911,18.6076215275837,Torun,2020,9,1,32.2964,19.4
53.0077807883911,18.6076215275837,Torun,2020,9,2,32.2966,18.6
53.0077807883911,18.6076215275837,Torun,2020,9,3,32.296,18.1
53.0077807883911,18.6076215275837,Torun,2020,9,4,32.2954,17.8
53.0077807883911,18.6076215275837,Torun,2020,9,5,32.2949,17.7
53.0077807883911,18.6076215275837,Torun,2020,9,6,32.2945,17.7
53.0077807883911,18.6076215275837,Torun,2020,9,7,32.2951,17.5
53.0077807883911,18.6076215275837,Torun,2020,9,8,32.2969,17.2
53.0077807883911,18.6076215275837,Torun,2020,9,9,32.2984,17.3
53.0077807883911,18.6076215275837,Torun,2020,9,10,32.2975,17.0
53.0077807883911,18.6076215275837,Torun,2020,9,11,32.2954,17.0
53.0077807883911,18.6076215275837,Torun,2020,9,12,32.2952,17.2
53.0077807883911,18.6076215275837,Torun,2020,9,13,32.2961,17.0
53.0077807883911,18.6076215275837,Torun,2020,9,14,32.2982,17.8
53.0077807883911,18.6076215275837,Torun,2020,9,15,32.2975,17.5
53.0077807883911,18.6076215275837,Torun,2020,9,16,32.2967,17.7
53.0077807883911,18.6076215275837,Torun,2020,9,17,32.2963,19.1
53.0077807883911,18.6076215275837,Torun,2020,9,18,32.2964,17.7
53.0077807883911,18.6076215275837,Torun,2020,9,19,32.2947,17.1
53.0077807883911,18.6076215275837,Torun,2020,9,20,32.2935,17.2
53.0077807883911,18.6076215275837,Torun,2020,9,21,32.293,16.9
53.0077807883911,18.6076215275837,Torun,2020,9,22,32.2934,17.4
53.0077807883911,18.6076215275837,Torun,2020,9,23,32.2938,18.0
53.0077807883911,18.6076215275837,Torun,2020,9,24,32.2931,18.2
53.0077807883911,18.6076215275837,Torun,2020,9,25,32.293,18.3
53.0077807883911,18.6076215275837,Torun,2020,9,26,32.2933,18.2
53.0077807883911,18.6076215275837,Torun,2020,9,27,32.2935,17.3
53.0077807883911,18.6076215275837,Torun,2020,9,28,32.2933,15.7
53.0077807883911,18.6076215275837,Torun,2020,9,29,32.2942,16.2
53.0077807883911,18.6076215275837,Torun,2020,9,30,32.2946,16.3
53.0077807883911,18.6076215275837,Torun,2020,10,1,32.294,16.2
53.0077807883911,18.6076215275837,Torun,2020,10,2,32.2933,16.0
53.0077807883911,18.6076215275837,Torun,2020,10,3,32.2945,15.7
53.0077807883911,18.6076215275837,Torun,2020,10,4,32.2959,16.0
53.0077807883911,18.6076215275837,Torun,2020,10,5,32.2968,15.6
53.0077807883911,18.6076215275837,Torun,2020,10,6,32.2981,14.7
53.0077807883911,18.6076215275837,Torun,2020,10,7,32.3015,14.4
53.0077807883911,18.6076215275837,Torun,2020,10,8,32.3047,13.9
53.0077807883911,18.6076215275837,Torun,2020,10,9,32.3032,13.8
53.0077807883911,18.6076215275837,Torun,2020,10,10,32.3015,14.1
53.0077807883911,18.6076215275837,Torun,2020,10,11,32.3011,14.0
53.0077807883911,18.6076215275837,Torun,2020,10,12,32.301,13.7
53.0077807883911,18.6076215275837,Torun,2020,10,13,32.3008,13.2
53.0077807883911,18.6076215275837,Torun,2020,10,14,32.302,12.9
53.0077807883911,18.6076215275837,Torun,2020,10,15,32.3027,12.5
53.0077807883911,18.6076215275837,Torun,2020,10,16,32.3056,12.7
53.0077807883911,18.6076215275837,Torun,2020,10,17,32.3089,13.0
53.0077807883911,18.6076215275837,Torun,2020,10,18,32.3109,11.7
53.0077807883911,18.6076215275837,Torun,2020,10,19,32.3176,10.7
53.0077807883911,18.6076215275837,Torun,2020,10,20,32.322,10.0
53.0077807883911,18.6076215275837,Torun,2020,10,21,32.322,10.0
53.0077807883911,18.6076215275837,Torun,2020,10,22,32.3214,10.0
53.0077807883911,18.6076215275837,Torun,2020,10,23,32.3203,10.2
53.0077807883911,18.6076215275837,Torun,2020,10,24,32.3191,10.5
53.0077807883911,18.6076215275837,Torun,2020,10,25,32.317,10.6
53.0077807883911,18.6076215275837,Torun,2020,10,26,32.3149,11.0
53.0077807883911,18.6076215275837,Torun,2020,10,27,32.3116,11.2
53.0077807883911,18.6076215275837,Torun,2020,10,28,32.311,11.0
53.0077807883911,18.6076215275837,Torun,2020,10,29,32.3094,10.8
53.0077807883911,18.6076215275837,Torun,2020,10,30,32.3082,10.7
53.0077807883911,18.6076215275837,Torun,2020,10,31,32.3063,10.3
53.0077807883911,18.6076215275837,Torun,2020,11,1,32.3047,10.3
53.0077807883911,18.6076215275837,Torun,2020,11,2,32.3048,10.3
53.0077807883911,18.6076215275837,Torun,2020,11,3,32.304,10.7
53.0077807883911,18.6076215275837,Torun,2020,11,4,32.3042,10.4
53.0077807883911,18.6076215275837,Torun,2020,11,5,32.3043,10.2
53.0077807883911,18.6076215275837,Torun,2020,11,6,32.3044,10.0
53.0077807883911,18.6076215275837,Torun,2020,11,7,32.3043,9.9
53.0077807883911,18.6076215275837,Torun,2020,11,8,32.3053,9.6
53.0077807883911,18.6076215275837,Torun,2020,11,9,32.3062,9.4
53.0077807883911,18.6076215275837,Torun,2020,11,10,32.3064,10.3
53.0077807883911,18.6076215275837,Torun,2020,11,11,32.3064,10.2
53.0077807883911,18.6076215275837,Torun,2020,11,12,32.3072,9.2
53.0077807883911,18.6076215275837,Torun,2020,11,13,32.3064,8.8
53.0077807883911,18.6076215275837,Torun,2020,11,14,32.3056,8.6
53.0077807883911,18.6076215275837,Torun,2020,11,15,32.305,8.5
53.0077807883911,18.6076215275837,Torun,2020,11,16,32.3046,8.3
53.0077807883911,18.6076215275837,Torun,2020,11,17,32.3038,8.2
53.0077807883911,18.6076215275837,Torun,2020,11,18,32.3031,8.0
53.0077807883911,18.6076215275837,Torun,2020,11,19,32.3024,7.8
53.0077807883911,18.6076215275837,Torun,2020,11,20,32.3022,7.7
53.0077807883911,18.6076215275837,Torun,2020,11,21,32.3022,7.7
53.0077807883911,18.6076215275837,Torun,2020,11,22,32.3015,7.1
53.0077807883911,18.6076215275837,Torun,2020,11,23,32.3013,6.9
53.0077807883911,18.6076215275837,Torun,2020,11,24,32.3011,6.5
53.0077807883911,18.6076215275837,Torun,2020,11,25,32.3005,6.0
53.0077807883911,18.6076215275837,Torun,2020,11,26,32.3009,5.6
53.0077807883911,18.6076215275837,Torun,2020,11,27,32.3006,5.2
53.0077807883911,18.6076215275837,Torun,2020,11,28,32.2998,5.2
53.0077807883911,18.6076215275837,Torun,2020,11,29,32.2998,5.2
53.0077807883911,18.6076215275837,Torun,2020,11,30,32.2996,4.8
53.0077807883911,18.6076215275837,Torun,2021,5,1,32.3126,10.5
53.0077807883911,18.6076215275837,Torun,2021,5,2,32.311,10.6
53.0077807883911,18.6076215275837,Torun,2021,5,3,32.311,10.7
53.0077807883911,18.6076215275837,Torun,2021,5,4,32.3107,10.7
53.0077807883911,18.6076215275837,Torun,2021,5,5,32.3098,10.8
53.0077807883911,18.6076215275837,Torun,2021,5,6,32.3107,11.0
53.0077807883911,18.6076215275837,Torun,2021,5,7,32.3118,10.9
53.0077807883911,18.6076215275837,Torun,2021,5,8,32.3127,10.9
53.0077807883911,18.6076215275837,Torun,2021,5,9,32.3129,11.1
53.0077807883911,18.6076215275837,Torun,2021,5,10,32.3126,12.3
53.0077807883911,18.6076215275837,Torun,2021,5,11,32.3124,12.4
53.0077807883911,18.6076215275837,Torun,2021,5,12,32.3134,12.5
53.0077807883911,18.6076215275837,Torun,2021,5,13,32.3131,12.7
53.0077807883911,18.6076215275837,Torun,2021,5,14,32.312,13.0
53.0077807883911,18.6076215275837,Torun,2021,5,15,32.3092,14.5
53.0077807883911,18.6076215275837,Torun,2021,5,16,32.3067,15.9
53.0077807883911,18.6076215275837,Torun,2021,5,17,32.3074,17.5
53.0077807883911,18.6076215275837,Torun,2021,5,18,32.3087,17.8
53.0077807883911,18.6076215275837,Torun,2021,5,19,32.3085,18.0
53.0077807883911,18.6076215275837,Torun,2021,5,20,32.3082,18.1
53.0077807883911,18.6076215275837,Torun,2021,5,21,32.3126,18.1
53.0077807883911,18.6076215275837,Torun,2021,5,22,32.3124,17.2
53.0077807883911,18.6076215275837,Torun,2021,5,23,32.3125,17.3
53.0077807883911,18.6076215275837,Torun,2021,5,24,32.3169,16.8
53.0077807883911,18.6076215275837,Torun,2021,5,25,32.3199,16.9
53.0077807883911,18.6076215275837,Torun,2021,5,26,32.3163,16.9
53.0077807883911,18.6076215275837,Torun,2021,5,27,32.3096,16.8
53.0077807883911,18.6076215275837,Torun,2021,5,28,32.3075,17.0
53.0077807883911,18.6076215275837,Torun,2021,5,29,32.3089,17.1
53.0077807883911,18.6076215275837,Torun,2021,5,30,32.3082,17.1
53.0077807883911,18.6076215275837,Torun,2021,5,31,32.3071,16.6
53.0077807883911,18.6076215275837,Torun,2021,6,1,32.3065,16.7
53.0077807883911,18.6076215275837,Torun,2021,6,2,32.3059,16.8
53.0077807883911,18.6076215275837,Torun,2021,6,3,32.3052,17.1
53.0077807883911,18.6076215275837,Torun,2021,6,4,32.3042,17.3
53.0077807883911,18.6076215275837,Torun,2021,6,5,32.3044,17.6
53.0077807883911,18.6076215275837,Torun,2021,6,6,32.3051,17.8
53.0077807883911,18.6076215275837,Torun,2021,6,7,32.3049,18.7
53.0077807883911,18.6076215275837,Torun,2021,6,8,32.3034,19.9
53.0077807883911,18.6076215275837,Torun,2021,6,9,32.3012,20.3
53.0077807883911,18.6076215275837,Torun,2021,6,10,32.3005,20.5
53.0077807883911,18.6076215275837,Torun,2021,6,11,32.3012,20.9
53.0077807883911,18.6076215275837,Torun,2021,6,12,32.3007,21.1
53.0077807883911,18.6076215275837,Torun,2021,6,13,32.3002,21.2
53.0077807883911,18.6076215275837,Torun,2021,6,14,32.2996,20.4
53.0077807883911,18.6076215275837,Torun,2021,6,15,32.2995,20.5
53.0077807883911,18.6076215275837,Torun,2021,6,16,32.2993,20.7
53.0077807883911,18.6076215275837,Torun,2021,6,17,32.2986,21.0
53.0077807883911,18.6076215275837,Torun,2021,6,18,32.2979,21.3
53.0077807883911,18.6076215275837,Torun,2021,6,19,32.2983,22.7
53.0077807883911,18.6076215275837,Torun,2021,6,20,32.2983,23.6
53.0077807883911,18.6076215275837,Torun,2021,6,21,32.2981,24.7
53.0077807883911,18.6076215275837,Torun,2021,6,22,32.2976,25.0
53.0077807883911,18.6076215275837,Torun,2021,6,23,32.2966,24.4
53.0077807883911,18.6076215275837,Torun,2021,6,24,32.2967,24.6
53.0077807883911,18.6076215275837,Torun,2021,6,25,32.2969,24.9
53.0077807883911,18.6076215275837,Torun,2021,6,26,32.2959,25.2
53.0077807883911,18.6076215275837,Torun,2021,6,27,32.2958,25.4
53.0077807883911,18.6076215275837,Torun,2021,6,28,32.2963,24.8
53.0077807883911,18.6076215275837,Torun,2021,6,29,32.2966,25.0
53.0077807883911,18.6076215275837,Torun,2021,6,30,32.2965,25.3
53.0077807883911,18.6076215275837,Torun,2021,7,1,32.2976,25.1
53.0077807883911,18.6076215275837,Torun,2021,7,2,32.2994,25.2
53.0077807883911,18.6076215275837,Torun,2021,7,3,32.2985,25.4
53.0077807883911,18.6076215275837,Torun,2021,7,4,32.2979,25.5
53.0077807883911,18.6076215275837,Torun,2021,7,5,32.2991,25.7
53.0077807883911,18.6076215275837,Torun,2021,7,6,32.2983,24.5
53.0077807883911,18.6076215275837,Torun,2021,7,7,32.2994,24.8
53.0077807883911,18.6076215275837,Torun,2021,7,8,32.3009,25.3
53.0077807883911,18.6076215275837,Torun,2021,7,9,32.3019,25.5
53.0077807883911,18.6076215275837,Torun,2021,7,10,32.3016,25.6
53.0077807883911,18.6076215275837,Torun,2021,7,11,32.3012,25.6
53.0077807883911,18.6076215275837,Torun,2021,7,12,32.3007,24.5
53.0077807883911,18.6076215275837,Torun,2021,7,13,32.2993,24.6
53.0077807883911,18.6076215275837,Torun,2021,7,14,32.2989,25.1
53.0077807883911,18.6076215275837,Torun,2021,7,15,32.2999,25.6
53.0077807883911,18.6076215275837,Torun,2021,7,16,32.3006,25.8
53.0077807883911,18.6076215275837,Torun,2021,7,17,32.3009,26.0
53.0077807883911,18.6076215275837,Torun,2021,7,18,32.3024,26.1
53.0077807883911,18.6076215275837,Torun,2021,7,19,32.3029,26.2
53.0077807883911,18.6076215275837,Torun,2021,7,20,32.303,26.2
53.0077807883911,18.6076215275837,Torun,2021,7,21,32.3017,26.0
53.0077807883911,18.6076215275837,Torun,2021,7,22,32.3015,25.8
53.0077807883911,18.6076215275837,Torun,2021,7,23,32.3014,25.7
53.0077807883911,18.6076215275837,Torun,2021,7,24,32.3016,25.7
53.0077807883911,18.6076215275837,Torun,2021,7,25,32.3022,25.8
53.0077807883911,18.6076215275837,Torun,2021,7,26,32.3006,24.1
53.0077807883911,18.6076215275837,Torun,2021,7,27,32.3001,24.0
53.0077807883911,18.6076215275837,Torun,2021,7,28,32.2996,23.9
53.0077807883911,18.6076215275837,Torun,2021,7,29,32.2988,24.0
53.0077807883911,18.6076215275837,Torun,2021,7,30,32.2982,24.2
53.0077807883911,18.6076215275837,Torun,2021,7,31,32.2977,24.3
53.0077807883911,18.6076215275837,Torun,2021,8,1,32.2972,24.0
53.0077807883911,18.6076215275837,Torun,2021,8,2,32.297,24.1
53.0077807883911,18.6076215275837,Torun,2021,8,3,32.2969,24.3
53.0077807883911,18.6076215275837,Torun,2021,8,4,32.2976,24.3
53.0077807883911,18.6076215275837,Torun,2021,8,5,32.2971,24.2
53.0077807883911,18.6076215275837,Torun,2021,8,6,32.2969,24.0
53.0077807883911,18.6076215275837,Torun,2021,8,7,32.2991,23.8
53.0077807883911,18.6076215275837,Torun,2021,8,8,32.2998,23.7
53.0077807883911,18.6076215275837,Torun,2021,8,9,32.3002,21.7
53.0077807883911,18.6076215275837,Torun,2021,8,10,32.3025,21.8
53.0077807883911,18.6076215275837,Torun,2021,8,11,32.3054,21.7
53.0077807883911,18.6076215275837,Torun,2021,8,12,32.31,21.2
53.0077807883911,18.6076215275837,Torun,2021,8,13,32.3117,21.1
53.0077807883911,18.6076215275837,Torun,2021,8,14,32.3097,21.2
53.0077807883911,18.6076215275837,Torun,2021,8,15,32.3077,21.3
53.0077807883911,18.6076215275837,Torun,2021,8,16,32.3072,22.6
53.0077807883911,18.6076215275837,Torun,2021,8,17,32.3056,22.5
53.0077807883911,18.6076215275837,Torun,2021,8,18,32.3032,22.4
53.0077807883911,18.6076215275837,Torun,2021,8,19,32.3018,22.2
53.0077807883911,18.6076215275837,Torun,2021,8,20,32.3023,22.0
53.0077807883911,18.6076215275837,Torun,2021,8,21,32.3015,22.0
53.0077807883911,18.6076215275837,Torun,2021,8,22,32.3007,21.8
53.0077807883911,18.6076215275837,Torun,2021,8,23,32.3005,20.0
53.0077807883911,18.6076215275837,Torun,2021,8,24,32.3007,19.9
53.0077807883911,18.6076215275837,Torun,2021,8,25,32.3016,19.7
53.0077807883911,18.6076215275837,Torun,2021,8,26,32.3016,19.3
53.0077807883911,18.6076215275837,Torun,2021,8,27,32.3001,19.5
53.0077807883911,18.6076215275837,Torun,2021,8,28,32.2995,19.6
53.0077807883911,18.6076215275837,Torun,2021,8,29,32.3026,19.5
53.0077807883911,18.6076215275837,Torun,2021,8,30,32.3056,19.8
53.0077807883911,18.6076215275837,Torun,2021,8,31,32.3083,19.7
53.0077807883911,18.6076215275837,Torun,2021,9,1,32.3086,18.3
53.0077807883911,18.6076215275837,Torun,2021,9,2,32.3132,18.1
53.0077807883911,18.6076215275837,Torun,2021,9,3,32.3102,17.9
53.0077807883911,18.6076215275837,Torun,2021,9,4,32.3116,17.6
53.0077807883911,18.6076215275837,Torun,2021,9,5,32.319,17.2
53.0077807883911,18.6076215275837,Torun,2021,9,6,32.3214,17.4
53.0077807883911,18.6076215275837,Torun,2021,9,7,32.3263,17.5
53.0077807883911,18.6076215275837,Torun,2021,9,8,32.3288,17.5
53.0077807883911,18.6076215275837,Torun,2021,9,9,32.3248,17.6
53.0077807883911,18.6076215275837,Torun,2021,9,10,32.3218,17.9
53.0077807883911,18.6076215275837,Torun,2021,9,11,32.3143,18.0
53.0077807883911,18.6076215275837,Torun,2021,9,12,32.312,18.2
53.0077807883911,18.6076215275837,Torun,2021,9,13,32.3091,18.9
53.0077807883911,18.6076215275837,Torun,2021,9,14,32.3077,18.9
53.0077807883911,18.6076215275837,Torun,2021,9,15,32.3056,18.8
53.0077807883911,18.6076215275837,Torun,2021,9,16,32.3051,18.8
53.0077807883911,18.6076215275837,Torun,2021,9,17,32.3048,19.0
53.0077807883911,18.6076215275837,Torun,2021,9,18,32.305,19.1
53.0077807883911,18.6076215275837,Torun,2021,9,19,32.3043,18.9
53.0077807883911,18.6076215275837,Torun,2021,9,20,32.3019,17.1
53.0077807883911,18.6076215275837,Torun,2021,9,21,32.3042,16.2
53.0077807883911,18.6076215275837,Torun,2021,9,22,32.3092,16.0
53.0077807883911,18.6076215275837,Torun,2021,9,23,32.3125,15.6
53.0077807883911,18.6076215275837,Torun,2021,9,24,32.3163,15.4
53.0077807883911,18.6076215275837,Torun,2021,9,25,32.3144,13.9
53.0077807883911,18.6076215275837,Torun,2021,9,26,32.3094,13.7
53.0077807883911,18.6076215275837,Torun,2021,9,27,32.3086,14.5
53.0077807883911,18.6076215275837,Torun,2021,9,28,32.309,14.6
53.0077807883911,18.6076215275837,Torun,2021,9,29,32.3081,14.3
53.0077807883911,18.6076215275837,Torun,2021,9,30,32.3061,14.1
53.0077807883911,18.6076215275837,Torun,2021,10,1,32.3052,14.1
53.0077807883911,18.6076215275837,Torun,2021,10,2,32.3057,13.9
53.0077807883911,18.6076215275837,Torun,2021,10,3,32.3046,13.8
53.0077807883911,18.6076215275837,Torun,2021,10,4,32.3046,14.4
53.0077807883911,18.6076215275837,Torun,2021,10,5,32.3045,14.3
53.0077807883911,18.6076215275837,Torun,2021,10,6,32.3062,14.5
53.0077807883911,18.6076215275837,Torun,2021,10,7,32.3078,14.4
53.0077807883911,18.6076215275837,Torun,2021,10,8,32.305,13.9
53.0077807883911,18.6076215275837,Torun,2021,10,9,32.3027,13.2
53.0077807883911,18.6076215275837,Torun,2021,10,10,32.3033,12.9
53.0077807883911,18.6076215275837,Torun,2021,10,11,32.3021,12.4
53.0077807883911,18.6076215275837,Torun,2021,10,12,32.3029,12.2
53.0077807883911,18.6076215275837,Torun,2021,10,13,32.305,12.2
53.0077807883911,18.6076215275837,Torun,2021,10,14,32.3037,11.4
53.0077807883911,18.6076215275837,Torun,2021,10,15,32.3032,11.1
53.0077807883911,18.6076215275837,Torun,2021,10,16,32.302,11.3
53.0077807883911,18.6076215275837,Torun,2021,10,17,32.3014,11.2
53.0077807883911,18.6076215275837,Torun,2021,10,18,32.3012,10.7
53.0077807883911,18.6076215275837,Torun,2021,10,19,32.3015,10.5
53.0077807883911,18.6076215275837,Torun,2021,10,20,32.302,10.3
53.0077807883911,18.6076215275837,Torun,2021,10,21,32.3022,10.2
53.0077807883911,18.6076215275837,Torun,2021,10,22,32.3022,11.1
53.0077807883911,18.6076215275837,Torun,2021,10,23,32.3016,11.0
53.0077807883911,18.6076215275837,Torun,2021,10,24,32.3012,10.7
53.0077807883911,18.6076215275837,Torun,2021,10,25,32.3007,9.8
53.0077807883911,18.6076215275837,Torun,2021,10,26,32.2999,9.7
53.0077807883911,18.6076215275837,Torun,2021,10,27,32.299,9.8
53.0077807883911,18.6076215275837,Torun,2021,10,28,32.2986,9.8
53.0077807883911,18.6076215275837,Torun,2021,10,29,32.2985,9.5
53.0077807883911,18.6076215275837,Torun,2021,10,30,32.2989,9.4
53.0077807883911,18.6076215275837,Torun,2021,10,31,32.2995,9.2
53.0077807883911,18.6076215275837,Torun,2021,11,1,32.2995,9.3
53.0077807883911,18.6076215275837,Torun,2021,11,2,32.2992,9.2
53.0077807883911,18.6076215275837,Torun,2021,11,3,32.299,9.2
53.0077807883911,18.6076215275837,Torun,2021,11,4,32.299,9.1
53.0077807883911,18.6076215275837,Torun,2021,11,5,32.2993,9.1
53.0077807883911,18.6076215275837,Torun,2021,11,6,32.299,8.8
53.0077807883911,18.6076215275837,Torun,2021,11,7,32.2986,8.7
53.0077807883911,18.6076215275837,Torun,2021,11,8,32.2987,8.7
53.0077807883911,18.6076215275837,Torun,2021,11,9,32.3005,8.5
53.0077807883911,18.6076215275837,Torun,2021,11,10,32.3002,8.1
53.0077807883911,18.6076215275837,Torun,2021,11,11,32.3001,7.6
53.0077807883911,18.6076215275837,Torun,2021,11,12,32.2997,7.5
53.0077807883911,18.6076215275837,Torun,2021,11,13,32.2997,7.4
53.0077807883911,18.6076215275837,Torun,2021,11,14,32.2997,7.3
53.0077807883911,18.6076215275837,Torun,2021,11,15,32.2992,7.3
53.0077807883911,18.6076215275837,Torun,2021,11,16,32.2985,7.2
53.0077807883911,18.6076215275837,Torun,2021,11,17,32.299,7.0
53.0077807883911,18.6076215275837,Torun,2021,11,18,32.2987,6.9
53.0077807883911,18.6076215275837,Torun,2021,11,19,32.2978,7.0
53.0077807883911,18.6076215275837,Torun,2021,11,20,32.2967,7.1
53.0077807883911,18.6076215275837,Torun,2021,11,21,32.2962,7.1
53.0077807883911,18.6076215275837,Torun,2021,11,22,32.2979,7.3
53.0077807883911,18.6076215275837,Torun,2021,11,23,32.2999,7.2
53.0077807883911,18.6076215275837,Torun,2021,11,24,32.3012,7.2
53.0077807883911,18.6076215275837,Torun,2021,11,25,32.2995,7.2
53.0077807883911,18.6076215275837,Torun,2021,11,26,32.2969,6.7
53.0077807883911,18.6076215275837,Torun,2021,11,27,32.2981,6.5
53.0077807883911,18.6076215275837,Torun,2021,11,28,32.3003,6.4
53.0077807883911,18.6076215275837,Torun,2021,11,29,32.3003,6.2
53.0077807883911,18.6076215275837,Torun,2021,11,30,32.2989,6.1
53.0077807883911,18.6076215275837,Torun,2022,5,1,32.3068,12.7
53.0077807883911,18.6076215275837,Torun,2022,5,2,32.3084,12.8
53.0077807883911,18.6076215275837,Torun,2022,5,3,32.3086,13.0
53.0077807883911,18.6076215275837,Torun,2022,5,4,32.308,13.9
53.0077807883911,18.6076215275837,Torun,2022,5,5,32.3062,14.5
53.0077807883911,18.6076215275837,Torun,2022,5,6,32.3058,15.8
53.0077807883911,18.6076215275837,Torun,2022,5,7,32.3058,16.0
53.0077807883911,18.6076215275837,Torun,2022,5,8,32.3048,16.1
53.0077807883911,18.6076215275837,Torun,2022,5,9,32.3035,16.3
53.0077807883911,18.6076215275837,Torun,2022,5,10,32.303,16.4
53.0077807883911,18.6076215275837,Torun,2022,5,11,32.3035,16.5
53.0077807883911,18.6076215275837,Torun,2022,5,12,32.3035,16.6
53.0077807883911,18.6076215275837,Torun,2022,5,13,32.3036,16.9
53.0077807883911,18.6076215275837,Torun,2022,5,14,32.3031,17.2
53.0077807883911,18.6076215275837,Torun,2022,5,15,32.3021,17.3
53.0077807883911,18.6076215275837,Torun,2022,5,16,32.302,17.5
53.0077807883911,18.6076215275837,Torun,2022,5,17,32.3024,17.5
53.0077807883911,18.6076215275837,Torun,2022,5,18,32.3011,17.0
53.0077807883911,18.6076215275837,Torun,2022,5,19,32.3,17.1
53.0077807883911,18.6076215275837,Torun,2022,5,20,32.2989,17.3
53.0077807883911,18.6076215275837,Torun,2022,5,21,32.299,18.9
53.0077807883911,18.6076215275837,Torun,2022,5,22,32.2992,18.8
53.0077807883911,18.6076215275837,Torun,2022,5,23,32.2995,17.4
53.0077807883911,18.6076215275837,Torun,2022,5,24,32.2995,17.8
53.0077807883911,18.6076215275837,Torun,2022,5,25,32.2989,17.4
53.0077807883911,18.6076215275837,Torun,2022,5,26,32.2986,17.7
53.0077807883911,18.6076215275837,Torun,2022,5,27,32.2975,17.4
53.0077807883911,18.6076215275837,Torun,2022,5,28,32.2961,15.7
53.0077807883911,18.6076215275837,Torun,2022,5,29,32.2972,15.6
53.0077807883911,18.6076215275837,Torun,2022,5,30,32.2976,14.7
53.0077807883911,18.6076215275837,Torun,2022,5,31,32.2984,14.5
53.0077807883911,18.6076215275837,Torun,2022,6,1,32.2986,16.5
53.0077807883911,18.6076215275837,Torun,2022,6,2,32.2986,16.3
53.0077807883911,18.6076215275837,Torun,2022,6,3,32.2978,16.1
53.0077807883911,18.6076215275837,Torun,2022,6,4,32.2966,17.8
53.0077807883911,18.6076215275837,Torun,2022,6,5,32.2981,17.9
53.0077807883911,18.6076215275837,Torun,2022,6,6,32.2989,18.1
53.0077807883911,18.6076215275837,Torun,2022,6,7,32.2977,19.1
53.0077807883911,18.6076215275837,Torun,2022,6,8,32.2977,20.4
53.0077807883911,18.6076215275837,Torun,2022,6,9,32.2981,20.5
53.0077807883911,18.6076215275837,Torun,2022,6,10,32.2972,20.7
53.0077807883911,18.6076215275837,Torun,2022,6,11,32.2968,20.8
53.0077807883911,18.6076215275837,Torun,2022,6,12,32.2971,21.0
53.0077807883911,18.6076215275837,Torun,2022,6,13,32.2971,21.3
53.0077807883911,18.6076215275837,Torun,2022,6,14,32.2965,21.2
53.0077807883911,18.6076215275837,Torun,2022,6,15,32.2962,19.8
53.0077807883911,18.6076215275837,Torun,2022,6,16,32.2963,19.9
53.0077807883911,18.6076215275837,Torun,2022,6,17,32.2982,20.0
53.0077807883911,18.6076215275837,Torun,2022,6,18,32.2984,21.4
53.0077807883911,18.6076215275837,Torun,2022,6,19,32.2978,21.7
53.0077807883911,18.6076215275837,Torun,2022,6,20,32.2976,21.8
53.0077807883911,18.6076215275837,Torun,2022,6,21,32.2971,17.6
53.0077807883911,18.6076215275837,Torun,2022,6,22,32.2964,17.7
53.0077807883911,18.6076215275837,Torun,2022,6,23,32.2968,21.5
53.0077807883911,18.6076215275837,Torun,2022,6,24,32.2968,21.7
53.0077807883911,18.6076215275837,Torun,2022,6,25,32.2961,21.9
53.0077807883911,18.6076215275837,Torun,2022,6,26,32.2955,22.1
53.0077807883911,18.6076215275837,Torun,2022,6,27,32.2947,23.6
53.0077807883911,18.6076215275837,Torun,2022,6,28,32.2947,23.8
53.0077807883911,18.6076215275837,Torun,2022,6,29,32.2943,24.1
53.0077807883911,18.6076215275837,Torun,2022,6,30,32.2943,24.0
53.0077807883911,18.6076215275837,Torun,2022,7,1,32.2952,25.2
53.0077807883911,18.6076215275837,Torun,2022,7,2,32.2945,25.3
53.0077807883911,18.6076215275837,Torun,2022,7,3,32.2931,25.3
53.0077807883911,18.6076215275837,Torun,2022,7,4,32.2928,24.6
53.0077807883911,18.6076215275837,Torun,2022,7,5,32.2931,24.5
53.0077807883911,18.6076215275837,Torun,2022,7,6,32.2931,24.4
53.0077807883911,18.6076215275837,Torun,2022,7,7,32.2928,24.4
53.0077807883911,18.6076215275837,Torun,2022,7,8,32.2921,22.8
53.0077807883911,18.6076215275837,Torun,2022,7,9,32.2921,22.7
53.0077807883911,18.6076215275837,Torun,2022,7,10,32.2926,22.3
53.0077807883911,18.6076215275837,Torun,2022,7,11,32.2943,21.7
53.0077807883911,18.6076215275837,Torun,2022,7,12,32.2939,21.0
53.0077807883911,18.6076215275837,Torun,2022,7,13,32.2948,20.7
53.0077807883911,18.6076215275837,Torun,2022,7,14,32.2955,20.4
53.0077807883911,18.6076215275837,Torun,2022,7,15,32.2943,21.0
53.0077807883911,18.6076215275837,Torun,2022,7,16,32.2942,20.9
53.0077807883911,18.6076215275837,Torun,2022,7,17,32.294,19.1
53.0077807883911,18.6076215275837,Torun,2022,7,18,32.2939,18.9
53.0077807883911,18.6076215275837,Torun,2022,7,19,32.2946,21.0
53.0077807883911,18.6076215275837,Torun,2022,7,20,32.2945,21.5
53.0077807883911,18.6076215275837,Torun,2022,7,21,32.2943,21.7
53.0077807883911,18.6076215275837,Torun,2022,7,22,32.2939,23.4
53.0077807883911,18.6076215275837,Torun,2022,7,23,32.293,23.5
53.0077807883911,18.6076215275837,Torun,2022,7,24,32.2933,23.6
53.0077807883911,18.6076215275837,Torun,2022,7,25,32.2932,21.2
53.0077807883911,18.6076215275837,Torun,2022,7,26,32.2937,21.3
53.0077807883911,18.6076215275837,Torun,2022,7,27,32.2919,21.4
53.0077807883911,18.6076215275837,Torun,2022,7,28,32.2925,21.6
53.0077807883911,18.6076215275837,Torun,2022,7,29,32.2927,21.7
53.0077807883911,18.6076215275837,Torun,2022,7,30,32.2917,21.7
53.0077807883911,18.6076215275837,Torun,2022,7,31,32.2919,21.6
53.0077807883911,18.6076215275837,Torun,2022,8,1,32.2948,20.2
53.0077807883911,18.6076215275837,Torun,2022,8,2,32.293,20.1
53.0077807883911,18.6076215275837,Torun,2022,8,3,32.2931,20.1
53.0077807883911,18.6076215275837,Torun,2022,8,4,32.2937,20.5
53.0077807883911,18.6076215275837,Torun,2022,8,5,32.2937,23.4
53.0077807883911,18.6076215275837,Torun,2022,8,6,32.2937,23.5
53.0077807883911,18.6076215275837,Torun,2022,8,7,32.2925,23.7
53.0077807883911,18.6076215275837,Torun,2022,8,8,32.2945,21.0
53.0077807883911,18.6076215275837,Torun,2022,8,9,32.2954,21.1
53.0077807883911,18.6076215275837,Torun,2022,8,10,32.2943,21.3
53.0077807883911,18.6076215275837,Torun,2022,8,11,32.2936,20.9
53.0077807883911,18.6076215275837,Torun,2022,8,12,32.2934,23.0
53.0077807883911,18.6076215275837,Torun,2022,8,13,32.2923,23.2
53.0077807883911,18.6076215275837,Torun,2022,8,14,32.2924,23.3
53.0077807883911,18.6076215275837,Torun,2022,8,15,32.2926,23.5
53.0077807883911,18.6076215275837,Torun,2022,8,16,32.2924,24.0
53.0077807883911,18.6076215275837,Torun,2022,8,17,32.2918,23.3
53.0077807883911,18.6076215275837,Torun,2022,8,18,32.2917,25.0
53.0077807883911,18.6076215275837,Torun,2022,8,19,32.2923,25.1
53.0077807883911,18.6076215275837,Torun,2022,8,20,32.2924,25.5
53.0077807883911,18.6076215275837,Torun,2022,8,21,32.2931,25.6
53.0077807883911,18.6076215275837,Torun,2022,8,22,32.2926,23.7
53.0077807883911,18.6076215275837,Torun,2022,8,23,32.2919,23.8
53.0077807883911,18.6076215275837,Torun,2022,8,24,32.2912,24.0
53.0077807883911,18.6076215275837,Torun,2022,8,25,32.292,24.1
53.0077807883911,18.6076215275837,Torun,2022,8,26,32.2929,24.0
53.0077807883911,18.6076215275837,Torun,2022,8,27,32.2921,24.2
53.0077807883911,18.6076215275837,Torun,2022,8,28,32.2923,24.3
53.0077807883911,18.6076215275837,Torun,2022,8,29,32.2941,24.2
53.0077807883911,18.6076215275837,Torun,2022,8,30,32.2947,23.9
53.0077807883911,18.6076215275837,Torun,2022,8,31,32.295,23.7
53.0077807883911,18.6076215275837,Torun,2022,9,1,32.2948,21.8
53.0077807883911,18.6076215275837,Torun,2022,9,2,32.2936,21.6
53.0077807883911,18.6076215275837,Torun,2022,9,3,32.2929,21.7
53.0077807883911,18.6076215275837,Torun,2022,9,4,32.2936,21.1
53.0077807883911,18.6076215275837,Torun,2022,9,5,32.2931,20.0
53.0077807883911,18.6076215275837,Torun,2022,9,6,32.292,19.9
53.0077807883911,18.6076215275837,Torun,2022,9,7,32.2919,19.6
53.0077807883911,18.6076215275837,Torun,2022,9,8,32.2925,18.7
53.0077807883911,18.6076215275837,Torun,2022,9,9,32.2923,18.6
53.0077807883911,18.6076215275837,Torun,2022,9,10,32.2914,18.3
53.0077807883911,18.6076215275837,Torun,2022,9,11,32.2906,17.9
53.0077807883911,18.6076215275837,Torun,2022,9,12,32.2909,16.7
53.0077807883911,18.6076215275837,Torun,2022,9,13,32.2922,16.4
53.0077807883911,18.6076215275837,Torun,2022,9,14,32.2917,16.1
53.0077807883911,18.6076215275837,Torun,2022,9,15,32.2915,16.3
53.0077807883911,18.6076215275837,Torun,2022,9,16,32.2913,16.2
53.0077807883911,18.6076215275837,Torun,2022,9,17,32.2936,16.2
53.0077807883911,18.6076215275837,Torun,2022,9,18,32.2927,15.8
53.0077807883911,18.6076215275837,Torun,2022,9,19,32.2924,15.0
53.0077807883911,18.6076215275837,Torun,2022,9,20,32.2938,14.7
53.0077807883911,18.6076215275837,Torun,2022,9,21,32.2933,14.3
53.0077807883911,18.6076215275837,Torun,2022,9,22,32.2945,14.1
53.0077807883911,18.6076215275837,Torun,2022,9,23,32.2943,13.6
53.0077807883911,18.6076215275837,Torun,2022,9,24,32.2951,13.4
53.0077807883911,18.6076215275837,Torun,2022,9,25,32.2932,13.2
53.0077807883911,18.6076215275837,Torun,2022,9,26,32.2935,13.0
53.0077807883911,18.6076215275837,Torun,2022,9,27,32.2952,12.8
53.0077807883911,18.6076215275837,Torun,2022,9,28,32.2963,13.9
53.0077807883911,18.6076215275837,Torun,2022,9,29,32.2958,13.6
53.0077807883911,18.6076215275837,Torun,2022,9,30,32.2965,12.7
53.0077807883911,18.6076215275837,Torun,2022,10,1,32.2965,12.7
53.0077807883911,18.6076215275837,Torun,2022,10,2,32.2967,12.6
53.0077807883911,18.6076215275837,Torun,2022,10,3,32.2965,13.0
53.0077807883911,18.6076215275837,Torun,2022,10,4,32.2969,13.2
53.0077807883911,18.6076215275837,Torun,2022,10,5,32.2969,13.3
53.0077807883911,18.6076215275837,Torun,2022,10,6,32.2983,12.8
53.0077807883911,18.6076215275837,Torun,2022,10,7,32.2998,12.8
53.0077807883911,18.6076215275837,Torun,2022,10,8,32.3005,12.7
53.0077807883911,18.6076215275837,Torun,2022,10,9,32.2985,12.4
53.0077807883911,18.6076215275837,Torun,2022,10,10,32.2988,12.5
53.0077807883911,18.6076215275837,Torun,2022,10,11,32.3009,12.2
53.0077807883911,18.6076215275837,Torun,2022,10,12,32.3013,11.9
53.0077807883911,18.6076215275837,Torun,2022,10,13,32.3002,11.1
53.0077807883911,18.6076215275837,Torun,2022,10,14,32.2999,12.2
53.0077807883911,18.6076215275837,Torun,2022,10,15,32.2995,11.9
53.0077807883911,18.6076215275837,Torun,2022,10,16,32.2987,12.0
53.0077807883911,18.6076215275837,Torun,2022,10,17,32.2977,12.9
53.0077807883911,18.6076215275837,Torun,2022,10,18,32.2975,13.0
53.0077807883911,18.6076215275837,Torun,2022,10,19,32.2975,12.7
53.0077807883911,18.6076215275837,Torun,2022,10,20,32.2989,11.6
53.0077807883911,18.6076215275837,Torun,2022,10,21,32.2991,11.3
53.0077807883911,18.6076215275837,Torun,2022,10,22,32.2963,10.9
53.0077807883911,18.6076215275837,Torun,2022,10,23,32.2969,10.7
53.0077807883911,18.6076215275837,Torun,2022,10,24,32.2969,12.0
53.0077807883911,18.6076215275837,Torun,2022,10,25,32.2968,12.1
53.0077807883911,18.6076215275837,Torun,2022,10,26,32.2966,11.9
53.0077807883911,18.6076215275837,Torun,2022,10,27,32.296,11.7
53.0077807883911,18.6076215275837,Torun,2022,10,28,32.297,11.4
53.0077807883911,18.6076215275837,Torun,2022,10,29,32.2972,12.1
53.0077807883911,18.6076215275837,Torun,2022,10,30,32.2964,11.9
53.0077807883911,18.6076215275837,Torun,2022,10,31,32.2961,11.7
53.0077807883911,18.6076215275837,Torun,2022,11,1,32.3304,12.5
53.0077807883911,18.6076215275837,Torun,2022,11,2,32.3347,12.3
53.0077807883911,18.6076215275837,Torun,2022,11,3,32.3322,12.2
53.0077807883911,18.6076215275837,Torun,2022,11,4,32.3371,11.5
53.0077807883911,18.6076215275837,Torun,2022,11,5,32.3339,11.2
53.0077807883911,18.6076215275837,Torun,2022,11,6,32.3315,10.8
53.0077807883911,18.6076215275837,Torun,2022,11,7,32.3288,10.5
53.0077807883911,18.6076215275837,Torun,2022,11,8,32.3266,10.2
53.0077807883911,18.6076215275837,Torun,2022,11,9,32.3322,9.8
53.0077807883911,18.6076215275837,Torun,2022,11,10,32.3319,9.7
53.0077807883911,18.6076215275837,Torun,2022,11,11,32.3314,10.3
53.0077807883911,18.6076215275837,Torun,2022,11,12,32.3294,10.2
53.0077807883911,18.6076215275837,Torun,2022,11,13,32.3294,10.0
53.0077807883911,18.6076215275837,Torun,2022,11,14,32.3358,9.7
53.0077807883911,18.6076215275837,Torun,2022,11,15,32.3399,10.6
53.0077807883911,18.6076215275837,Torun,2022,11,16,32.3311,9.6
53.0077807883911,18.6076215275837,Torun,2022,11,17,32.3303,8.1
53.0077807883911,18.6076215275837,Torun,2022,11,18,32.3317,7.8
53.0077807883911,18.6076215275837,Torun,2022,11,19,32.3286,6.0
53.0077807883911,18.6076215275837,Torun,2022,11,20,32.325,5.8
53.0077807883911,18.6076215275837,Torun,2022,11,21,32.3229,4.9
53.0077807883911,18.6076215275837,Torun,2022,11,22,32.3296,4.7
53.0077807883911,18.6076215275837,Torun,2022,11,23,32.3347,4.6
53.0077807883911,18.6076215275837,Torun,2022,11,24,32.3317,4.5
53.0077807883911,18.6076215275837,Torun,2022,11,25,32.3305,4.4
53.0077807883911,18.6076215275837,Torun,2022,11,26,32.3286,3.6
53.0077807883911,18.6076215275837,Torun,2022,11,27,32.3286,3.6
53.0077807883911,18.6076215275837,Torun,2022,11,28,32.3286,3.7
53.0077807883911,18.6076215275837,Torun,2022,11,29,32.3313,3.8
53.0077807883911,18.6076215275837,Torun,2022,11,30,32.3289,3.5
53.0077807883911,18.6076215275837,Torun,2023,5,1,32.4056,13.9
53.0077807883911,18.6076215275837,Torun,2023,5,2,32.4056,13.7
53.0077807883911,18.6076215275837,Torun,2023,5,3,32.4066,13.1
53.0077807883911,18.6076215275837,Torun,2023,5,4,32.3976,13.0
53.0077807883911,18.6076215275837,Torun,2023,5,5,32.3866,15.6
53.0077807883911,18.6076215275837,Torun,2023,5,6,32.3926,14.8
53.0077807883911,18.6076215275837,Torun,2023,5,7,32.3936,14.5
53.0077807883911,18.6076215275837,Torun,2023,5,8,32.3856,13.9
53.0077807883911,18.6076215275837,Torun,2023,5,9,32.3876,15.4
53.0077807883911,18.6076215275837,Torun,2023,5,10,32.3946,14.6
53.0077807883911,18.6076215275837,Torun,2023,5,11,32.4016,13.7
53.0077807883911,18.6076215275837,Torun,2023,5,12,32.3906,15.9
53.0077807883911,18.6076215275837,Torun,2023,5,13,32.376,16.0
53.0077807883911,18.6076215275837,Torun,2023,5,14,32.373,16.1
53.0077807883911,18.6076215275837,Torun,2023,5,15,32.3806,17.0
53.0077807883911,18.6076215275837,Torun,2023,5,16,32.378,17.1
53.0077807883911,18.6076215275837,Torun,2023,5,17,32.3753,16.2
53.0077807883911,18.6076215275837,Torun,2023,5,18,32.375,15.9
53.0077807883911,18.6076215275837,Torun,2023,5,19,32.3705,17.1
53.0077807883911,18.6076215275837,Torun,2023,5,20,32.3681,16.2
53.0077807883911,18.6076215275837,Torun,2023,5,21,32.3782,16.4
53.0077807883911,18.6076215275837,Torun,2023,5,22,32.3896,18.1
53.0077807883911,18.6076215275837,Torun,2023,5,23,32.4096,18.2
53.0077807883911,18.6076215275837,Torun,2023,5,24,32.4426,18.2
53.0077807883911,18.6076215275837,Torun,2023,5,25,32.4306,18.4
53.0077807883911,18.6076215275837,Torun,2023,5,26,32.4066,19.5
53.0077807883911,18.6076215275837,Torun,2023,5,27,32.3936,19.9
53.0077807883911,18.6076215275837,Torun,2023,5,28,32.3936,19.8
53.0077807883911,18.6076215275837,Torun,2023,5,29,32.3836,20.5
53.0077807883911,18.6076215275837,Torun,2023,5,30,32.3745,20.6
53.0077807883911,18.6076215275837,Torun,2023,5,31,32.3706,20.7
53.0077807883911,18.6076215275837,Torun,2023,6,1,32.3699,20.9
53.0077807883911,18.6076215275837,Torun,2023,6,2,32.3679,20.8
53.0077807883911,18.6076215275837,Torun,2023,6,3,32.3618,20.6
53.0077807883911,18.6076215275837,Torun,2023,6,4,32.3561,20.5
53.0077807883911,18.6076215275837,Torun,2023,6,5,32.3548,21.3
53.0077807883911,18.6076215275837,Torun,2023,6,6,32.3515,21.4
53.0077807883911,18.6076215275837,Torun,2023,6,7,32.3441,21.4
53.0077807883911,18.6076215275837,Torun,2023,6,8,32.3422,21.5
53.0077807883911,18.6076215275837,Torun,2023,6,9,32.3437,23.1
53.0077807883911,18.6076215275837,Torun,2023,6,10,32.3412,23.2
53.0077807883911,18.6076215275837,Torun,2023,6,11,32.34,23.3
53.0077807883911,18.6076215275837,Torun,2023,6,12,32.3361,23.2
53.0077807883911,18.6076215275837,Torun,2023,6,13,32.3312,22.4
53.0077807883911,18.6076215275837,Torun,2023,6,14,32.328,22.2
53.0077807883911,18.6076215275837,Torun,2023,6,15,32.3326,21.2
53.0077807883911,18.6076215275837,Torun,2023,6,16,32.3373,21.0
53.0077807883911,18.6076215275837,Torun,2023,6,17,32.3397,19.8
53.0077807883911,18.6076215275837,Torun,2023,6,18,32.3391,19.7
53.0077807883911,18.6076215275837,Torun,2023,6,19,32.3389,19.9
53.0077807883911,18.6076215275837,Torun,2023,6,20,32.3389,23.4
53.0077807883911,18.6076215275837,Torun,2023,6,21,32.3413,23.6
53.0077807883911,18.6076215275837,Torun,2023,6,22,32.3421,24.0
53.0077807883911,18.6076215275837,Torun,2023,6,23,32.3409,24.1
53.0077807883911,18.6076215275837,Torun,2023,6,24,32.3386,22.6
53.0077807883911,18.6076215275837,Torun,2023,6,25,32.339,22.5
53.0077807883911,18.6076215275837,Torun,2023,6,26,32.3397,24.2
53.0077807883911,18.6076215275837,Torun,2023,6,27,32.3396,23.9
53.0077807883911,18.6076215275837,Torun,2023,6,28,32.3384,22.5
53.0077807883911,18.6076215275837,Torun,2023,6,29,32.3357,22.6
53.0077807883911,18.6076215275837,Torun,2023,6,30,32.3436,22.7
53.0077807883911,18.6076215275837,Torun,2023,7,1,32.3532,22.4
53.0077807883911,18.6076215275837,Torun,2023,7,2,32.3508,22.7
53.0077807883911,18.6076215275837,Torun,2023,7,3,32.3424,22.3
53.0077807883911,18.6076215275837,Torun,2023,7,4,32.3366,21.4
53.0077807883911,18.6076215275837,Torun,2023,7,5,32.3334,21.2
53.0077807883911,18.6076215275837,Torun,2023,7,6,32.3396,22.4
53.0077807883911,18.6076215275837,Torun,2023,7,7,32.3344,22.1
53.0077807883911,18.6076215275837,Torun,2023,7,8,32.3347,22.4
53.0077807883911,18.6076215275837,Torun,2023,7,9,32.3348,22.3
53.0077807883911,18.6076215275837,Torun,2023,7,10,32.3322,23.1
53.0077807883911,18.6076215275837,Torun,2023,7,11,32.329,23.5
53.0077807883911,18.6076215275837,Torun,2023,7,12,32.3265,23.7
53.0077807883911,18.6076215275837,Torun,2023,7,13,32.3237,23.8
53.0077807883911,18.6076215275837,Torun,2023,7,14,32.3239,22.9
53.0077807883911,18.6076215275837,Torun,2023,7,15,32.3235,23.6
53.0077807883911,18.6076215275837,Torun,2023,7,16,32.324,23.9
53.0077807883911,18.6076215275837,Torun,2023,7,17,32.3216,24.3
53.0077807883911,18.6076215275837,Torun,2023,7,18,32.3214,24.4
53.0077807883911,18.6076215275837,Torun,2023,7,19,32.3184,24.1
53.0077807883911,18.6076215275837,Torun,2023,7,20,32.3208,22.6
53.0077807883911,18.6076215275837,Torun,2023,7,21,32.326,22.8
53.0077807883911,18.6076215275837,Torun,2023,7,22,32.3218,22.7
53.0077807883911,18.6076215275837,Torun,2023,7,23,32.3195,22.9
53.0077807883911,18.6076215275837,Torun,2023,7,24,32.3222,22.0
53.0077807883911,18.6076215275837,Torun,2023,7,25,32.3231,21.7
53.0077807883911,18.6076215275837,Torun,2023,7,26,32.3179,21.8
53.0077807883911,18.6076215275837,Torun,2023,7,27,32.3216,21.1
53.0077807883911,18.6076215275837,Torun,2023,7,28,32.3208,21.8
53.0077807883911,18.6076215275837,Torun,2023,7,29,32.3237,21.7
53.0077807883911,18.6076215275837,Torun,2023,7,30,32.3261,21.0
53.0077807883911,18.6076215275837,Torun,2023,7,31,32.3291,21.3
53.0077807883911,18.6076215275837,Torun,2023,8,1,32.3397,21.0
53.0077807883911,18.6076215275837,Torun,2023,8,2,32.3462,21.3
53.0077807883911,18.6076215275837,Torun,2023,8,3,32.347,21.2
53.0077807883911,18.6076215275837,Torun,2023,8,4,32.3412,21.4
53.0077807883911,18.6076215275837,Torun,2023,8,5,32.3317,21.1
53.0077807883911,18.6076215275837,Torun,2023,8,6,32.336,20.9
53.0077807883911,18.6076215275837,Torun,2023,8,7,32.3364,20.8
53.0077807883911,18.6076215275837,Torun,2023,8,8,32.3331,20.7
53.0077807883911,18.6076215275837,Torun,2023,8,9,32.336,20.5
53.0077807883911,18.6076215275837,Torun,2023,8,10,32.3455,19.7
53.0077807883911,18.6076215275837,Torun,2023,8,11,32.3503,19.5
53.0077807883911,18.6076215275837,Torun,2023,8,12,32.3762,19.8
53.0077807883911,18.6076215275837,Torun,2023,8,13,32.3976,20.1
53.0077807883911,18.6076215275837,Torun,2023,8,14,32.3762,21.4
53.0077807883911,18.6076215275837,Torun,2023,8,15,32.3522,21.7
53.0077807883911,18.6076215275837,Torun,2023,8,16,32.3557,22.4
53.0077807883911,18.6076215275837,Torun,2023,8,17,32.3475,22.6
53.0077807883911,18.6076215275837,Torun,2023,8,18,32.3434,24.7
53.0077807883911,18.6076215275837,Torun,2023,8,19,32.3418,25.3
53.0077807883911,18.6076215275837,Torun,2023,8,20,32.3347,25.5
53.0077807883911,18.6076215275837,Torun,2023,8,21,32.3312,25.0
53.0077807883911,18.6076215275837,Torun,2023,8,22,32.3291,25.1
53.0077807883911,18.6076215275837,Torun,2023,8,23,32.325,25.3
53.0077807883911,18.6076215275837,Torun,2023,8,24,32.3252,23.9
53.0077807883911,18.6076215275837,Torun,2023,8,25,32.3275,24.0
53.0077807883911,18.6076215275837,Torun,2023,8,26,32.3254,24.1
53.0077807883911,18.6076215275837,Torun,2023,8,27,32.3244,24.0
53.0077807883911,18.6076215275837,Torun,2023,8,28,32.3234,23.6
53.0077807883911,18.6076215275837,Torun,2023,8,29,32.3233,22.0
53.0077807883911,18.6076215275837,Torun,2023,8,30,32.3252,21.7
53.0077807883911,18.6076215275837,Torun,2023,8,31,32.3224,21.6
53.0077807883911,18.6076215275837,Torun,2023,9,1,32.3234,21.3
53.0077807883911,18.6076215275837,Torun,2023,9,2,32.3302,21.4
53.0077807883911,18.6076215275837,Torun,2023,9,3,32.3371,21.1
53.0077807883911,18.6076215275837,Torun,2023,9,4,32.3401,21.0
53.0077807883911,18.6076215275837,Torun,2023,9,5,32.3392,20.9
53.0077807883911,18.6076215275837,Torun,2023,9,6,32.34,21.2
53.0077807883911,18.6076215275837,Torun,2023,9,7,32.3461,21.4
53.0077807883911,18.6076215275837,Torun,2023,9,8,32.3453,21.8
53.0077807883911,18.6076215275837,Torun,2023,9,9,32.3435,21.9
53.0077807883911,18.6076215275837,Torun,2023,9,10,32.3391,21.9
53.0077807883911,18.6076215275837,Torun,2023,9,11,32.3342,22.3
53.0077807883911,18.6076215275837,Torun,2023,9,12,32.3293,22.4
53.0077807883911,18.6076215275837,Torun,2023,9,13,32.3288,22.5
53.0077807883911,18.6076215275837,Torun,2023,9,14,32.3247,22.4
53.0077807883911,18.6076215275837,Torun,2023,9,15,32.3209,20.6
53.0077807883911,18.6076215275837,Torun,2023,9,16,32.3213,20.5
53.0077807883911,18.6076215275837,Torun,2023,9,17,32.3208,20.1
53.0077807883911,18.6076215275837,Torun,2023,9,18,32.3174,21.3
53.0077807883911,18.6076215275837,Torun,2023,9,19,32.3146,21.2
53.0077807883911,18.6076215275837,Torun,2023,9,20,32.3135,21.1
53.0077807883911,18.6076215275837,Torun,2023,9,21,32.3168,20.0
53.0077807883911,18.6076215275837,Torun,2023,9,22,32.3185,19.9
53.0077807883911,18.6076215275837,Torun,2023,9,23,32.3152,19.7
53.0077807883911,18.6076215275837,Torun,2023,9,24,32.3226,19.7
53.0077807883911,18.6076215275837,Torun,2023,9,25,32.3243,19.0
53.0077807883911,18.6076215275837,Torun,2023,9,26,32.3186,18.9
53.0077807883911,18.6076215275837,Torun,2023,9,27,32.3167,18.7
53.0077807883911,18.6076215275837,Torun,2023,9,28,32.3172,18.8
53.0077807883911,18.6076215275837,Torun,2023,9,29,32.3189,20.1
53.0077807883911,18.6076215275837,Torun,2023,9,30,32.3195,19.6
53.0077807883911,18.6076215275837,Torun,2023,10,1,32.3231,18.1
53.0077807883911,18.6076215275837,Torun,2023,10,2,32.3266,18.2
53.0077807883911,18.6076215275837,Torun,2023,10,3,32.322,18.1
53.0077807883911,18.6076215275837,Torun,2023,10,4,32.3271,18.1
53.0077807883911,18.6076215275837,Torun,2023,10,5,32.3277,17.0
53.0077807883911,18.6076215275837,Torun,2023,10,6,32.3143,15.8
53.0077807883911,18.6076215275837,Torun,2023,10,7,32.3185,16.2
53.0077807883911,18.6076215275837,Torun,2023,10,8,32.3195,15.1
53.0077807883911,18.6076215275837,Torun,2023,10,9,32.3211,13.7
53.0077807883911,18.6076215275837,Torun,2023,10,10,32.3176,13.3
53.0077807883911,18.6076215275837,Torun,2023,10,11,32.3163,13.8
53.0077807883911,18.6076215275837,Torun,2023,10,12,32.3201,14.6
53.0077807883911,18.6076215275837,Torun,2023,10,13,32.3206,12.4
53.0077807883911,18.6076215275837,Torun,2023,10,14,32.3161,12.3
53.0077807883911,18.6076215275837,Torun,2023,10,15,32.3216,12.9
53.0077807883911,18.6076215275837,Torun,2023,10,16,32.3256,11.8
53.0077807883911,18.6076215275837,Torun,2023,10,17,32.3158,11.0
53.0077807883911,18.6076215275837,Torun,2023,10,18,32.3156,10.9
53.0077807883911,18.6076215275837,Torun,2023,10,19,32.32,10.6
53.0077807883911,18.6076215275837,Torun,2023,10,20,32.3244,10.5
53.0077807883911,18.6076215275837,Torun,2023,10,21,32.332,10.5
53.0077807883911,18.6076215275837,Torun,2023,10,22,32.3445,10.0
53.0077807883911,18.6076215275837,Torun,2023,10,23,32.3268,10.0
53.0077807883911,18.6076215275837,Torun,2023,10,24,32.3202,10.0
53.0077807883911,18.6076215275837,Torun,2023,10,25,32.322,10.4
53.0077807883911,18.6076215275837,Torun,2023,10,26,32.3262,10.4
53.0077807883911,18.6076215275837,Torun,2023,10,27,32.3261,10.3
53.0077807883911,18.6076215275837,Torun,2023,10,28,32.3297,9.8
53.0077807883911,18.6076215275837,Torun,2023,10,29,32.3323,9.7
53.0077807883911,18.6076215275837,Torun,2023,10,30,32.3421,9.7
53.0077807883911,18.6076215275837,Torun,2023,10,31,32.3432,11.4
53.0077807883911,18.6076215275837,Torun,2023,11,1,32.3422,10.9
53.0077807883911,18.6076215275837,Torun,2023,11,2,32.3522,10.6
53.0077807883911,18.6076215275837,Torun,2023,11,3,32.3746,11.0
53.0077807883911,18.6076215275837,Torun,2023,11,4,32.3806,10.8
53.0077807883911,18.6076215275837,Torun,2023,11,5,32.3697,10.4
53.0077807883911,18.6076215275837,Torun,2023,11,6,32.3551,10.5
53.0077807883911,18.6076215275837,Torun,2023,11,7,32.346,10.3
53.0077807883911,18.6076215275837,Torun,2023,11,8,32.3514,10.4
53.0077807883911,18.6076215275837,Torun,2023,11,9,32.3563,9.8
53.0077807883911,18.6076215275837,Torun,2023,11,10,32.3624,9.5
53.0077807883911,18.6076215275837,Torun,2023,11,11,32.3571,9.4
53.0077807883911,18.6076215275837,Torun,2023,11,12,32.3652,9.4
53.0077807883911,18.6076215275837,Torun,2023,11,13,32.361,9.5
53.0077807883911,18.6076215275837,Torun,2023,11,14,32.3476,8.4
53.0077807883911,18.6076215275837,Torun,2023,11,15,32.3462,9.0
53.0077807883911,18.6076215275837,Torun,2023,11,16,32.3454,7.8
53.0077807883911,18.6076215275837,Torun,2023,11,17,32.3448,7.8
53.0077807883911,18.6076215275837,Torun,2023,11,18,32.3435,7.5
53.0077807883911,18.6076215275837,Torun,2023,11,19,32.3658,7.0
53.0077807883911,18.6076215275837,Torun,2023,11,20,32.371,6.0
53.0077807883911,18.6076215275837,Torun,2023,11,21,32.362,6.0
53.0077807883911,18.6076215275837,Torun,2023,11,22,32.3669,4.9
53.0077807883911,18.6076215275837,Torun,2023,11,23,32.3726,4.5
53.0077807883911,18.6076215275837,Torun,2023,11,24,32.3896,4.8
53.0077807883911,18.6076215275837,Torun,2023,11,25,32.3916,4.6
53.0077807883911,18.6076215275837,Torun,2023,11,26,32.3926,4.6
53.0077807883911,18.6076215275837,Torun,2023,11,27,32.4206,3.6
53.0077807883911,18.6076215275837,Torun,2023,11,28,32.4316,3.0
53.0077807883911,18.6076215275837,Torun,2023,11,29,32.3906,2.5
53.0077807883911,18.6076215275837,Torun,2023,11,30,32.3826,2.0
53.0077807883911,18.6076215275837,Torun,2024,5,1,32.3816,14.6
53.0077807883911,18.6076215275837,Torun,2024,5,2,32.3836,15.6
53.0077807883911,18.6076215275837,Torun,2024,5,3,32.3846,15.0
53.0077807883911,18.6076215275837,Torun,2024,5,4,32.3826,15.5
53.0077807883911,18.6076215275837,Torun,2024,5,5,32.3796,16.5
53.0077807883911,18.6076215275837,Torun,2024,5,6,32.3689,16.0
53.0077807883911,18.6076215275837,Torun,2024,5,7,32.3625,16.0
53.0077807883911,18.6076215275837,Torun,2024,5,8,32.3694,17.0
53.0077807883911,18.6076215275837,Torun,2024,5,9,32.3645,17.3
53.0077807883911,18.6076215275837,Torun,2024,5,10,32.3624,17.0
53.0077807883911,18.6076215275837,Torun,2024,5,11,32.3598,17.2
53.0077807883911,18.6076215275837,Torun,2024,5,12,32.3577,17.0
53.0077807883911,18.6076215275837,Torun,2024,5,13,32.3559,17.5
53.0077807883911,18.6076215275837,Torun,2024,5,14,32.3536,18.0
53.0077807883911,18.6076215275837,Torun,2024,5,15,32.354,18.2
53.0077807883911,18.6076215275837,Torun,2024,5,16,32.354,17.8
53.0077807883911,18.6076215275837,Torun,2024,5,17,32.352,17.0
53.0077807883911,18.6076215275837,Torun,2024,5,18,32.3507,17.0
53.0077807883911,18.6076215275837,Torun,2024,5,19,32.3495,17.2
53.0077807883911,18.6076215275837,Torun,2024,5,20,32.3494,17.0
53.0077807883911,18.6076215275837,Torun,2024,5,21,32.3339,17.4
53.0077807883911,18.6076215275837,Torun,2024,5,22,32.3397,18.0
53.0077807883911,18.6076215275837,Torun,2024,5,23,32.3407,19.0
53.0077807883911,18.6076215275837,Torun,2024,5,24,32.3366,19.8
53.0077807883911,18.6076215275837,Torun,2024,5,25,32.3328,20.2
53.0077807883911,18.6076215275837,Torun,2024,5,26,32.3323,20.5
53.0077807883911,18.6076215275837,Torun,2024,5,27,32.3387,20.4
53.0077807883911,18.6076215275837,Torun,2024,5,28,32.3408,21.6
53.0077807883911,18.6076215275837,Torun,2024,5,29,32.3398,22.0
53.0077807883911,18.6076215275837,Torun,2024,5,30,32.3348,22.0
53.0077807883911,18.6076215275837,Torun,2024,5,31,32.3367,21.6
53.0077807883911,18.6076215275837,Torun,2024,6,1,32.3369,22.5
53.0077807883911,18.6076215275837,Torun,2024,6,2,32.335,22.2
53.0077807883911,18.6076215275837,Torun,2024,6,3,32.3336,22.0
53.0077807883911,18.6076215275837,Torun,2024,6,4,32.33,22.2
53.0077807883911,18.6076215275837,Torun,2024,6,5,32.3327,22.2
53.0077807883911,18.6076215275837,Torun,2024,6,6,32.3337,22.1
53.0077807883911,18.6076215275837,Torun,2024,6,7,32.3337,21.8
53.0077807883911,18.6076215275837,Torun,2024,6,8,32.333,21.6
53.0077807883911,18.6076215275837,Torun,2024,6,9,32.3312,21.6
53.0077807883911,18.6076215275837,Torun,2024,6,10,32.3413,21.2
53.0077807883911,18.6076215275837,Torun,2024,6,11,32.3668,21.8
53.0077807883911,18.6076215275837,Torun,2024,6,12,32.3647,21.2
53.0077807883911,18.6076215275837,Torun,2024,6,13,32.356,21.0
53.0077807883911,18.6076215275837,Torun,2024,6,14,32.3459,20.6
53.0077807883911,18.6076215275837,Torun,2024,6,15,32.3445,21.0
53.0077807883911,18.6076215275837,Torun,2024,6,16,32.3452,20.8
53.0077807883911,18.6076215275837,Torun,2024,6,17,32.3531,20.7
53.0077807883911,18.6076215275837,Torun,2024,6,18,32.3496,21.5
53.0077807883911,18.6076215275837,Torun,2024,6,19,32.3436,22.2
53.0077807883911,18.6076215275837,Torun,2024,6,20,32.3399,21.0
53.0077807883911,18.6076215275837,Torun,2024,6,21,32.3416,22.0
53.0077807883911,18.6076215275837,Torun,2024,6,22,32.3401,21.6
53.0077807883911,18.6076215275837,Torun,2024,6,23,32.3393,21.8
53.0077807883911,18.6076215275837,Torun,2024,6,24,32.3353,21.4
53.0077807883911,18.6076215275837,Torun,2024,6,25,32.3275,21.5
53.0077807883911,18.6076215275837,Torun,2024,6,26,32.3292,22.2
53.0077807883911,18.6076215275837,Torun,2024,6,27,32.3302,22.6
53.0077807883911,18.6076215275837,Torun,2024,6,28,32.33,23.2
53.0077807883911,18.6076215275837,Torun,2024,6,29,32.3292,23.5
53.0077807883911,18.6076215275837,Torun,2024,6,30,32.3261,23.6
53.0077807883911,18.6076215275837,Torun,2024,7,1,32.326,23.8
53.0077807883911,18.6076215275837,Torun,2024,7,2,32.3231,23.0
53.0077807883911,18.6076215275837,Torun,2024,7,3,32.3224,22.8
53.0077807883911,18.6076215275837,Torun,2024,7,4,32.3219,22.0
53.0077807883911,18.6076215275837,Torun,2024,7,5,32.3215,21.8
53.0077807883911,18.6076215275837,Torun,2024,7,6,32.3207,21.8
53.0077807883911,18.6076215275837,Torun,2024,7,7,32.3205,22.4
53.0077807883911,18.6076215275837,Torun,2024,7,8,32.3206,22.6
53.0077807883911,18.6076215275837,Torun,2024,7,9,32.323,23.3
53.0077807883911,18.6076215275837,Torun,2024,7,10,32.3322,24.2
53.0077807883911,18.6076215275837,Torun,2024,7,11,32.3299,24.7
53.0077807883911,18.6076215275837,Torun,2024,7,12,32.3244,24.5
53.0077807883911,18.6076215275837,Torun,2024,7,13,32.3315,23.0
53.0077807883911,18.6076215275837,Torun,2024,7,14,32.3296,22.8
53.0077807883911,18.6076215275837,Torun,2024,7,15,32.325,22.6
53.0077807883911,18.6076215275837,Torun,2024,7,16,32.3272,24.4
53.0077807883911,18.6076215275837,Torun,2024,7,17,32.3252,25.0
53.0077807883911,18.6076215275837,Torun,2024,7,18,32.3234,24.7
53.0077807883911,18.6076215275837,Torun,2024,7,19,32.3309,24.6
53.0077807883911,18.6076215275837,Torun,2024,7,20,32.3292,24.8
53.0077807883911,18.6076215275837,Torun,2024,7,21,32.3291,25.0
53.0077807883911,18.6076215275837,Torun,2024,7,22,32.3289,25.4
53.0077807883911,18.6076215275837,Torun,2024,7,23,32.3277,25.0
53.0077807883911,18.6076215275837,Torun,2024,7,24,32.3249,24.8
53.0077807883911,18.6076215275837,Torun,2024,7,25,32.323,24.0
53.0077807883911,18.6076215275837,Torun,2024,7,26,32.3262,24.0
53.0077807883911,18.6076215275837,Torun,2024,7,27,32.3266,23.8
53.0077807883911,18.6076215275837,Torun,2024,7,28,32.323,23.2
53.0077807883911,18.6076215275837,Torun,2024,7,29,32.3223,22.6
53.0077807883911,18.6076215275837,Torun,2024,7,30,32.3199,22.0
53.0077807883911,18.6076215275837,Torun,2024,7,31,32.3172,23.0
53.0077807883911,18.6076215275837,Torun,2024,8,1,32.3168,23.0
53.0077807883911,18.6076215275837,Torun,2024,8,2,32.3169,22.8
53.0077807883911,18.6076215275837,Torun,2024,8,3,32.3174,22.8
53.0077807883911,18.6076215275837,Torun,2024,8,4,32.3167,23.0
53.0077807883911,18.6076215275837,Torun,2024,8,5,32.3152,22.4
53.0077807883911,18.6076215275837,Torun,2024,8,6,32.315,21.7
53.0077807883911,18.6076215275837,Torun,2024,8,7,32.315,22.5
53.0077807883911,18.6076215275837,Torun,2024,8,8,32.3156,22.8
53.0077807883911,18.6076215275837,Torun,2024,8,9,32.3169,22.5
53.0077807883911,18.6076215275837,Torun,2024,8,10,32.3183,22.2
53.0077807883911,18.6076215275837,Torun,2024,8,11,32.3177,22.4
53.0077807883911,18.6076215275837,Torun,2024,8,12,32.3179,22.0
53.0077807883911,18.6076215275837,Torun,2024,8,13,32.3178,21.8
53.0077807883911,18.6076215275837,Torun,2024,8,14,32.318,22.0
53.0077807883911,18.6076215275837,Torun,2024,8,15,32.3209,22.4
53.0077807883911,18.6076215275837,Torun,2024,8,16,32.3244,23.0
53.0077807883911,18.6076215275837,Torun,2024,8,17,32.323,23.4
53.0077807883911,18.6076215275837,Torun,2024,8,18,32.3212,23.6
53.0077807883911,18.6076215275837,Torun,2024,8,19,32.3177,23.0
53.0077807883911,18.6076215275837,Torun,2024,8,20,32.3178,22.6
53.0077807883911,18.6076215275837,Torun,2024,8,21,32.3207,23.2
53.0077807883911,18.6076215275837,Torun,2024,8,22,32.3245,21.8
53.0077807883911,18.6076215275837,Torun,2024,8,23,32.3221,21.6
53.0077807883911,18.6076215275837,Torun,2024,8,24,32.3207,22.0
53.0077807883911,18.6076215275837,Torun,2024,8,25,32.3165,22.8
53.0077807883911,18.6076215275837,Torun,2024,8,26,32.3152,22.4
53.0077807883911,18.6076215275837,Torun,2024,8,27,32.3163,22.0
53.0077807883911,18.6076215275837,Torun,2024,8,28,32.3177,21.6
53.0077807883911,18.6076215275837,Torun,2024,8,29,32.3172,22.8
53.0077807883911,18.6076215275837,Torun,2024,8,30,32.3163,23.5
53.0077807883911,18.6076215275837,Torun,2024,8,31,32.3165,23.2
53.0077807883911,18.6076215275837,Torun,2024,9,1,32.3155,23.0
53.0077807883911,18.6076215275837,Torun,2024,9,2,32.3136,22.5
53.0077807883911,18.6076215275837,Torun,2024,9,3,32.3111,22.0
53.0077807883911,18.6076215275837,Torun,2024,9,4,32.3103,22.8
53.0077807883911,18.6076215275837,Torun,2024,9,5,32.3104,22.6
53.0077807883911,18.6076215275837,Torun,2024,9,6,32.3115,21.8
53.0077807883911,18.6076215275837,Torun,2024,9,7,32.3114,21.5
53.0077807883911,18.6076215275837,Torun,2024,9,8,32.3103,21.5
53.0077807883911,18.6076215275837,Torun,2024,9,9,32.3088,21.0
53.0077807883911,18.6076215275837,Torun,2024,9,10,32.3083,20.5
53.0077807883911,18.6076215275837,Torun,2024,9,11,32.3075,20.3
53.0077807883911,18.6076215275837,Torun,2024,9,12,32.3078,20.0
53.0077807883911,18.6076215275837,Torun,2024,9,13,32.3087,19.4
53.0077807883911,18.6076215275837,Torun,2024,9,14,32.3086,17.2
53.0077807883911,18.6076215275837,Torun,2024,9,15,32.3091,16.6
53.0077807883911,18.6076215275837,Torun,2024,9,16,32.3109,16.6
53.0077807883911,18.6076215275837,Torun,2024,9,17,32.3127,18.0
53.0077807883911,18.6076215275837,Torun,2024,9,18,32.3139,18.4
53.0077807883911,18.6076215275837,Torun,2024,9,19,32.3134,18.8
53.0077807883911,18.6076215275837,Torun,2024,9,20,32.3196,18.6
53.0077807883911,18.6076215275837,Torun,2024,9,21,32.3498,18.5
53.0077807883911,18.6076215275837,Torun,2024,9,22,32.3654,18.2
53.0077807883911,18.6076215275837,Torun,2024,9,23,32.3621,18.0
53.0077807883911,18.6076215275837,Torun,2024,9,24,32.3542,18.2
53.0077807883911,18.6076215275837,Torun,2024,9,25,32.3445,18.4
53.0077807883911,18.6076215275837,Torun,2024,9,26,32.3372,18.0
53.0077807883911,18.6076215275837,Torun,2024,9,27,32.3304,18.0
53.0077807883911,18.6076215275837,Torun,2024,9,28,32.3232,17.8
53.0077807883911,18.6076215275837,Torun,2024,9,29,32.3231,17.5
53.0077807883911,18.6076215275837,Torun,2024,9,30,32.3244,16.8
53.0077807883911,18.6076215275837,Torun,2024,10,1,32.3197,15.5
53.0077807883911,18.6076215275837,Torun,2024,10,2,32.3251,14.8
53.0077807883911,18.6076215275837,Torun,2024,10,3,32.3212,14.3
53.0077807883911,18.6076215275837,Torun,2024,10,4,32.3232,14.2
53.0077807883911,18.6076215275837,Torun,2024,10,5,32.3141,14.2
53.0077807883911,18.6076215275837,Torun,2024,10,6,32.3198,14.0
53.0077807883911,18.6076215275837,Torun,2024,10,7,32.3241,14.4
53.0077807883911,18.6076215275837,Torun,2024,10,8,32.3182,14.2
53.0077807883911,18.6076215275837,Torun,2024,10,9,32.3157,14.4
53.0077807883911,18.6076215275837,Torun,2024,10,10,32.3143,14.0
53.0077807883911,18.6076215275837,Torun,2024,10,11,32.3187,13.6
53.0077807883911,18.6076215275837,Torun,2024,10,12,32.3189,13.4
53.0077807883911,18.6076215275837,Torun,2024,10,13,32.3248,13.2
53.0077807883911,18.6076215275837,Torun,2024,10,14,32.3406,13.0
53.0077807883911,18.6076215275837,Torun,2024,10,15,32.3277,12.0
53.0077807883911,18.6076215275837,Torun,2024,10,16,32.3235,11.0
53.0077807883911,18.6076215275837,Torun,2024,10,17,32.3206,10.5
53.0077807883911,18.6076215275837,Torun,2024,10,18,32.329,10.3
53.0077807883911,18.6076215275837,Torun,2024,10,19,32.3188,10.3
53.0077807883911,18.6076215275837,Torun,2024,10,20,32.3211,10.0
53.0077807883911,18.6076215275837,Torun,2024,10,21,32.3212,10.0
53.0077807883911,18.6076215275837,Torun,2024,10,22,32.3334,10.0
53.0077807883911,18.6076215275837,Torun,2024,10,23,32.3303,10.8
53.0077807883911,18.6076215275837,Torun,2024,10,24,32.3261,9.8
53.0077807883911,18.6076215275837,Torun,2024,10,25,32.3237,9.8
53.0077807883911,18.6076215275837,Torun,2024,10,26,32.3211,10.2
53.0077807883911,18.6076215275837,Torun,2024,10,27,32.3251,10.0
53.0077807883911,18.6076215275837,Torun,2024,10,28,32.322,9.8
53.0077807883911,18.6076215275837,Torun,2024,10,29,32.3209,10.0
53.0077807883911,18.6076215275837,Torun,2024,10,30,32.3192,10.0
53.0077807883911,18.6076215275837,Torun,2024,10,31,32.3245,10.5
